# Blender 5.2.2 LTS
# www.blender.org
mtllib right_JS.mtl
o right_oculus_controller_mesh
v 0.039125 -1.392552 -0.317044
v 0.270603 -1.448868 -0.304281
v 0.519368 -1.414514 -0.301282
v 0.719748 -1.241520 -0.325244
v 0.800322 -0.986581 -0.374680
v 0.752532 -0.781002 -0.415435
v 0.630181 -0.608142 -0.444970
v 0.463805 -0.507332 -0.459104
v 0.282295 -0.480075 -0.462097
v 0.071461 -0.534853 -0.450161
v -0.097123 -0.673787 -0.425585
v -0.184029 -0.874548 -0.392256
v -0.163182 -1.148126 -0.352733
v 0.179652 -1.168575 -0.385514
v 0.286468 -1.190643 -0.380305
v 0.398451 -1.179789 -0.380237
v 0.490514 -1.102650 -0.392155
v 0.526929 -0.985975 -0.412711
v 0.504742 -0.892059 -0.430149
v 0.450194 -0.812703 -0.444478
v 0.367348 -0.771560 -0.451091
v 0.291053 -0.754734 -0.453074
v 0.196022 -0.779236 -0.448497
v 0.118287 -0.841505 -0.438296
v 0.077290 -0.933032 -0.423467
v 0.087443 -1.057769 -0.403508
v 0.302602 -0.974266 -0.426315
v 0.269286 -1.421101 -0.116855
v 0.521401 -1.388501 -0.115089
v 0.721296 -1.216358 -0.140099
v 0.804370 -0.958686 -0.189772
v 0.756023 -0.752108 -0.229711
v 0.630394 -0.578789 -0.259908
v 0.462348 -0.478345 -0.273614
v 0.279695 -0.452370 -0.275865
v 0.066314 -0.510799 -0.263926
v -0.099363 -0.654082 -0.239964
v -0.181703 -0.855849 -0.207074
v -0.157726 -1.126507 -0.166581
v 0.044765 -1.366736 -0.129117
v 1.023962 -0.083232 -0.528614
v 1.208245 -0.173988 -0.515006
v 1.434347 -0.177672 -0.506273
v 1.661205 -0.064154 -0.519374
v 1.808744 0.165130 -0.559973
v 1.821509 0.391754 -0.604048
v 1.765813 0.543672 -0.633780
v 1.617472 0.712368 -0.659749
v 1.406220 0.790546 -0.671976
v 1.200579 0.779835 -0.666337
v 1.009132 0.683574 -0.646964
v 0.875988 0.511747 -0.618793
v 0.836872 0.310701 -0.587563
v 0.868706 0.110462 -0.559697
v 1.195868 0.114298 -0.596637
v 1.274176 0.081608 -0.590863
v 1.376104 0.078998 -0.588448
v 1.479733 0.129529 -0.595584
v 1.545627 0.233069 -0.613096
v 1.552059 0.336642 -0.631790
v 1.527231 0.405963 -0.644780
v 1.457284 0.478609 -0.657554
v 1.363306 0.518939 -0.663846
v 1.269806 0.513636 -0.662104
v 1.182778 0.471502 -0.654430
v 1.121075 0.393572 -0.642377
v 1.105918 0.301089 -0.627242
v 1.116884 0.214638 -0.613424
v 1.331729 0.301998 -0.636849
v 1.205732 -0.145671 -0.328809
v 1.436110 -0.150672 -0.320724
v 1.662272 -0.039439 -0.335930
v 1.813785 0.193921 -0.376407
v 1.825453 0.420292 -0.419982
v 1.768666 0.573463 -0.450543
v 1.617102 0.741561 -0.476330
v 1.404225 0.819236 -0.487957
v 1.197503 0.806271 -0.480985
v 1.006047 0.704514 -0.462029
v 0.875882 0.529988 -0.435212
v 0.840569 0.330007 -0.403829
v 0.874416 0.131911 -0.375188
v 1.022104 -0.070874 -0.348754
v -1.340432 -1.526196 0.051447
v -1.117584 -1.485670 0.041760
v -0.924469 -1.305477 0.007779
v -0.879443 -1.084609 -0.023219
v -0.932500 -0.854049 -0.056452
v -1.090174 -0.707178 -0.075062
v -1.301158 -0.643898 -0.080116
v -1.528491 -0.687610 -0.068896
v -1.693059 -0.842693 -0.042400
v -1.767116 -1.030203 -0.012945
v -1.721501 -1.266755 0.021336
v -1.569817 -1.452430 0.045824
v -1.573693 -1.467319 -0.043596
v -1.726825 -1.280226 -0.068177
v -1.773362 -1.040827 -0.102674
v -1.698969 -0.851402 -0.132615
v -1.534155 -0.696591 -0.159482
v -1.304457 -0.652309 -0.170984
v -1.091773 -0.715403 -0.165530
v -0.936221 -0.861145 -0.147456
v -0.882882 -1.091369 -0.113804
v -0.927922 -1.312217 -0.082152
v -1.119111 -1.493976 -0.048194
v -1.341964 -1.535533 -0.038574
v -1.336120 -1.340401 -0.159178
v -1.224336 -1.312835 -0.165080
v -1.115828 -1.219555 -0.181740
v -1.093422 -1.101657 -0.199755
v -1.123635 -0.980189 -0.217174
v -1.205142 -0.905439 -0.226677
v -1.317526 -0.872691 -0.229215
v -1.438889 -0.896474 -0.223112
v -1.525103 -0.977334 -0.209331
v -1.564820 -1.077304 -0.193631
v -1.540562 -1.204571 -0.175143
v -1.459485 -1.304115 -0.162038
v -1.327978 -1.104567 -0.185531
v -1.343191 -1.542342 -0.145109
v -1.122529 -1.500715 -0.155107
v -0.935615 -1.318596 -0.187262
v -0.893852 -1.100425 -0.220108
v -0.950068 -0.875775 -0.252762
v -1.100788 -0.737246 -0.270002
v -1.308791 -0.676847 -0.274980
v -1.533374 -0.720845 -0.263750
v -1.693099 -0.870260 -0.237929
v -1.766735 -1.055297 -0.208630
v -1.721682 -1.290947 -0.174585
v -1.571575 -1.475177 -0.150302
v -0.482996 -6.805568 6.732961
v -0.830359 -6.573359 6.982251
v -1.118581 -7.194489 6.367064
v -1.354587 -6.980040 6.559845
v -1.142879 -6.783918 6.808591
v -0.802813 -7.051209 6.548036
v -2.481612 -1.447964 0.028128
v -2.226902 -1.894183 0.074605
v -1.825475 -2.391428 0.124562
v -1.336977 -2.819750 0.166426
v -0.875085 -3.100946 0.209515
v -0.334777 -3.290905 0.313937
v 0.113663 -3.369480 0.460120
v 0.781668 -3.333941 0.644994
v 1.394609 -3.195540 0.780285
v 1.947147 -2.961005 0.851436
v 2.393985 -2.694713 0.882881
v 2.925240 -2.252376 0.868439
v 3.355928 -1.745076 0.797619
v 3.612798 -1.322825 0.704265
v 0.814810 -3.136298 0.480887
v 1.378322 -3.012648 0.590733
v 1.895465 -2.806473 0.655104
v 2.311125 -2.566252 0.677554
v 2.797182 -2.172916 0.659600
v 0.199532 -3.157438 0.318408
v -0.241248 -3.085789 0.195149
v -0.742507 -2.905678 0.092434
v -1.197489 -2.641963 0.043475
v -1.659146 -2.244673 -0.006243
v -2.016658 -1.794512 -0.065875
v -2.254572 -1.366166 -0.124729
v 3.214931 -1.694511 0.589002
v 3.461265 -1.294334 0.500953
v 3.615405 -1.321494 0.747032
v 3.358294 -1.743051 0.836589
v 2.928615 -2.253486 0.907974
v 2.395417 -2.696151 0.929012
v 1.948102 -2.966201 0.899930
v 1.386552 -3.197958 0.830501
v 0.777738 -3.350273 0.688679
v 0.099077 -3.399425 0.498653
v -0.347942 -3.334407 0.346963
v -0.896552 -3.134755 0.235479
v -1.358611 -2.854269 0.197088
v -1.847187 -2.425093 0.161652
v -2.254280 -1.912836 0.119081
v -2.490373 -1.489338 0.077366
v -1.996561 -1.776456 0.133132
v -2.176944 -1.471291 0.092633
v -1.181245 -2.612642 0.234432
v -1.636537 -2.223031 0.189533
v 0.180850 -3.084616 0.493881
v -0.252506 -3.024725 0.373728
v -0.740200 -2.858519 0.275943
v 2.257066 -2.483998 0.848027
v 0.779948 -3.054989 0.649929
v 1.327560 -2.932320 0.758852
v 1.843791 -2.724808 0.825305
v 2.729074 -2.101181 0.834915
v 3.114755 -1.666853 0.771317
v 3.353230 -1.309729 0.688941
v 0.766431 -3.259232 0.932973
v 0.939178 -2.925629 1.372893
v 1.162501 -2.487742 1.746485
v 0.575118 -3.107838 1.542980
v 0.369260 -3.467433 1.714002
v 0.377294 -3.384332 0.789279
v 0.229955 -3.452802 1.030699
v 0.126346 -3.665232 1.259486
v -0.046234 -3.549070 0.753577
v 0.716705 -2.857908 1.831074
v 0.860537 -2.555466 1.995098
v 1.364411 -1.990976 1.988523
v 1.019544 -1.998397 2.253589
v 1.604432 -1.059372 2.249636
v 0.966200 -1.151055 2.570959
v 1.347895 -3.089804 1.005686
v 1.443923 -2.803573 1.292978
v 1.628270 -2.437876 1.574592
v 1.815969 -2.009579 1.787403
v 2.160101 -1.084770 2.019896
v 1.889362 -2.856835 1.065696
v 3.466715 -1.285222 0.947789
v 3.223193 -1.691268 1.022628
v 2.809915 -2.178432 1.088051
v 2.334894 -2.581785 1.094536
v 2.642528 -1.138290 1.739043
v 3.105004 -1.210756 1.353969
v 1.971017 -1.572013 1.931311
v 1.467371 -1.552012 2.145883
v 1.044258 -1.594009 2.413107
v 2.489029 -1.609814 1.660266
v 2.904592 -1.647349 1.348309
v 1.897520 -2.639069 1.283524
v 2.003517 -2.397781 1.442840
v 2.240242 -2.036031 1.577409
v 2.215497 -2.439459 1.298085
v 2.578551 -2.084948 1.339833
v -0.413020 -3.542378 0.547306
v -0.150077 -3.811344 1.037454
v -0.501064 -3.891396 0.862581
v 3.302076 -1.249205 0.896100
v 2.946676 -1.178122 1.252170
v 2.529229 -1.113895 1.596381
v 2.069005 -1.047048 1.858161
v 1.519941 -1.036883 2.073874
v 0.890740 -1.112507 2.378763
v 0.281383 -3.774612 1.890769
v 0.299870 -3.988552 2.221550
v 0.379902 -4.038370 2.574549
v 0.471257 -3.908869 2.946241
v 0.044927 -4.031610 1.621294
v -0.208133 -4.237186 1.449463
v -0.551973 -4.400790 1.314986
v 0.057137 -4.384797 2.040508
v 0.187358 -4.645129 2.642162
v 0.427000 -4.293647 3.178545
v 0.617025 -3.430547 3.299061
v 0.580692 -3.755576 3.547971
v 0.679309 -2.748332 3.620282
v 0.622630 -2.224068 3.840749
v 0.655988 -3.076387 3.908905
v 0.598119 -2.566220 4.187156
v -0.128681 -5.129989 2.513875
v -0.197102 -4.643586 1.880971
v -0.541854 -4.822808 1.714137
v -0.514605 -5.383494 2.282056
v 0.586444 -3.826679 4.616929
v 0.526291 -3.365524 4.949227
v 0.496819 -4.625885 5.218775
v 0.421444 -4.226756 5.669988
v 0.385789 -5.332050 5.773714
v 0.304501 -4.973177 6.207183
v 0.117783 -6.211885 6.425060
v 0.041915 -6.011508 6.745727
v -0.068250 -6.615908 6.476580
v -0.237868 -6.550521 6.824986
v -0.278075 -6.973210 6.369550
v -0.668449 -7.018426 6.691608
v 0.360500 -4.939411 3.750003
v 0.138701 -5.341741 3.351578
v 0.516039 -4.430217 4.159054
v -0.987989 -3.343380 0.416229
v -2.435433 -1.678236 0.278734
v -2.368757 -1.938943 0.549926
v -1.027453 -3.813349 0.784701
v -1.953714 -3.254974 1.084662
v -2.267545 -2.854776 1.427284
v -1.933543 -2.835635 0.671488
v -2.306522 -2.383706 0.981234
v -1.420117 -3.078661 0.406346
v -1.485725 -3.610015 0.861155
v -1.907769 -2.618647 0.421417
v -1.054551 -4.359152 1.229923
v -1.521321 -4.189118 1.325696
v -1.940535 -3.843278 1.603483
v -2.288279 -3.456427 1.940917
v -1.057357 -4.855808 1.645094
v -1.535716 -4.730539 1.748210
v -1.970563 -4.386367 2.034726
v -2.330556 -3.999413 2.394605
v -1.053094 -5.464491 2.186140
v -1.592926 -5.332417 2.281103
v -2.002453 -5.008451 2.560890
v -2.369293 -4.629446 2.928379
v -0.139001 -5.695500 3.089414
v -0.536103 -5.960510 2.864453
v -1.057449 -6.067221 2.774286
v -1.616854 -5.954865 2.870702
v -2.089494 -5.681132 3.152105
v -2.378145 -5.326258 3.543105
v 0.094829 -5.956301 4.024951
v -0.177006 -6.283840 3.732394
v -0.293269 -7.201180 5.684332
v -0.569923 -7.418094 5.432046
v -0.546116 -7.262197 6.170541
v -0.827168 -7.434335 5.954072
v -0.856308 -7.144115 6.582728
v -1.091407 -7.244451 6.414955
v 0.299913 -5.559683 4.377586
v -0.068459 -6.884816 5.924428
v -2.364554 -5.810940 3.984869
v -2.055628 -6.357780 3.828290
v -1.655701 -7.241284 5.856114
v -1.460737 -7.432599 5.485570
v -1.408810 -7.288984 6.130301
v -1.154201 -7.491525 5.722025
v -0.564166 -6.541036 3.503483
v -1.061501 -6.660664 3.422819
v -1.601600 -6.591298 3.536869
v 0.216117 -6.143320 4.960610
v 0.010363 -6.541218 4.640737
v -0.245934 -6.821115 4.356973
v 0.441777 -5.094028 4.773564
v 0.348678 -5.714112 5.338401
v 0.082824 -6.500857 6.161136
v -2.198295 -6.673280 4.887268
v -1.909246 -6.954244 4.511538
v -0.612558 -7.047824 4.150891
v -1.051674 -7.158784 4.107308
v -1.523358 -7.110521 4.213222
v -0.945967 -7.521228 5.132272
v -1.290184 -7.494709 5.143331
v 0.924304 -1.160230 2.589103
v 0.999418 -1.598727 2.427322
v 0.981443 -2.006055 2.262424
v 0.822510 -2.561544 2.006732
v 0.700215 -2.822003 1.870205
v 0.353825 -3.449262 1.751675
v 0.272768 -3.753168 1.918287
v 0.286811 -3.959940 2.238068
v 0.364540 -4.004202 2.574591
v 0.452274 -3.873807 2.929116
v 0.597482 -3.408206 3.263614
v 0.659813 -2.732240 3.582083
v 0.609367 -2.206039 3.812562
v 0.104275 -3.964342 2.224072
v 0.186202 -4.000445 2.566318
v 0.285322 -3.859257 2.926098
v 0.423712 -3.408320 3.235269
v 0.490865 -2.747612 3.538970
v 0.479779 -2.224721 3.767591
v 0.073483 -3.725997 1.850227
v 0.172553 -3.403735 1.694393
v 3.462901 -1.293863 0.665145
v 0.818570 -1.138985 2.449653
v 0.858461 -1.592821 2.326525
v 0.826084 -1.997429 2.188683
v 0.563650 -2.741230 1.842920
v 0.690396 -2.482148 1.966129
v 0.477590 -2.260686 3.805412
v 0.478041 -2.238495 3.781625
v 0.447611 -2.616523 4.164110
v 0.358552 -3.437439 4.940849
v 0.256729 -4.265415 5.629562
v 0.150217 -5.008770 6.165719
v -0.112194 -5.999960 6.664252
v -0.340483 -6.482281 6.725116
v -0.722443 -6.922596 6.575619
v -0.873364 -7.022573 6.476141
v -1.067068 -7.111000 6.329077
v -1.356228 -7.155077 6.055645
v -1.578710 -7.117342 5.797283
v -2.063079 -6.602732 4.893222
v -2.217140 -5.773462 4.022416
v -2.229474 -5.274464 3.568404
v -2.223218 -4.568285 2.943676
v -2.184294 -3.934959 2.405908
v -2.135528 -3.375973 1.939072
v -2.118310 -2.830162 1.471384
v -2.156832 -2.343816 1.009022
v -2.221817 -1.891100 0.568102
v -2.283350 -1.632710 0.301539
v -2.329037 -1.479941 0.138746
v -2.235469 -1.379585 -0.020853
v -2.342273 -1.416767 0.056516
v 3.407351 -1.289681 0.605304
v -1.768743 -7.009295 5.518097
v -1.882311 -7.110342 5.539626
v -1.707460 -7.280777 5.108503
v -1.408083 -7.389723 4.782008
v -1.025098 -7.420770 4.664192
v -0.711621 -7.361422 4.709636
v -0.363827 -7.190401 4.907601
v -0.115593 -6.951072 5.183305
v 0.096297 -6.591671 5.470296
v 0.224836 -6.203478 5.801814
v 0.262970 -5.838187 6.176365
v 0.186936 -5.557174 6.558096
v 0.040948 -5.559552 6.495589
v 1.240082 -1.081624 2.395756
v 1.171286 -1.057967 2.234513
v 0.412697 -2.999210 1.769599
v 0.516227 -3.146137 1.753553
v 0.528999 -3.173884 1.719052
v -2.263589 -1.385936 -0.009945
v -2.301377 -1.386670 -0.119809
v -2.057877 -1.817864 -0.061542
v -1.695064 -2.275713 -0.000874
v -1.230694 -2.686402 0.053854
v -0.774874 -2.957054 0.106275
v -0.259646 -3.136614 0.210142
v 0.180114 -3.207458 0.334138
v 0.811328 -3.186591 0.501758
v 1.387971 -3.058511 0.612321
v 1.912045 -2.851396 0.680109
v 2.336152 -2.603328 0.699574
v 2.831682 -2.202587 0.681150
v 3.260440 -1.709251 0.610672
v 3.502157 -1.312831 0.519723
v -2.313215 -6.263851 4.427906
v -2.167566 -6.203128 4.445963
v -1.943585 -6.820221 5.190101
v -2.078453 -6.897614 5.184859
v 0.022042 -6.389968 6.518126
v -0.080404 -6.280692 6.803513
v -0.213816 -6.251879 6.718040
v -0.444706 -6.809863 6.783687
v -0.525694 -6.729320 6.672698
v 3.627067 -1.292156 0.745829
v 3.476906 -1.256839 0.946623
v 3.349505 -1.226171 1.103241
v 3.407911 -1.102869 1.082406
v 3.636401 -0.913870 0.864361
v 3.467146 -0.881235 1.082036
v 3.767595 -0.968832 0.670511
v 3.150084 -1.188705 1.319238
v 3.203414 -1.058901 1.310810
v 2.932096 -1.150867 1.523320
v 2.985317 -1.026213 1.519003
v 2.704130 -1.116783 1.704515
v 2.758621 -0.987321 1.706941
v 2.489611 -1.088917 1.848658
v 2.522815 -0.959880 1.870309
v 2.190782 -1.058230 2.014058
v 2.217469 -0.889209 2.056344
v 2.618342 -0.734959 1.886861
v 2.281561 -0.608387 2.131612
v 2.637713 -0.890648 1.820714
v 2.657365 -0.503566 1.944057
v 2.411920 -0.282262 2.202668
v 2.875860 -0.503601 1.773685
v 2.712619 -0.571389 1.879298
v 3.555345 -0.605887 1.039238
v 3.784041 -0.438807 0.747966
v 3.916255 -0.502724 0.531083
v 3.575570 -0.239357 1.054992
v 3.351874 -0.576509 1.287874
v 3.393479 -0.104019 1.310285
v 3.082710 -0.534289 1.577597
v 2.932397 -0.235727 1.805090
v 1.620527 -1.030307 2.251459
v 1.657722 -0.880639 2.288877
v 1.749490 -0.552855 2.387509
v 3.452013 -0.655083 1.155440
v 3.997457 -0.035578 0.366003
v 3.998967 0.377985 0.207184
v 3.964770 0.758619 0.052602
v 3.881721 1.141371 -0.134292
v 3.866313 0.026137 0.610445
v 3.688222 0.146786 0.888791
v 3.886724 0.445749 0.462806
v 3.864507 0.829033 0.290020
v 3.789945 1.209753 0.096130
v 3.349982 -1.042700 1.165768
v 3.730971 0.533902 0.720853
v 3.730236 0.909177 0.526454
v 1.230278 -1.053196 2.405667
v 1.253066 -0.875979 2.437724
v 3.513696 0.271264 1.130701
v 3.218868 -0.553911 1.436380
v 3.188696 -0.193670 1.545614
v 3.755462 1.450556 -0.278686
v 3.598642 1.746419 -0.408193
v 3.385862 2.053282 -0.506976
v 3.157217 2.329843 -0.578093
v 2.861496 2.590861 -0.617881
v 2.490504 2.866452 -0.651308
v 2.024915 3.106059 -0.677832
v 1.575760 3.261267 -0.689417
v 3.518914 1.846057 -0.230381
v 3.355577 2.073318 -0.358115
v 3.194713 2.273289 -0.326355
v 3.469358 -0.715482 1.121046
v 3.389415 -1.010533 1.132765
v 3.298397 -1.061675 1.214364
v 3.416396 -0.610718 1.206828
v 2.660510 -0.633244 1.894483
v 2.613475 -0.817463 1.861542
v 3.678726 1.276664 0.316150
v 3.623508 1.486099 0.191702
v 3.543291 1.680116 0.107196
v 3.554334 1.745234 -0.075156
v 3.383915 1.777251 0.096198
v 3.394733 1.829553 -0.060250
v 3.365682 1.896142 -0.140156
v 3.251113 2.058710 -0.196780
v 3.544081 0.635412 0.984805
v 3.572059 0.990132 0.757666
v 3.551186 1.341474 0.519922
v 3.512652 1.503721 0.427863
v 3.452781 1.687094 0.327972
v 3.341869 1.781280 0.199608
v 0.927809 -1.127047 2.592782
v 0.888585 -0.919598 2.646940
v 1.296640 -0.530272 2.558168
v 0.674481 -0.541472 2.741831
v 0.754773 -1.157461 2.777103
v 0.644414 -0.978073 2.793811
v 0.418476 -0.855210 2.880404
v -0.010190 -0.881575 3.136377
v -0.754136 -0.839980 3.210942
v -1.480710 -0.903389 3.004560
v 0.034899 -0.422661 2.854956
v -0.677060 -0.345892 2.804466
v -0.417458 0.449108 2.861321
v -0.305945 0.859362 2.924937
v -0.283524 0.999413 2.923702
v -0.252045 1.059547 2.895905
v -0.141448 1.209452 2.696206
v -0.085557 1.125516 2.621345
v 0.277247 0.782482 3.173346
v 0.299897 0.949344 3.269072
v 0.203094 0.396564 3.043072
v 0.952024 0.716816 3.286177
v 0.963181 0.883472 3.369578
v 0.874228 0.325773 3.087855
v 1.594069 0.638583 3.094470
v 1.608707 0.800869 3.217704
v 1.501035 0.235141 2.897268
v 1.997837 0.582269 2.878172
v 2.020957 0.746760 2.966801
v 2.893108 0.812185 1.867388
v 2.768247 0.954452 1.955675
v 2.982320 1.051161 1.580357
v 2.858216 1.155792 1.660154
v 3.049724 1.300711 1.294008
v 2.914800 1.385773 1.381529
v 3.071185 1.620149 0.989301
v 2.929220 1.741804 1.039562
v 3.060553 1.854076 0.778554
v 2.916862 1.896072 0.904506
v 2.880335 1.763034 1.069849
v 2.857703 1.930320 0.933270
v 2.869130 1.417843 1.398411
v 2.803707 1.182518 1.692537
v 2.721035 1.011836 1.959773
v 2.013422 0.821769 2.944368
v 1.619405 0.876800 3.193903
v 0.972695 0.952976 3.358220
v 0.309454 1.013383 3.241116
v 3.109450 0.512992 1.659940
v 1.936912 0.184033 2.721618
v 2.408293 0.156507 2.410816
v 2.892490 0.237808 1.954590
v 3.123242 0.092922 1.660855
v 3.258369 0.230154 1.489963
v 3.364214 0.415491 1.318250
v 3.286031 0.751436 1.322226
v 3.328666 1.122142 1.041792
v 3.307061 1.649466 0.639048
v 3.325945 1.460125 0.788380
v 2.721804 0.669912 2.167607
v 2.625567 0.827288 2.247154
v 2.571490 0.892640 2.254267
v 2.391047 0.560595 2.573817
v 2.360274 0.725480 2.632692
v 2.325010 0.809406 2.630170
v 2.597979 1.830473 1.262691
v 2.537831 2.125661 1.029344
v 2.577693 1.555501 1.530646
v 2.496058 1.258313 1.868055
v 2.354491 1.101884 2.190037
v 2.157808 0.985782 2.525082
v 1.865431 0.986350 2.790559
v 1.604739 1.006310 2.968818
v 3.285507 1.801111 0.507355
v 3.231171 1.854271 0.328183
v 2.946004 2.273501 0.421391
v 2.820202 2.335288 0.510043
v 2.823477 2.120442 0.772243
v 2.678164 2.400425 0.592341
v 2.377995 2.455266 0.805589
v 3.126922 1.969804 0.559014
v 3.128918 1.970369 0.354919
v 3.081514 2.389774 -0.214365
v 2.964752 2.518696 -0.356421
v 3.164630 2.164907 -0.184807
v 3.100549 2.224115 -0.116980
v 2.947907 2.433912 0.109564
v 2.821418 2.552127 0.099366
v 2.933150 2.382019 0.256811
v 2.793065 2.481825 0.311788
v 3.019626 2.253734 0.071004
v 3.005400 2.223190 0.173125
v 3.017618 2.167027 0.253110
v 2.544355 2.560526 0.512676
v 2.275885 2.806676 0.392881
v 2.087929 2.752458 0.610980
v 2.472900 2.808165 0.110386
v 2.513945 2.863839 -0.323016
v 2.044146 3.117010 -0.350124
v 1.565438 3.286590 -0.369662
v 2.014645 3.083415 0.009233
v 1.539725 3.261410 -0.044131
v 1.947166 3.017209 0.291557
v 1.490824 3.198704 0.223057
v 1.833695 2.946679 0.518951
v 1.426000 3.115167 0.445572
v 1.059527 3.359133 -0.696082
v 1.068797 3.382614 -0.377012
v 1.055151 3.356861 -0.061465
v 1.020113 3.292691 0.197684
v 1.005832 3.174577 0.468630
v 1.000923 1.084718 3.114659
v 0.386741 1.144897 3.006868
v 0.415664 1.065406 2.906809
v 1.009736 0.997145 3.031812
v 0.629081 3.149928 0.540138
v 0.360195 3.074870 0.633699
v 0.161935 2.977025 0.733335
v -0.449149 1.370691 2.299655
v -0.718037 1.250942 2.341830
v -0.616092 1.704339 1.841617
v -0.884338 1.620695 1.824907
v -0.565647 2.094582 1.463145
v -0.857203 2.111785 1.318694
v -0.414043 2.423595 1.191497
v -0.766225 2.424151 1.029886
v -0.320176 2.571491 1.071218
v -0.620989 2.692543 0.790127
v -0.115505 2.789432 0.895766
v -0.845901 2.413596 0.994716
v -0.938193 2.099481 1.287655
v -0.959434 1.598339 1.798419
v -0.769249 1.198137 2.339441
v -1.119756 2.483600 0.676374
v -0.734485 2.747466 0.632724
v -1.111149 2.641276 0.429013
v -0.858126 2.778356 0.472202
v 0.552074 3.277472 0.278037
v 0.207962 3.194488 0.390254
v -0.082074 3.061585 0.527643
v -0.383512 2.869718 0.680372
v -0.649472 2.950648 0.353024
v -0.577158 3.054729 0.178635
v -0.577349 3.124732 -0.074225
v -0.578595 3.158894 -0.429793
v -0.706753 3.100584 -0.329355
v -1.342113 2.578517 0.192046
v -1.396334 2.649375 -0.151511
v -1.320101 2.737625 -0.313887
v -1.180873 2.843342 -0.432256
v -0.990841 2.957681 -0.600533
v -0.942410 2.987232 -0.460931
v -0.515526 2.920876 0.518752
v -0.304533 3.086622 0.350505
v 0.582426 3.372015 -0.033835
v 0.146917 3.321805 0.002464
v -0.293060 3.219767 -0.016779
v 0.585674 3.404223 -0.369892
v 0.143106 3.362004 -0.353026
v -0.266649 3.267993 -0.364187
v 0.561867 3.379893 -0.686339
v 0.141091 3.340700 -0.675839
v -0.265408 3.253255 -0.653647
v -0.642102 3.123965 -0.627544
v -1.662554 2.478183 -0.513586
v -1.329199 2.747009 -0.561680
v -1.975579 2.150232 -0.459280
v -2.248290 1.774363 -0.399836
v 0.605298 -1.325570 3.087129
v 0.388527 -1.050853 3.066006
v 0.537804 -1.567808 3.454289
v 0.313673 -1.380056 3.592407
v 0.507695 -1.885024 3.842490
v 0.302033 -1.806726 4.071362
v -1.969624 0.237807 1.663853
v -2.268761 -0.248811 1.473241
v -2.437343 -0.703861 1.275657
v 0.530245 -1.987796 3.892341
v 0.448355 -2.059904 4.119622
v 0.615998 -2.194905 3.853113
v 0.604435 -2.351369 4.015649
v 0.592486 -2.513608 4.180659
v 0.349289 -2.201113 4.387620
v -0.130888 -1.277347 3.826438
v -0.165289 -1.899843 4.519302
v -0.854503 -1.299547 3.900680
v -0.929270 -1.965908 4.616431
v -1.547034 -1.509502 3.719728
v -2.048687 -1.883523 3.401072
v -2.316978 -2.262773 2.985560
v -1.611922 -2.225971 4.412838
v -2.096932 -2.637076 4.069077
v -2.348443 -3.064506 3.751532
v -2.413161 -2.679901 2.651649
v -2.467199 -3.501172 3.425353
v -2.398241 -3.092863 2.312266
v -2.473446 -3.952488 3.093747
v -2.372420 -4.423489 2.789446
v -2.300748 -3.482334 2.000298
v -1.313754 1.911637 1.190547
v -1.346843 2.204810 0.822913
v -1.534514 2.354810 0.317787
v -1.664343 2.427266 -0.192497
v -2.084610 1.898525 -0.036019
v -1.944969 1.862719 0.390470
v -1.808849 1.731044 0.799796
v -1.705680 1.520380 1.145934
v -1.175129 1.425035 1.751450
v -0.822125 1.081390 2.319104
v -1.439932 1.063033 1.758202
v -1.009252 0.679361 2.322719
v -1.516304 -0.249395 2.396154
v -2.032367 -1.241877 2.751691
v -2.074867 -0.696760 2.128035
v -2.298193 -1.662219 2.398499
v -2.330563 -1.132432 1.823120
v -2.510472 -1.095426 1.054123
v -2.384680 -2.043158 2.031564
v -2.423112 -1.533022 1.513255
v -2.384255 -2.439924 1.715528
v -2.499577 -1.475131 0.842186
v -2.421434 -1.884228 1.160253
v -2.279938 -2.804129 1.418074
v -2.331234 -2.196515 0.845356
v -2.395952 -1.859662 0.514764
v -2.472092 1.355305 -0.336533
v -2.636223 0.908163 -0.270098
v -2.741726 0.417115 -0.199143
v -2.775965 -0.059955 -0.127599
v -2.736114 -0.615019 -0.050184
v -2.647163 -1.037699 0.012974
v -2.504727 -1.444873 0.069980
v -2.601974 -1.151835 0.250266
v -2.478070 -1.550363 0.183329
v -2.312951 1.370645 0.226430
v 0.514738 -3.356174 4.979710
v 0.409944 -4.215940 5.698681
v 0.287460 -4.996749 6.256120
v -2.394438 -5.271349 3.527130
v -2.377160 -5.767558 3.982394
v -2.212407 -6.644890 4.899055
v -1.668092 -7.221732 5.883747
v -1.421794 -7.271265 6.154696
v 0.272914 -3.023159 5.190200
v -1.654795 -3.064053 5.163795
v -2.480058 -4.331378 4.206354
v -2.116668 -3.499693 4.824840
v -2.352647 -3.916593 4.531212
v -2.500715 -4.789609 3.866096
v -1.031198 -2.796254 5.382972
v -0.285408 -2.772898 5.387694
v 0.149095 -3.898959 5.953097
v -1.099704 -3.688955 6.106596
v -2.071495 -4.294743 5.547008
v -2.305142 -4.718647 5.276483
v -2.464359 -5.584414 4.630154
v -2.436440 -5.129665 4.971727
v -1.662524 -3.909842 5.859415
v -0.412619 -3.659090 6.139123
v -1.845495 -6.850105 6.135104
v -1.916724 -6.389423 6.355409
v -2.334630 -6.205770 5.268310
v -2.325855 -5.754357 5.563351
v -1.108093 -7.226659 6.437722
v -1.575125 -6.980387 6.381107
v -1.277986 -7.043429 6.572292
v -1.274799 -6.999948 6.619068
v -0.951546 -6.836055 6.871312
v -0.766017 -6.718288 6.960911
v -0.689184 -6.727728 6.944174
v -0.505523 -6.845396 6.793130
v 0.030751 -5.996823 6.770068
v -0.862771 -6.251383 7.143271
v -0.184069 -5.865201 7.014097
v -0.633898 -5.695939 7.180311
v 0.045400 -4.752968 6.534071
v -0.490549 -4.538268 6.737409
v -1.185196 -6.440679 7.003047
v -1.405798 -5.926925 6.969979
v -1.629601 -4.683169 6.419868
v -1.570251 -6.766070 6.577649
v -1.112380 -4.512731 6.670010
v -1.034896 -5.738002 7.136545
v -2.216310 -5.373586 5.829775
v -1.999789 -5.013354 6.116855
v -1.705292 -6.149470 6.697361
v -2.347728 -1.391753 0.066815
v -2.325618 -1.470674 0.174154
v -2.289837 -1.507081 0.080748
v -2.279926 -1.545869 0.132438
v -2.173503 -2.134981 0.854891
v -2.238418 -1.789017 0.507224
v -2.121838 -2.753799 1.436082
v -2.138847 -3.428142 2.026359
v -2.219657 -4.391436 2.831737
v -2.219353 -5.716877 4.012690
v -2.237408 -5.230990 3.566267
v -2.063191 -6.570119 4.905783
v -1.336751 -7.131535 6.104767
v -1.527437 -7.107737 5.886692
v -1.115062 -7.103516 6.321351
v -1.054392 -7.142638 6.249520
v -1.271865 -7.182231 6.048674
v -1.132501 -7.003608 6.246617
v -1.283632 -6.818314 6.355966
v -1.272307 -6.779201 6.400531
v -0.940184 -6.635812 6.676754
v -0.767879 -6.525417 6.754780
v -0.699312 -6.529788 6.744177
v -0.534587 -6.706087 6.689495
v -0.567932 -6.609057 6.634311
v -0.475997 -6.722115 6.616053
v -0.104438 -5.950426 6.681491
v 0.135648 -5.003204 6.193580
v 0.260366 -4.211133 5.625258
v 0.362115 -3.382631 4.932082
v 0.455777 -2.238075 3.814096
v 0.448125 -2.346964 3.927680
v 0.431347 -2.561075 4.147977
v 3.174433 -1.190586 1.054856
v 2.967924 -1.149655 1.261223
v 2.386018 -1.057519 1.711120
v 1.524892 -1.008910 2.105571
v 0.760687 -1.136186 2.549523
v 0.797441 -1.208858 2.436371
v 0.624440 -1.151498 2.499498
v 0.676040 -1.212627 2.407685
v 1.132620 -1.043870 2.261395
v 1.110876 -1.106802 2.205607
v 1.502727 -1.082402 2.015939
v 2.102833 -1.024957 1.869686
v 2.067631 -1.105697 1.765777
v 2.585517 -1.085768 1.578806
v 2.786773 -1.118560 1.421928
v 3.339227 -1.229585 0.846871
v 3.466412 -1.268837 0.670832
v 3.439887 -1.300688 0.680353
v 3.334982 -1.290563 0.790080
v 2.940104 -1.239269 1.175328
v 2.756851 -1.205554 1.331821
v 3.147105 -1.267658 0.985668
v 2.543938 -1.168839 1.490793
v 2.366493 -1.139376 1.608278
v 0.636188 -1.185292 2.691123
v 0.460850 -1.177123 2.660196
v 0.494377 -1.365252 3.031282
v 0.293894 -1.367800 3.018723
v 0.412679 -1.607563 3.409147
v 0.231356 -1.625543 3.417333
v 0.390231 -1.929069 3.786234
v 0.235500 -1.958027 3.786208
v 0.419787 -2.010774 3.821618
v 0.460468 -2.197984 3.775455
v 0.271939 -2.057584 3.807273
v 0.345928 -2.208454 3.760900
v 0.396993 -2.317980 3.718957
v 0.479726 -2.292814 3.736618
v 0.472907 -2.398648 3.850883
v 0.457543 -2.612797 4.065453
v 0.380289 -3.440683 4.854380
v 0.278251 -4.266798 5.551958
v 0.156664 -5.048416 6.111859
v -0.072334 -5.976628 6.597247
v -1.475390 -7.160699 5.823420
v -2.017774 -6.629481 4.842898
v -2.176918 -5.775437 3.944027
v -2.190018 -5.291859 3.505458
v -2.173990 -4.454132 2.769657
v -2.098690 -3.492213 1.962839
v -2.131574 -2.191935 0.788371
v -2.077579 -2.812829 1.373743
v -2.196525 -1.849116 0.441222
v 3.475495 -0.794189 1.094653
v 3.422660 -0.965273 1.108624
v 3.378607 -1.000385 1.130936
v 3.412188 -0.957098 1.105605
v 3.449912 -0.878063 1.088828
v 3.464170 -0.793696 1.094056
v 3.457430 -0.714278 1.120668
v 3.437576 -0.660848 1.154699
v 3.405492 -0.618068 1.202775
v 3.343709 -0.588233 1.280529
v 3.342387 -1.030278 1.163025
v 3.293163 -1.049763 1.209499
v 3.201480 -1.045517 1.302142
v 2.984203 -1.010983 1.512140
v 3.207625 -0.566468 1.428850
v 3.071497 -0.544969 1.568344
v 2.871090 -0.514283 1.762866
v 2.757479 -0.970146 1.700349
v 2.685175 -0.947284 1.770675
v 2.782152 -0.523418 1.843494
v 2.683644 -0.937320 1.762043
v 2.638990 -0.884625 1.809293
v 2.618436 -0.811375 1.851277
v 2.622969 -0.730664 1.874817
v 2.662914 -0.634121 1.880845
v 2.711334 -0.575075 1.866522
v 2.777642 -0.530478 1.832351
v -1.110873 2.656543 0.387763
v -0.875597 2.782119 0.431525
v -0.679656 2.942163 0.321303
v -0.612554 3.038819 0.158907
v -0.614664 3.101082 -0.069116
v -0.731712 3.078423 -0.298831
v -1.319461 2.603262 0.163246
v -1.358391 2.668372 -0.137210
v -1.289112 2.748572 -0.284775
v -1.161895 2.843852 -0.385546
v -0.945873 2.975411 -0.418405
v -0.419060 1.290058 2.225904
v -0.566689 1.639778 1.763061
v -0.515716 2.018488 1.391104
v -0.364046 2.343096 1.122355
v -0.264235 2.478030 1.011901
v -0.063468 2.687707 0.845688
v 0.180278 2.869091 0.692776
v 0.388586 2.965707 0.592981
v 0.632597 3.032314 0.514011
v 1.794065 2.836175 0.505682
v 1.416785 2.986289 0.438363
v 1.011723 3.052665 0.445816
v 2.295664 2.377550 0.763254
v 2.027956 2.657480 0.584875
v 2.523945 1.767533 1.193105
v 2.455760 2.063602 0.964609
v 2.437377 1.204614 1.800407
v 2.520092 1.489424 1.461563
v 1.821391 0.912935 2.700683
v 2.271033 1.043364 2.124938
v 2.095037 0.936116 2.431259
v 1.539055 0.933382 2.886741
v 3.659588 1.588501 -0.128796
v 3.631827 -1.295653 0.720821
v 3.778056 -0.972579 0.641753
v 3.924290 -0.512358 0.504662
v 4.002233 -0.041802 0.335982
v 4.009242 0.371408 0.177728
v 3.970621 0.746712 0.020176
v 3.880941 1.130057 -0.164355
v 3.754742 1.438248 -0.306249
v 3.599719 1.741996 -0.437294
v 3.381381 2.044371 -0.538438
v 3.147633 2.324743 -0.611044
v 2.856864 2.581133 -0.649576
v 2.487949 2.855541 -0.681794
v 2.023082 3.098332 -0.703639
v 1.572177 3.254031 -0.716803
v 1.053470 3.350843 -0.722661
v 0.561058 3.368192 -0.709986
v 0.147464 3.329290 -0.694410
v -0.262145 3.240881 -0.673488
v -0.638641 3.115295 -0.646813
v -0.988124 2.947249 -0.618290
v -1.321005 2.730849 -0.579946
v -1.638715 2.455664 -0.534657
v -1.945667 2.116781 -0.482161
v -2.215235 1.743151 -0.426896
v -2.432307 1.337307 -0.366577
v -2.600256 0.893905 -0.299537
v -2.709454 0.414954 -0.226765
v -2.746182 -0.055735 -0.157041
v -2.710651 -0.607421 -0.076202
v -2.632038 -1.024292 -0.014387
v -2.504254 -1.427078 0.037414
v 0.758426 -1.197781 2.763205
v 0.615099 -1.356165 3.072008
v 0.542298 -1.591456 3.432972
v 0.517095 -1.907842 3.814734
v 0.534505 -1.992806 3.860651
v 0.596286 -2.169418 3.816360
v -1.436989 -6.615163 6.784574
v -1.173215 -6.950916 6.713705
v 2.940377 2.094684 0.644298
v 3.029768 2.126149 0.517832
v 3.066573 2.073195 0.331645
v -1.686091 0.671415 1.745963
v -1.197111 0.267412 2.325763
v -0.489437 0.095984 2.813303
v 0.125001 0.017996 2.907332
v 0.766266 -0.101799 2.878043
v 1.388786 -0.173201 2.716199
v 1.860174 -0.211746 2.529578
v -0.500592 -6.640327 6.565637
v -1.059217 -7.069619 6.179933
v -1.150390 -6.739655 6.521026
v -2.126155 1.235208 0.792772
v -1.975040 1.051097 1.172289
v -2.265229 0.703907 0.957639
v -2.518315 0.847829 0.252342
v -2.641095 0.328724 0.268524
v -2.482697 0.108522 0.851783
v -2.692914 -0.170665 0.275334
v -2.577095 -0.394848 0.762415
v -2.599293 -0.838590 0.633651
v -2.557709 -1.273295 0.522601
v -2.441159 -1.680450 0.327217
v -2.289880 -1.610046 0.314500
v -2.242305 -1.673779 0.263810
v -2.671995 -0.701720 0.275865
v -2.075547 -5.904434 6.197357
v -1.878914 -5.620252 6.490030
v -1.546228 -5.357515 6.784447
v -1.089354 -5.181664 6.997758
v -0.544811 -5.144900 7.036402
v -0.041777 -5.324350 6.832630
v 0.179232 -5.527590 6.574322
v 0.032774 -5.503834 6.493791
v 0.056422 -5.550437 6.415813
v -2.143216 -6.184323 5.997564
v -2.112974 -6.612806 5.760951
v -1.905118 -7.083984 5.546585
v -1.775812 -6.977265 5.526680
v -1.726795 -7.032640 5.465977
v -0.444197 -6.364559 7.055338
v -0.216663 -6.477849 6.847461
v -0.316178 -6.393126 6.744822
v -0.277392 -6.419196 6.662966
v -2.323173 -6.256526 4.468506
v -2.169748 -6.165797 4.453619
v -2.126359 -6.236411 4.398706
v -2.090132 -6.878298 5.208384
v -1.944541 -6.801243 5.217094
v -1.892092 -6.860559 5.163598
v -0.172290 -6.217478 6.646343
v -0.208090 -6.191398 6.732725
v -0.090234 -6.257161 6.829086
v -0.359455 -6.676696 6.831832
v -0.427750 -6.565672 6.728537
v -0.373970 -6.579997 6.646964
v 0.001293 -5.753432 6.511379
v -0.022942 -5.720592 6.598369
v 0.115857 -5.752139 6.679110
v 3.476891 -1.268469 0.495179
v 3.606363 -0.984862 0.420145
v 3.752256 -0.521553 0.278995
v 3.822255 -0.082551 0.126097
v 3.830134 0.292434 -0.019097
v 3.790039 0.658852 -0.174415
v 3.710582 0.993583 -0.328120
v 3.417067 -1.262577 0.607926
v 3.553384 -0.942842 0.552050
v 3.700271 -0.488179 0.415334
v 3.773957 -0.042854 0.260528
v 3.779008 0.339327 0.112018
v 3.742911 0.690148 -0.036630
v 3.669985 1.023946 -0.189766
v 3.588341 1.300952 -0.473930
v 3.419228 1.607757 -0.604540
v 3.208871 1.898038 -0.699472
v 2.987813 2.151725 -0.754109
v 2.726255 2.391550 -0.787463
v 2.386691 2.635799 -0.816770
v 1.943954 2.865200 -0.841766
v 1.507992 3.015833 -0.855169
v 0.181403 3.089917 -0.838737
v 0.569893 3.124796 -0.851971
v 1.005600 3.108630 -0.858586
v -0.202035 3.007827 -0.818566
v -0.537593 2.894596 -0.794758
v -1.522092 2.274132 -0.681621
v -1.207631 2.530175 -0.726617
v -0.880607 2.733361 -0.763647
v -2.057806 1.630087 -0.574989
v -1.824998 1.953362 -0.627944
v -2.267769 1.237346 -0.512155
v -2.422131 0.812435 -0.445681
v -2.516272 0.356098 -0.375779
v -2.542009 -0.080579 -0.310216
v -2.495999 -0.586388 -0.235849
v -2.397606 -0.992992 -0.177339
v -2.266972 -1.338797 -0.128549
v -2.246753 -1.350970 -0.006807
v -2.228136 -1.392735 0.000026
v -2.388066 -0.975851 -0.032410
v -2.487833 -0.565176 -0.088819
v -2.534006 -0.058938 -0.164504
v -2.507664 0.380617 -0.233357
v -2.414693 0.831776 -0.303411
v -2.259173 1.258762 -0.364821
v -2.047490 1.653993 -0.430545
v -1.787382 2.008528 -0.485254
v -1.510046 2.297282 -0.536581
v -1.196646 2.550434 -0.582317
v -0.875487 2.750562 -0.614628
v -0.532808 2.911463 -0.649982
v -0.197556 3.024981 -0.669533
v 0.168795 3.104190 -0.688912
v 0.573982 3.141699 -0.702887
v 1.009364 3.125101 -0.711934
v 1.519889 3.030170 -0.706443
v 1.948785 2.879951 -0.700493
v 2.390491 2.649613 -0.671595
v 2.729174 2.394895 -0.637482
v 2.990821 2.159361 -0.603401
v 3.195314 1.909635 -0.552079
v 3.395297 1.632033 -0.463737
v 3.547354 1.332570 -0.330761
v 3.394335 -1.304390 0.619373
v 3.631827 -1.295653 0.720821
v 3.778056 -0.972579 0.641753
v 3.924290 -0.512358 0.504662
v 4.002233 -0.041802 0.335982
v 4.009242 0.371408 0.177728
v 3.970114 0.748885 0.019131
v 3.880941 1.130057 -0.164355
v 3.754742 1.438248 -0.306249
v 3.599719 1.741996 -0.437294
v 3.381381 2.044371 -0.538438
v 3.147633 2.324743 -0.611044
v 2.856864 2.581133 -0.649576
v 2.487949 2.855541 -0.681794
v 2.023082 3.098332 -0.703639
v 1.572177 3.254031 -0.716803
v 1.053470 3.350843 -0.722661
v 0.561058 3.368192 -0.709986
v 0.147464 3.329290 -0.694410
v -0.262145 3.240881 -0.673488
v -0.638641 3.115295 -0.646813
v -0.988124 2.947249 -0.618290
v -1.321005 2.730849 -0.579946
v -1.638715 2.455664 -0.534657
v -1.945667 2.116781 -0.482161
v -2.215235 1.743151 -0.426896
v -2.432307 1.337307 -0.366577
v -2.600256 0.893905 -0.299537
v -2.709454 0.414954 -0.226765
v -2.746182 -0.055735 -0.157041
v -2.710651 -0.607421 -0.076202
v -2.632038 -1.024292 -0.014387
v -2.504254 -1.427078 0.037414
v -2.347728 -1.391753 0.066815
v -2.289837 -1.507081 0.080748
v 3.439887 -1.300688 0.680353
v 3.466412 -1.268837 0.670832
v 3.409718 -1.304771 0.623838
v 3.434254 -1.265912 0.612422
v 3.516911 -1.283386 0.512621
v 3.655222 -0.982867 0.433071
v 3.800099 -0.525274 0.293987
v 3.869673 -0.083621 0.139848
v 3.878505 0.299132 -0.007933
v 3.839046 0.668281 -0.163285
v 3.756872 1.011933 -0.320396
v 3.632407 1.321967 -0.471140
v 3.463730 1.633764 -0.602272
v 3.251825 1.928145 -0.701230
v 3.024346 2.188215 -0.757600
v 2.754937 2.429318 -0.793653
v 2.412412 2.681088 -0.821032
v 1.961392 2.917936 -0.844988
v 1.515037 3.069745 -0.859549
v 1.012379 3.161255 -0.863592
v 0.566947 3.176628 -0.857610
v 0.171317 3.138408 -0.845643
v -0.217180 3.055948 -0.824655
v -0.562731 2.940263 -0.799177
v -0.905783 2.776220 -0.769510
v -1.235669 2.568179 -0.731698
v -1.554309 2.316948 -0.684618
v -1.864260 1.985822 -0.631018
v -2.101956 1.654026 -0.577425
v -2.312924 1.260865 -0.514118
v -2.474866 0.831134 -0.442610
v -2.565171 0.363259 -0.375839
v -2.592134 -0.078814 -0.309371
v -2.544603 -0.597265 -0.233229
v -2.445599 -1.004395 -0.174648
v -2.312515 -1.358952 -0.124606
v -2.266247 -1.365653 0.001280
v -2.247824 -1.413115 0.010299
v 3.276457 -0.967879 1.033307
v 3.307832 -0.930444 1.009779
v 3.348202 -0.863718 0.995762
v 3.372723 -0.781416 1.002645
v 3.366317 -0.695841 1.025334
v 3.349834 -0.642766 1.058354
v 3.315870 -0.597929 1.103418
v 3.247126 -0.565254 1.172074
v 3.232151 -0.994333 1.060666
v 3.189685 -1.007732 1.095640
v 3.096729 -1.002191 1.180424
v 2.875267 -0.966506 1.391361
v 3.104449 -0.541380 1.311872
v 2.954708 -0.517507 1.459652
v 2.762092 -0.488365 1.646240
v 2.665457 -0.931959 1.590086
v 2.603772 -0.906862 1.657553
v 2.561386 -0.858644 1.708637
v 2.541802 -0.793465 1.750039
v 2.539928 -0.708667 1.772552
v 2.568356 -0.618356 1.774771
v 2.608281 -0.556698 1.756995
v 2.671265 -0.506168 1.717640
v 3.412188 -0.957098 1.105605
v 3.378607 -1.000385 1.130936
v 3.449912 -0.878063 1.088828
v 3.464170 -0.793696 1.094056
v 3.457430 -0.714278 1.120668
v 3.437576 -0.660848 1.154699
v 3.405492 -0.618068 1.202775
v 3.343709 -0.588233 1.280529
v 3.342387 -1.030278 1.163025
v 3.293163 -1.049763 1.209499
v 3.201480 -1.045517 1.302142
v 2.984203 -1.010983 1.512140
v 3.207625 -0.566468 1.428850
v 3.071497 -0.544969 1.568344
v 2.871090 -0.514283 1.762866
v 2.757479 -0.970146 1.700349
v 2.683644 -0.937320 1.762043
v 2.638990 -0.884625 1.809293
v 2.618436 -0.811375 1.851277
v 2.622969 -0.730664 1.874817
v 2.662914 -0.634121 1.880845
v 2.711334 -0.575075 1.866522
v 2.777642 -0.530478 1.832351
v -0.778954 2.108406 -0.703027
v -0.523772 -0.627390 -0.300921
v -2.468911 -0.584242 -0.256122
v -1.167814 -1.924496 -0.094431
v -2.515178 -0.095571 -0.326818
v 0.467960 0.563995 -0.499304
v 0.652621 1.403956 -0.624957
v 1.463645 1.412384 -0.645816
v 0.858110 0.112533 -0.438833
v 0.412803 0.069812 -0.424505
v -0.040215 1.095927 -0.567554
v -0.016358 2.117709 -0.720205
v -0.246137 1.310914 -0.595306
v -0.505592 1.433263 -0.608150
v -0.733321 1.460865 -0.607548
v -0.966139 1.420711 -0.596743
v -1.173809 1.317334 -0.577052
v -1.348241 1.151633 -0.548766
v -1.464363 0.941207 -0.515023
v -1.511161 0.707438 -0.479247
v -1.489743 0.486310 -0.446759
v -1.365729 0.222685 -0.411576
v -1.098995 -0.021449 -0.379242
v -0.801256 -0.115871 -0.371346
v -0.485241 -0.089355 -0.381834
v -0.237236 0.032382 -0.405101
v 0.002419 0.313575 -0.451934
v 0.069711 0.545002 -0.487609
v 0.080402 0.770802 -0.521638
v 0.061706 0.865163 -0.535300
v 0.464454 -0.467114 -0.344973
v -0.051823 -0.214322 -0.372202
v -0.544694 -1.425786 -0.181598
v -1.104938 -0.404527 -0.322072
v -0.201093 2.976853 -0.833103
v 1.895396 1.883315 -0.724883
v -1.500574 2.253652 -0.698764
v -1.788108 1.950645 -0.648666
v -2.036218 1.608274 -0.592402
v -2.241085 1.226578 -0.530499
v -2.398948 0.793991 -0.461601
v -2.490492 0.343009 -0.392932
v -2.370208 -0.990373 -0.198152
v -1.876113 -1.507614 -0.143337
v -0.308626 0.146427 -0.355209
v -0.107727 0.384721 -0.395116
v -0.048326 0.572225 -0.423619
v -0.511555 0.044449 -0.335841
v -0.796620 0.015770 -0.328005
v -1.057176 0.107315 -0.335458
v -1.267057 0.305056 -0.361352
v -1.371772 0.549711 -0.394446
v -1.380974 0.731020 -0.420158
v -1.338326 0.923251 -0.450450
v -1.232995 1.100451 -0.478553
v -1.093699 1.229474 -0.501549
v -0.907842 1.317924 -0.518763
v -0.702713 1.344560 -0.525866
v -0.514476 1.313622 -0.524417
v -0.305971 1.207500 -0.512936
v -0.142882 1.032383 -0.490777
v -0.056315 0.830521 -0.462962
v -0.043467 0.747333 -0.450109
v -1.199278 2.499724 -0.740652
v -0.530533 2.865559 -0.809391
v 0.560967 3.094857 -0.865901
v 0.998251 3.080880 -0.871277
v 1.488768 2.989703 -0.869742
v 1.934016 2.835674 -0.857228
v 2.369524 2.610766 -0.831017
v 2.708781 2.367406 -0.802434
v -1.182732 -2.622438 0.021519
v -1.639328 -2.225475 -0.029700
v -1.986105 -1.792619 -0.087068
v -2.223815 -1.365552 -0.147278
v 0.812311 0.331676 -0.468549
v 1.408678 0.831785 -0.556784
v 1.193087 0.819511 -0.550708
v 0.995888 0.716593 -0.530768
v 0.858744 0.535682 -0.500184
v 0.869865 0.551615 -0.327645
v 1.198516 0.832205 -0.376380
v 0.826180 0.348334 -0.294205
v 0.873066 0.140294 -0.266242
v 1.002370 0.728477 -0.355780
v 1.414099 0.844615 -0.378241
v -0.185527 -1.147904 -0.230591
v 0.276714 -0.435267 -0.343481
v 0.052267 -0.496856 -0.331158
v -0.122391 -0.645582 -0.304940
v -0.208713 -0.861033 -0.279254
v -0.201425 -0.846073 -0.100137
v 0.052525 -0.488188 -0.154194
v 0.469744 -0.457820 -0.169159
v -0.169639 -1.115586 -0.058429
v -0.119796 -0.627240 -0.127677
v 0.276751 -0.422811 -0.167572
v -1.341469 -1.547642 0.030252
v -0.920224 -1.311768 -0.013169
v -0.933261 -0.856139 -0.081587
v -1.306085 -0.644499 -0.107868
v -1.709955 -0.836439 -0.068619
v -1.544235 -0.689042 -0.095838
v -1.087110 -0.700781 -0.098921
v -0.868242 -1.089828 -0.047462
v -1.127372 -1.495213 0.022308
v -1.792077 -1.026710 -0.036604
v -0.058406 0.835904 -0.415308
v -0.044280 0.752996 -0.403067
v -0.048985 0.579446 -0.377252
v -0.109019 0.393193 -0.348021
v -0.308070 0.154563 -0.307489
v -0.795574 0.029875 -0.280133
v -0.520884 0.050701 -0.289022
v -1.262852 0.314587 -0.313974
v -1.049484 0.116443 -0.288335
v -1.377630 0.737384 -0.374402
v -1.367259 0.561924 -0.347661
v -1.086221 1.235296 -0.453588
v -1.331580 0.934346 -0.404444
v -1.229270 1.107667 -0.430173
v -0.696966 1.349805 -0.477072
v -0.902402 1.321221 -0.470468
v -0.303996 1.211472 -0.466673
v -0.512525 1.319311 -0.477033
v -0.140131 1.032442 -0.442409
v 0.952097 2.009471 -0.720929
v 1.119859 1.917041 -0.710231
v 1.339992 1.906180 -0.714429
v 1.511564 1.986347 -0.728570
v 1.647942 2.154881 -0.756662
v 1.649035 2.504332 -0.809349
v 1.556027 2.634022 -0.825505
v 1.393408 2.742180 -0.837962
v 1.203417 2.763576 -0.837896
v 1.041940 2.716471 -0.827620
v 0.942279 2.647063 -0.814842
v 0.852792 2.531534 -0.796004
v 0.805728 2.353539 -0.768311
v 0.837346 2.170688 -0.742458
v 1.046246 2.711128 -0.653392
v 1.205130 2.773812 -0.663975
v 0.824495 2.379016 -0.596601
v 0.866992 2.545340 -0.622318
v 0.955347 2.654499 -0.642374
v 1.127335 1.957207 -0.540112
v 0.855519 2.200588 -0.576372
v 0.966316 2.046171 -0.552593
v 1.507262 2.023996 -0.560283
v 1.351396 1.950119 -0.542396
v 1.544532 2.649929 -0.654570
v 1.641438 2.522024 -0.636348
v 1.636127 2.182945 -0.585238
v 1.391446 2.759554 -0.664708
v 0.180217 3.058777 -0.853466
v -1.581364 -1.471765 0.025127
v -1.745247 -1.289825 0.001115
v -1.803133 -1.056558 -0.215347
v -1.756370 -1.313980 -0.176847
v -1.585213 -1.505900 -0.152772
v -1.337301 -1.579929 -0.146297
v -1.112422 -1.519974 -0.155979
v -0.910760 -1.325353 -0.194895
v -0.864821 -1.099586 -0.228404
v -0.922822 -0.862298 -0.261452
v -1.084725 -0.704457 -0.281372
v -1.309281 -0.643382 -0.286373
v -1.558126 -0.695771 -0.272228
v -1.725908 -0.846305 -0.247852
v -1.109620 0.016923 -0.094005
v -1.498208 0.536397 -0.162303
v -1.365408 0.248580 -0.123802
v -1.518398 0.741261 -0.191810
v -1.464019 1.002459 -0.232827
v -1.334107 1.224964 -0.266842
v -1.171378 1.371578 -0.294415
v -0.966520 1.475004 -0.312016
v -0.739163 1.511369 -0.328063
v -0.503476 1.489588 -0.324988
v -0.239585 1.368019 -0.312539
v -0.041149 1.171785 -0.286246
v 0.084251 0.896155 -0.247620
v 0.092368 0.810624 -0.238978
v 0.087938 0.593170 -0.204432
v 0.021372 0.351948 -0.164869
v -0.202132 0.080419 -0.120131
v -0.459259 -0.053678 -0.095967
v -0.790740 -0.084364 -0.088089
v 1.683264 2.333147 -0.784986
v 1.661405 2.354596 -0.610931
v -0.871785 2.703220 -0.779682
v -2.367102 -0.978295 -0.032126
v -2.466176 -0.578219 -0.090372
v -2.514535 -0.072086 -0.162058
v -2.492176 0.348681 -0.224386
v -2.400543 0.811215 -0.295802
v -2.248750 1.235122 -0.363639
v -2.045794 1.620411 -0.423944
v -1.797765 1.966390 -0.480434
v -1.508455 2.272923 -0.532272
v -1.203590 2.522065 -0.574752
v -0.877417 2.727716 -0.614397
v -0.536918 2.889541 -0.643090
v -0.203557 3.003468 -0.668634
v 0.179436 3.086524 -0.687359
v 0.567494 3.122456 -0.701579
v 0.997857 3.107376 -0.707963
v 1.494179 3.017220 -0.704578
v 1.937976 2.864792 -0.691948
v 2.379702 2.634283 -0.666946
v 2.718697 2.390469 -0.637611
v -1.176988 -2.602719 0.188375
v -1.633423 -2.209657 0.138206
v -1.987519 -1.768295 0.080123
v -2.224441 -1.345266 0.019193
v -0.230282 -1.722290 -0.147270
v 0.023814 -1.397374 -0.197442
v 0.653923 -0.569534 -0.334775
v 0.851206 -0.298832 -0.373351
v 1.002348 -0.077793 -0.411851
v 1.635094 0.747076 -0.541103
v 2.086916 1.342375 -0.646832
v 2.808007 2.281788 -0.792023
v 1.011184 -0.040976 -0.243076
v 1.642503 0.763944 -0.373064
v 0.638058 -0.550428 -0.157968
v 0.028830 -1.348402 -0.025333
v 2.819776 2.296611 -0.623366
v -0.611791 -2.218060 -0.048186
v -1.004414 -2.738566 0.036824
v -0.997219 -2.717659 0.204741
v 2.086918 1.342375 -0.646832
v 0.845068 -0.293680 -0.373768
v 1.414782 -0.579760 -0.302809
v 0.308796 -1.906207 -0.086220
v 2.597282 1.059885 -0.586881
v 0.885709 -2.581878 0.249689
v -0.209685 -2.384390 -0.017815
v 1.054278 -1.031296 -0.227503
v 0.717160 -1.454723 -0.156783
v 1.597383 -2.139742 0.275868
v 2.085329 -1.705829 0.242496
v 2.506463 -1.238860 0.177345
v 1.856396 -0.047589 -0.389780
v 2.166511 0.416868 -0.472987
v 3.432127 0.707729 -0.326691
v 3.213171 -0.098903 -0.072063
v 2.953080 -0.752993 0.111933
v -0.230280 -1.722290 -0.147270
v 2.965229 2.129153 -0.770673
v 3.186739 1.876414 -0.716910
v 3.563319 1.275228 -0.493860
v 3.687092 0.962571 -0.345612
v 3.764334 0.632062 -0.195838
v 3.802784 0.269241 -0.041840
v 3.791747 -0.109627 0.103132
v 3.722851 -0.543249 0.258417
v 3.580184 -0.974849 0.382843
v 3.443245 -1.278769 0.467273
v 3.183033 -1.693717 0.554699
v 2.775488 -2.160901 0.623584
v 2.301923 -2.544217 0.641765
v 1.884989 -2.785585 0.618648
v 1.376627 -2.988650 0.555447
v 0.791699 -3.117078 0.444037
v 0.220875 -3.133793 0.292084
v -0.224957 -3.059660 0.165785
v -0.729611 -2.883272 0.067620
v 1.647903 -0.049810 -0.225686
v 1.002350 -0.077793 -0.411851
v 1.195789 -0.176194 -0.396285
v 1.432081 -0.183062 -0.387845
v 1.668443 -0.065795 -0.405292
v 1.830420 0.178292 -0.439815
v 1.847446 0.404387 -0.487981
v 1.787888 0.571166 -0.520024
v 1.635096 0.747076 -0.541103
v 1.201267 -0.139256 -0.225981
v 1.011186 -0.040977 -0.243076
v 1.782872 0.588055 -0.344551
v 1.840617 0.419509 -0.313875
v 1.820729 0.190567 -0.274314
v 1.426187 -0.148478 -0.219430
v 1.642505 0.763943 -0.373064
v 0.023816 -1.397375 -0.197442
v 0.277724 -1.460265 -0.181597
v 0.534359 -1.422585 -0.178342
v 0.745138 -1.236785 -0.205195
v 0.828040 -0.972594 -0.257101
v 0.783397 -0.763897 -0.302761
v 0.653925 -0.569534 -0.334775
v 0.777974 -0.750596 -0.126667
v 0.816022 -0.953726 -0.082449
v 0.511418 -1.393084 -0.008618
v 0.258474 -1.418532 -0.012587
v 0.028832 -1.348402 -0.025333
v 0.638060 -0.550428 -0.157968
v 0.729234 -1.217889 -0.029409
v 3.395564 1.581989 -0.621830
v 2.976417 2.151377 -0.604116
v 3.195801 1.894731 -0.546788
v 3.394969 1.597195 -0.447295
v 3.555397 1.283292 -0.315245
v 3.663048 0.980129 -0.170667
v 3.736349 0.647477 -0.020027
v 3.769752 0.280746 0.130935
v 3.754259 -0.092761 0.274431
v 3.679931 -0.513184 0.417192
v 3.540337 -0.935800 0.547521
v 3.403349 -1.231482 0.623172
v 3.144107 -1.645805 0.713955
v 2.735587 -2.112597 0.781943
v 2.265193 -2.491968 0.798044
v 1.867642 -2.723988 0.778182
v 1.364957 -2.927841 0.717925
v 0.793675 -3.057049 0.608001
v 0.227279 -3.085767 0.456124
v -0.225114 -3.026043 0.333444
v -0.728486 -2.872476 0.225828
v 0.481979 -2.354508 0.066895
v 1.089932 -1.795997 0.008049
v 1.529907 -1.351401 -0.046601
v 1.921821 -0.877274 -0.123125
v 2.344201 -0.370554 -0.203950
v 2.679229 0.199748 -0.328155
v 3.039317 0.865088 -0.475514
v -0.611789 -2.218060 -0.048186
v -1.004412 -2.738567 0.036824
v -0.997216 -2.717660 0.204741
v 2.808008 2.281788 -0.792023
v 2.819597 2.296648 -0.623368
v 3.248697 2.221197 -0.272152
v 3.341285 2.112133 -0.288569
v 3.142435 2.321371 -0.188271
v 3.059109 2.381003 -0.067904
v 3.011316 2.396436 0.070490
v 2.996665 2.364562 0.206341
v 3.010593 2.309181 0.322104
v 3.054185 2.221483 0.423640
v 3.113421 2.127082 0.482929
v 3.186573 2.026616 0.503659
v 3.267600 1.927982 0.485301
v 3.346823 1.843563 0.430007
v 3.412465 1.784865 0.351840
v 3.462220 1.753794 0.256213
v 3.498764 1.746807 0.144270
v 3.514991 1.763943 0.042200
v 3.514338 1.805198 -0.062822
v 3.492021 1.871358 -0.159718
v 3.428778 1.987798 -0.252112
v 3.041666 2.404020 -0.077673
v 2.991855 2.416299 0.061273
v 3.134252 2.339118 -0.211397
v 3.249737 2.228705 -0.300001
v 3.347108 2.114730 -0.317931
v 3.443305 1.978032 -0.277849
v 3.508145 1.857112 -0.178805
v 3.533175 1.784156 -0.074388
v 3.533673 1.740094 0.039074
v 3.517294 1.721917 0.143830
v 3.477324 1.730396 0.263771
v 3.421034 1.766166 0.370298
v 3.352762 1.825694 0.453866
v 3.265350 1.918166 0.514486
v 3.178902 2.023268 0.531945
v 3.104123 2.127421 0.509059
v 3.040237 2.231072 0.445673
v 2.991674 2.324782 0.337954
v 2.976089 2.384478 0.214842
v 3.122733 1.978366 0.555911
v 3.047322 2.083972 0.535001
v 2.979716 2.206361 0.469024
v 2.939786 2.321301 0.354972
v 3.213890 1.867244 0.539151
v 3.333179 1.766904 0.465699
v 3.411202 1.714907 0.382454
v 3.484187 1.682678 0.263270
v 3.531306 1.683076 0.138423
v 3.551477 1.706053 0.030657
v 3.552909 1.752856 -0.089576
v 3.526677 1.827656 -0.201946
v 3.453013 1.957252 -0.312013
v 3.347354 2.104029 -0.358777
v 3.235744 2.237191 -0.337799
v 3.114498 2.359718 -0.241451
v 3.017927 2.428750 -0.088843
v 2.964173 2.437116 0.060183
v 2.934875 2.398918 0.219334
v 3.290114 2.074556 -0.172863
v 3.349809 1.987873 -0.148109
v 3.389639 1.918410 -0.091748
v 3.409484 1.868029 -0.018276
v 3.411245 1.838569 0.053941
v 3.399698 1.827830 0.128944
v 3.374798 1.833217 0.203104
v 3.339708 1.853833 0.267454
v 3.296220 1.892236 0.320230
v 3.247705 1.940580 0.355077
v 3.185791 2.013444 0.371161
v 3.132521 2.086414 0.356126
v 3.089264 2.156949 0.312193
v 3.060162 2.218007 0.240239
v 3.054873 2.255300 0.158468
v 3.069030 2.271705 0.061862
v 3.102087 2.261094 -0.026306
v 3.150666 2.224684 -0.103442
v 3.219595 2.158565 -0.157370
v 3.269742 2.068146 -0.103954
v 3.152642 2.078445 0.286098
v 3.274504 1.931237 0.263788
v 3.362520 1.890490 0.063007
v 3.346311 1.949124 -0.043508
v 3.170455 2.175907 -0.053124
v 3.106348 2.211398 0.076407
v 3.103810 2.169533 0.204637
v 3.097178 2.199282 0.143048
v 3.132209 2.203917 0.005409
v 3.217883 2.129480 -0.091338
v 3.316505 2.001842 -0.085136
v 3.361323 1.910075 0.012140
v 3.353332 1.881431 0.121494
v 3.334469 1.885761 0.176789
v 3.308933 1.902936 0.221965
v 3.238313 1.967879 0.289443
v 3.195178 2.018971 0.300199
v 3.121272 2.128827 0.254564
v 3.269742 2.068146 -0.103954
v 3.152642 2.078445 0.286098
v 3.274504 1.931237 0.263788
v 3.362520 1.890490 0.063007
v 3.346311 1.949124 -0.043508
v 3.170455 2.175907 -0.053124
v 3.106348 2.211398 0.076407
v 3.103810 2.169533 0.204637
v 3.097178 2.199282 0.143048
v 3.132209 2.203917 0.005409
v 3.217883 2.129480 -0.091338
v 3.316505 2.001842 -0.085136
v 3.361323 1.910075 0.012140
v 3.353332 1.881431 0.121494
v 3.334469 1.885761 0.176789
v 3.308933 1.902936 0.221965
v 3.238313 1.967879 0.289443
v 3.195178 2.018971 0.300199
v 3.121272 2.128827 0.254564
v 3.293535 2.032548 -0.013370
v 3.264697 2.072713 -0.022984
v 3.250439 2.063553 0.109989
v 3.313500 1.998190 0.011346
v 3.232420 2.110428 -0.013815
v 3.323830 1.973036 0.044337
v 3.201819 2.139881 0.011558
v 3.177398 2.157170 0.048757
v 3.161624 2.161029 0.093085
v 3.156024 2.152267 0.136633
v 3.160507 2.132509 0.175746
v 3.326000 1.957491 0.079045
v 3.320628 1.950856 0.116277
v 3.308708 1.953509 0.151414
v 3.292484 1.963217 0.181677
v 3.271163 1.980824 0.207699
v 3.246145 2.005819 0.225952
v 3.219680 2.036359 0.233642
v 3.193472 2.072156 0.226818
v 3.173012 2.105364 0.206645
v -1.154168 2.855875 -0.364546
v -1.033617 2.931278 -0.387819
v -1.264934 2.769813 -0.271985
v -1.323989 2.706439 -0.139488
v -1.337938 2.669358 0.002606
v -1.307457 2.661003 0.142081
v -1.243376 2.679548 0.253430
v -1.145611 2.722133 0.347675
v -1.040807 2.776320 0.399678
v -0.931857 2.840029 0.408092
v -0.827977 2.906035 0.376904
v -0.737181 2.970749 0.309105
v -0.674632 3.021832 0.226121
v -0.641665 3.059163 0.122548
v -0.635704 3.081986 0.016179
v -0.658186 3.089552 -0.091667
v -0.702957 3.083592 -0.192319
v -0.775615 3.059867 -0.282861
v -0.898609 3.007132 -0.370200
v -1.350536 2.690781 -0.146873
v -1.363253 2.653466 -0.005053
v -1.281107 2.762921 -0.288156
v -1.161811 2.856299 -0.393193
v -1.035531 2.937191 -0.422178
v -0.890757 3.015775 -0.393801
v -0.759551 3.073191 -0.305165
v -0.679991 3.098620 -0.205795
v -0.632354 3.104106 -0.094308
v -0.612545 3.096198 0.007492
v -0.619807 3.069595 0.130856
v -0.654941 3.028765 0.243936
v -0.718904 2.977193 0.333026
v -0.817287 2.904477 0.408579
v -0.931393 2.834872 0.436298
v -1.043311 2.769904 0.424750
v -1.157268 2.710479 0.370178
v -1.259847 2.663153 0.273832
v -1.326226 2.646632 0.153841
v -0.888690 2.766542 0.464343
v -1.000562 2.702711 0.454797
v -1.133723 2.642095 0.398805
v -1.257965 2.602911 0.290605
v -0.770148 2.850306 0.433416
v -0.660194 2.950127 0.346017
v -0.605844 3.016411 0.252526
v -0.573341 3.074471 0.130133
v -0.574927 3.110307 0.001074
v -0.598985 3.122501 -0.106797
v -0.651642 3.116711 -0.226185
v -0.731982 3.088964 -0.330029
v -0.873836 3.023162 -0.429195
v -1.034557 2.935679 -0.460847
v -1.172125 2.850250 -0.428856
v -1.309241 2.745967 -0.315352
v -1.379527 2.663404 -0.154415
v -1.384992 2.618201 -0.004549
v -1.341109 2.594670 0.157596
v -0.998324 2.887093 -0.272207
v -0.992754 2.875449 -0.205108
v -0.907528 2.937089 -0.252783
v -0.832461 2.971952 -0.203108
v -0.776751 2.992014 -0.135858
v -0.744967 2.997156 -0.064564
v -0.733060 2.990479 0.007094
v -0.735353 2.974150 0.083693
v -0.755246 2.948354 0.150701
v -0.794871 2.915093 0.208648
v -0.846497 2.876570 0.250750
v -0.925195 2.825250 0.276584
v -1.006125 2.778774 0.269363
v -1.084327 2.739342 0.232900
v -1.152654 2.712415 0.163450
v -1.195140 2.701788 0.082891
v -1.212188 2.711537 -0.015782
v -1.200757 2.736026 -0.108285
v -1.160748 2.774612 -0.186329
v -1.088378 2.829135 -0.247458
v -0.998996 2.793453 0.203657
v -0.837085 2.893525 0.158340
v -0.799310 2.956298 -0.052623
v -0.864642 2.937400 -0.154017
v -1.112922 2.792850 -0.144575
v -1.153381 2.742226 -0.005399
v -1.103588 2.742339 0.125754
v -1.136476 2.734727 0.063657
v -1.141387 2.759584 -0.081244
v -1.059969 2.832450 -0.187964
v -0.921628 2.914909 -0.191398
v -0.822885 2.955918 -0.100796
v -0.789458 2.955048 0.006915
v -0.792400 2.942518 0.063245
v -0.806434 2.920995 0.110454
v -0.881918 2.864753 0.193034
v -0.934413 2.830602 0.208996
v -1.055669 2.761825 0.173033
v -0.887124 2.762626 0.452399
v -0.996433 2.700164 0.443094
v -1.126622 2.640342 0.388473
v -0.770944 2.844416 0.422235
v -0.662205 2.941582 0.336897
v -0.607202 3.005807 0.245747
v -0.572145 3.062624 0.125841
v -0.571035 3.098557 -0.001659
v -0.593619 3.111208 -0.108948
v -0.645855 3.105551 -0.227920
v -0.726376 3.077621 -0.330965
v -0.868153 3.011821 -0.428960
v -1.028185 2.924721 -0.460313
v -1.165122 2.839676 -0.429108
v -1.301688 2.735847 -0.316573
v -1.370587 2.654577 -0.156076
v -1.374443 2.611746 -0.007247
v -1.330085 2.591070 0.152531
v -1.248241 2.600980 0.282736
v -0.947476 2.900396 -0.120566
v -0.992103 2.875547 -0.127399
v -0.978909 2.870873 0.009095
v -0.910029 2.918019 -0.097774
v -1.033998 2.848601 -0.113898
v -0.882634 2.927977 -0.065657
v -1.067537 2.823170 -0.084476
v -1.087235 2.803603 -0.043660
v -1.091629 2.791918 0.003573
v -1.081436 2.789175 0.048884
v -1.059228 2.794549 0.088567
v -0.865300 2.931312 -0.031024
v -0.857604 2.928557 0.006840
v -0.859151 2.920583 0.043245
v -0.869414 2.908400 0.075657
v -0.888943 2.891454 0.104786
v -0.916794 2.870726 0.127144
v -0.950481 2.848568 0.138802
v -0.990371 2.825497 0.136464
v -1.028070 2.807312 0.117677
v -0.992754 2.875449 -0.205108
v -0.921628 2.914909 -0.191398
v -1.059969 2.832450 -0.187964
v -0.864642 2.937400 -0.154017
v -0.822885 2.955918 -0.100796
v -1.112922 2.792850 -0.144575
v -1.141387 2.759584 -0.081244
v -1.153381 2.742226 -0.005399
v -1.136476 2.734727 0.063657
v -1.103588 2.742339 0.125754
v -0.799310 2.956298 -0.052623
v -0.789458 2.955048 0.006915
v -0.792400 2.942518 0.063245
v -0.806434 2.920995 0.110454
v -0.837085 2.893525 0.158340
v -0.881918 2.864753 0.193034
v -0.934413 2.830602 0.208996
v -0.998996 2.793453 0.203657
v -1.055669 2.761825 0.173033
v 1.233716 2.434961 -0.767233
v 1.196234 2.424342 -0.764670
v 1.280765 2.431550 -0.767485
v 1.171420 2.405018 -0.761191
v 1.153084 2.380857 -0.756976
v 1.143255 2.341913 -0.750904
v 1.150145 2.302840 -0.745312
v 1.317826 2.402361 -0.764313
v 1.336670 2.378164 -0.760897
v 1.345888 2.338012 -0.755002
v 1.216302 2.240365 -0.737299
v 1.268282 2.238185 -0.738060
v 1.309320 2.257693 -0.741904
v 1.340308 2.298838 -0.748798
v 1.176364 2.263102 -0.739871
v 1.246300 2.336201 -0.758646
v 1.223915 2.529636 -0.764448
v 1.151282 2.508995 -0.759874
v 1.315117 2.522941 -0.765341
v 1.103186 2.471524 -0.753296
v 1.067641 2.424621 -0.745578
v 1.048575 2.349089 -0.733937
v 1.061927 2.273384 -0.722939
v 1.389267 2.474190 -0.758932
v 1.423470 2.419565 -0.752193
v 1.441345 2.341705 -0.740968
v 1.190145 2.152287 -0.707560
v 1.290896 2.148065 -0.709017
v 1.370442 2.185902 -0.716298
v 1.430514 2.265701 -0.729427
v 1.112737 2.196361 -0.712521
v 1.346650 2.607516 -0.778628
v 1.213324 2.617252 -0.777673
v 1.036840 2.532292 -0.761446
v 0.984882 2.463736 -0.750123
v 0.957009 2.353303 -0.733235
v 0.976538 2.242722 -0.716606
v 1.050805 2.130078 -0.701712
v 1.163957 2.065635 -0.694575
v 1.311225 2.059414 -0.697038
v 1.427508 2.114740 -0.707564
v 1.515324 2.231410 -0.726646
v 1.531159 2.342517 -0.743464
v 1.510288 2.455039 -0.759598
v 1.450425 2.539313 -0.769725
v 1.107147 2.587074 -0.771008
v 1.223915 2.529636 -0.764448
v 1.315117 2.522941 -0.765341
v 1.151282 2.508995 -0.759874
v 1.103186 2.471524 -0.753296
v 1.067641 2.424621 -0.745578
v 1.048575 2.349089 -0.733937
v 1.061927 2.273384 -0.722939
v 1.112737 2.196361 -0.712521
v 1.190145 2.152287 -0.707560
v 1.290896 2.148065 -0.709017
v 1.370442 2.185902 -0.716298
v 1.430514 2.265701 -0.729427
v 1.441345 2.341705 -0.740968
v 1.423470 2.419565 -0.752193
v 1.389267 2.474190 -0.758932
v 1.196495 2.791134 -0.650557
v 1.399624 2.768616 -0.652633
v 0.922993 2.645920 -0.624552
v 1.029155 2.734517 -0.639263
v 0.847510 2.525430 -0.605657
v 0.817034 2.348644 -0.579179
v 0.859818 2.179765 -0.553059
v 0.971270 2.036659 -0.537196
v 1.131403 1.951318 -0.527219
v 1.327771 1.941103 -0.528540
v 1.495649 2.007806 -0.542212
v 1.637623 2.156976 -0.567410
v 1.683339 2.332034 -0.593685
v 1.658454 2.511526 -0.619007
v 1.565691 2.655057 -0.637625
v 1.389842 2.724226 -0.834679
v 1.542391 2.623068 -0.822814
v 1.629652 2.498125 -0.807093
v 1.664691 2.332920 -0.782117
v 1.631202 2.165570 -0.756724
v 1.501703 2.003136 -0.729880
v 1.341217 1.928478 -0.714941
v 1.127984 1.935006 -0.712522
v 0.970633 2.020808 -0.722304
v 0.854520 2.182921 -0.744263
v 0.824806 2.345079 -0.767462
v 0.869980 2.524358 -0.794747
v 0.947751 2.627332 -0.811872
v 1.049521 2.702198 -0.824549
v 1.205891 2.747914 -0.835548
v 0.076155 -4.414674 2.351839
v 0.256607 -4.167264 2.675533
v 0.371790 -3.828212 2.947125
v 0.506385 -3.399685 3.286391
v 0.563825 -3.033542 3.495756
v 0.574019 -2.658910 3.698733
v 0.538770 -2.338403 3.848752
v 0.344026 -1.998944 3.974852
v 0.107985 -1.913072 4.075737
v 0.375197 -0.904415 2.751804
v 0.681415 -0.939821 2.560561
v 0.954366 -1.331480 2.464115
v 0.998598 -1.725376 2.290779
v 0.933225 -2.085735 2.151929
v 0.814550 -2.439073 2.004817
v 0.553916 -2.960383 1.758105
v 0.295842 -3.358677 1.564268
v -0.004182 -3.787957 1.414199
v -0.150243 -1.974400 3.956681
v 0.086757 -0.867651 2.489681
v 1.832674 2.509714 0.617440
v 2.119681 2.264719 0.767455
v 2.317422 1.706122 1.203939
v 2.256292 1.187618 1.760262
v 1.559465 0.896555 2.676017
v 1.971595 0.950524 2.284148
v 1.116178 0.950779 2.812519
v 0.692638 1.001899 2.782069
v 0.289841 1.039109 2.636828
v -0.141507 1.104273 2.364755
v -0.367263 1.400829 1.904596
v 0.921938 2.770736 0.522874
v 1.159901 2.749857 0.502830
v 1.456778 2.675177 0.533418
v 0.627997 2.764845 0.583078
v 0.394042 2.709806 0.669395
v -0.086560 2.333562 0.997932
v -0.376506 1.876685 1.394428
v 2.034219 2.650393 0.323113
v 2.418983 2.341664 0.547049
v 2.679659 1.673053 1.107711
v 2.608232 1.064769 1.806487
v 2.257617 0.782626 2.467376
v 1.726194 0.717578 2.965264
v 1.145623 0.781842 3.150269
v 0.609622 0.846524 3.115446
v 0.114538 0.902590 2.940879
v -0.426126 1.004444 2.585303
v -0.727723 1.366549 1.995756
v 1.569685 2.846755 0.210891
v 0.889216 2.967668 0.198217
v 1.196774 2.938915 0.173561
v 0.522497 2.961387 0.275774
v 0.202462 2.892358 0.404255
v -0.385558 2.461897 0.823784
v -0.737569 1.927499 1.345707
v -2.203954 -0.924932 -0.034130
v -2.297511 -0.547164 -0.088450
v -2.343481 -0.069478 -0.158438
v -2.322198 0.331019 -0.218248
v -2.236159 0.765278 -0.284269
v -2.092262 1.167496 -0.346807
v -1.900115 1.532271 -0.404721
v -1.666622 1.858076 -0.457655
v -1.392715 2.148533 -0.506129
v -1.103117 2.385130 -0.546979
v -0.795841 2.579013 -0.581953
v -0.474379 2.731650 -0.611016
v -0.158342 2.839873 -0.633364
v 0.202667 2.918068 -0.652153
v 0.568818 2.952220 -0.664697
v 0.976956 2.938060 -0.670371
v 1.445844 2.852945 -0.667176
v 1.864894 2.709192 -0.654685
v 2.283568 2.490804 -0.630943
v 2.602654 2.261384 -0.603590
v 2.847382 2.034516 -0.572299
v 3.055407 1.791236 -0.521626
v 3.245129 1.510472 -0.432131
v 3.397707 1.212838 -0.310971
v 3.502140 0.919650 -0.170729
v 3.570580 0.608289 -0.029528
v 3.601107 0.266736 0.114312
v 3.587441 -0.087999 0.249062
v 3.516131 -0.486159 0.387599
v 3.385413 -0.889326 0.506683
v 3.254411 -1.165871 0.583219
v 3.007758 -1.556969 0.672445
v 2.623181 -1.997996 0.734964
v 2.177520 -2.355564 0.753228
v 1.799627 -2.578066 0.731169
v 1.324743 -2.770332 0.674167
v 0.783419 -2.893824 0.566916
v 0.249726 -2.920114 0.424084
v -0.177709 -2.863465 0.306996
v -0.653796 -2.704123 0.215328
v -1.087157 -2.455259 0.170173
v -1.514762 -2.084755 0.123798
v -1.845320 -1.671996 0.069242
v -2.068970 -1.271968 0.014643
v -2.399130 -0.990496 -0.059672
v -2.498736 -0.586176 -0.119695
v -2.547261 -0.079408 -0.195275
v -2.524683 0.350192 -0.258588
v -2.433161 0.812936 -0.327760
v -2.279552 1.242136 -0.395167
v -2.074527 1.631555 -0.456849
v -1.825383 1.979745 -0.512311
v -1.533324 2.289617 -0.563820
v -1.224212 2.542913 -0.605750
v -0.896415 2.751133 -0.639118
v -0.553554 2.914819 -0.667620
v -0.215070 3.030496 -0.692161
v 0.169833 3.113604 -0.712897
v 0.561612 3.150773 -0.723812
v 0.998129 3.136589 -0.725643
v 1.497197 3.046305 -0.720783
v 1.945739 2.892043 -0.708820
v 2.390991 2.658846 -0.687059
v 2.732455 2.412766 -0.660340
v 2.996508 2.168523 -0.625063
v 3.221981 1.906703 -0.565050
v 3.426237 1.606929 -0.461700
v 3.589591 1.290302 -0.323653
v 3.701099 0.978293 -0.166638
v 3.774119 0.645750 -0.014763
v 3.807240 0.279550 0.134039
v 3.793035 -0.101933 0.272787
v 3.717523 -0.528591 0.413169
v 3.579128 -0.958561 0.534150
v 3.437030 -1.257288 0.620113
v 3.173807 -1.672294 0.718093
v 2.764961 -2.140966 0.783268
v 2.291503 -2.521438 0.803082
v 1.885149 -2.760321 0.780833
v 1.378276 -2.964646 0.722207
v 0.802107 -3.096023 0.607595
v 0.235114 -3.125345 0.447335
v -0.225391 -3.064858 0.310422
v -0.737430 -2.893144 0.206650
v -1.205716 -2.624302 0.156161
v -1.662188 -2.229036 0.105605
v -2.014966 -1.789116 0.048244
v -2.254244 -1.362470 -0.007730
v -1.421937 0.962310 -0.146605
v -1.431692 0.521229 -0.080947
v -1.173806 0.139142 -0.029655
v -0.741804 -0.021660 -0.016204
v -0.383613 0.047733 -0.033208
v -0.081255 0.301642 -0.075957
v 0.036658 0.854483 -0.162110
v -0.144436 1.221967 -0.211436
v -0.464580 1.430245 -0.236979
v -0.819779 1.460015 -0.236870
v -1.184365 1.302099 -0.202893
v -1.579367 1.016876 -0.150835
v -1.591297 0.477522 -0.070548
v -1.275954 0.010307 -0.007829
v -0.747701 -0.186322 0.008620
v -0.309705 -0.101470 -0.012173
v 0.060018 0.209011 -0.064446
v 0.204202 0.885026 -0.169795
v -0.017240 1.334384 -0.230109
v -0.408711 1.589066 -0.261344
v -0.843048 1.625469 -0.261212
v -1.288864 1.432371 -0.219664
v 1.212428 -0.121001 -0.332740
v 1.430941 -0.125742 -0.325071
v 1.645457 -0.020238 -0.339494
v 1.789165 0.201102 -0.377887
v 1.800233 0.415816 -0.419219
v 1.746370 0.561098 -0.448206
v 1.596401 0.710014 -0.472005
v 1.400699 0.794214 -0.483693
v 1.204623 0.781918 -0.477079
v 1.023027 0.685400 -0.459099
v 0.899566 0.519863 -0.433665
v 0.866071 0.330181 -0.403896
v 0.887089 0.164399 -0.378365
v 1.038258 -0.050055 -0.351658
v 1.186095 -0.236713 -0.317061
v 1.456072 -0.240269 -0.307929
v 1.723714 -0.107395 -0.327093
v 1.901668 0.165741 -0.374109
v 1.918006 0.433653 -0.424115
v 1.847402 0.622637 -0.459485
v 1.663436 0.806957 -0.487902
v 1.420055 0.909639 -0.501717
v 1.171620 0.895021 -0.493732
v 0.944928 0.774297 -0.471019
v 0.790421 0.566389 -0.438882
v 0.746163 0.332536 -0.402334
v 0.776228 0.122285 -0.372145
v 0.964611 -0.141918 -0.341118
v 0.271929 -1.385101 -0.122004
v 0.508938 -1.362118 -0.119814
v 0.697167 -1.200023 -0.143364
v 0.775391 -0.957391 -0.190139
v 0.729867 -0.762872 -0.227746
v 0.611570 -0.599669 -0.256180
v 0.439746 -0.514518 -0.268579
v 0.281341 -0.480628 -0.271206
v 0.080414 -0.535647 -0.259963
v -0.075592 -0.670567 -0.237401
v -0.153126 -0.860556 -0.206429
v -0.130549 -1.115416 -0.168301
v 0.060123 -1.341623 -0.133024
v 0.264940 -1.496046 -0.105405
v 0.553342 -1.462269 -0.104948
v 0.789777 -1.261031 -0.134749
v 0.886389 -0.962255 -0.190806
v 0.832120 -0.718469 -0.236155
v 0.684076 -0.516823 -0.269941
v 0.475878 -0.409617 -0.285102
v 0.277165 -0.370658 -0.287904
v 0.026833 -0.438520 -0.274056
v -0.166869 -0.606525 -0.245838
v -0.263546 -0.843570 -0.207395
v -0.232806 -1.156945 -0.160910
v 0.003298 -1.434817 -0.118746
v -1.339378 -1.492835 0.046485
v -1.133358 -1.455369 0.037529
v -0.954825 -1.288782 0.006115
v -0.913198 -1.084591 -0.022542
v -0.962249 -0.871441 -0.053267
v -1.108018 -0.735659 -0.070472
v -1.303070 -0.677158 -0.075144
v -1.513238 -0.717569 -0.064771
v -1.665379 -0.860942 -0.040276
v -1.733844 -1.034294 -0.013045
v -1.691673 -1.252983 0.018647
v -1.551443 -1.424638 0.041286
v -1.623770 -1.530639 0.054578
v -1.346668 -1.622131 0.059983
v -1.074484 -1.570753 0.046689
v -0.841756 -1.352005 0.006613
v -0.782373 -1.084427 -0.030524
v -0.850054 -0.807994 -0.068514
v -1.041866 -0.624596 -0.090476
v -1.296529 -0.548745 -0.096245
v -1.572537 -0.603799 -0.081884
v -1.773820 -0.789145 -0.049967
v -1.862379 -1.021538 -0.014256
v -1.809074 -1.307101 0.026390
v 2.500451 2.381644 0.733995
v 2.106617 2.792531 0.487753
v 2.751349 1.592292 1.304650
v 2.670338 0.995759 1.973780
v 1.798912 0.786601 3.085075
v 2.328259 0.774181 2.596336
v 0.615666 0.998743 3.239819
v 1.191336 0.896071 3.276566
v 0.099501 1.036796 3.053962
v -0.426278 1.083213 2.712567
v -0.710267 1.374429 2.165758
v 1.625571 3.057488 0.363540
v 1.238035 3.190408 0.322880
v 0.920814 3.220089 0.348380
v 0.541458 3.176151 0.430929
v 0.193347 3.037025 0.578947
v -0.406082 2.548948 1.022362
v -0.735561 1.919707 1.545489
v -0.978988 0.587225 -1.031687
v -0.962786 0.499717 -1.018999
v -0.964676 0.673415 -1.044835
v -0.921217 0.749689 -1.057102
v -0.853856 0.807306 -1.067129
v -0.771029 0.838139 -1.073456
v -0.681570 0.838371 -1.075308
v -0.597682 0.809404 -1.072766
v -0.528518 0.753127 -1.065841
v -0.482861 0.676835 -1.055429
v -0.467054 0.589597 -1.042739
v -0.481126 0.502790 -1.029570
v -0.524745 0.426306 -1.017294
v -0.592433 0.369267 -1.007380
v -0.676639 0.338946 -1.001061
v -0.765431 0.338952 -0.999172
v -0.849527 0.368623 -1.001845
v -0.917518 0.424593 -1.008748
v -0.722800 0.589682 -1.029864
v -1.185074 0.581458 -1.058834
v -1.155879 0.423710 -1.036134
v -1.159295 0.736669 -1.082691
v -1.080975 0.874155 -1.104851
v -0.959650 0.977859 -1.123397
v -0.810160 1.033485 -1.134927
v -0.649078 1.033974 -1.137867
v -0.497960 0.981750 -1.133555
v -0.373271 0.880265 -1.121274
v -0.290967 0.742725 -1.102491
v -0.262475 0.585560 -1.079376
v -0.287813 0.429288 -1.056188
v -0.366515 0.291238 -1.034293
v -0.488588 0.188412 -1.016266
v -0.640228 0.133881 -1.004352
v -0.800239 0.133950 -1.000443
v -0.951740 0.187412 -1.005284
v -1.074295 0.288318 -1.017495
v -1.177137 0.412268 -1.060897
v -1.285368 0.382174 -0.993443
v -1.330561 0.382202 -0.868425
v -1.280141 0.418148 -0.752379
v -1.091704 0.270374 -1.041421
v -1.179474 0.204892 -0.969405
v -1.215621 0.189865 -0.842894
v -1.174379 0.240556 -0.728266
v -0.963176 0.164569 -1.028316
v -1.018804 0.073090 -0.952954
v -1.041172 0.047197 -0.825009
v -1.013358 0.109297 -0.711501
v -0.804348 0.108517 -1.023529
v -0.822448 0.003134 -0.946601
v -0.828529 -0.027837 -0.818474
v -0.817731 0.040243 -0.705330
v -0.636674 0.108545 -1.027316
v -0.614398 0.005088 -0.951321
v -0.602386 -0.026377 -0.823183
v -0.609207 0.041354 -0.709957
v -0.478075 0.165612 -1.039697
v -0.419155 0.076740 -0.965801
v -0.390659 0.051414 -0.839306
v -0.414189 0.113311 -0.723917
v -0.349988 0.273499 -1.058553
v -0.260569 0.209717 -0.989013
v -0.219107 0.195997 -0.864524
v -0.256272 0.246265 -0.747770
v -0.267463 0.418382 -1.081821
v -0.158195 0.388584 -1.017510
v -0.107212 0.390522 -0.894731
v -0.153800 0.425640 -0.776131
v -0.240980 0.581728 -1.105671
v -0.124022 0.592183 -1.048692
v -0.070352 0.610127 -0.928612
v -0.119400 0.628135 -0.807247
v -0.270819 0.746250 -1.130255
v -0.357069 0.890515 -1.149752
v -0.487876 0.996988 -1.162542
v -0.646042 1.051650 -1.166999
v -0.814756 1.051108 -1.164005
v -0.971622 0.992702 -1.152021
v -1.098672 0.884044 -1.132781
v -1.180662 0.740108 -1.109524
v -1.207697 0.577685 -1.084572
v -0.161332 0.795192 -1.078084
v -0.111456 0.830329 -0.960510
v -0.157457 0.831076 -0.836594
v -0.267564 0.973041 -1.102313
v -0.225890 1.023202 -0.986344
v -0.263350 1.008290 -0.860817
v -0.428590 1.104895 -1.118748
v -0.400694 1.165613 -1.005048
v -0.424595 1.140007 -0.877125
v -0.625177 1.174378 -1.125076
v -0.613838 1.241301 -1.011900
v -0.619880 1.209003 -0.883202
v -0.833288 1.172132 -1.120550
v -0.840011 1.239776 -1.006828
v -0.827931 1.207862 -0.878531
v -1.028951 1.101051 -1.105420
v -1.051330 1.162018 -0.990993
v -1.023340 1.136125 -0.864165
v -1.186458 0.966777 -1.082720
v -1.223639 1.017643 -0.965444
v -1.181507 1.002849 -0.841129
v -1.289527 0.788183 -1.053774
v -1.334726 0.823429 -0.934111
v -1.284042 0.823765 -0.812675
v -1.323669 0.584899 -1.023011
v -1.371803 0.602706 -0.900728
v -1.318234 0.620666 -0.781744
v -1.155879 0.423710 -1.036134
v -1.074295 0.288318 -1.017495
v -0.951740 0.187412 -1.005284
v -0.800239 0.133950 -1.000443
v -0.640228 0.133881 -1.004352
v -0.488588 0.188412 -1.016266
v -0.366515 0.291238 -1.034293
v -0.287813 0.429288 -1.056188
v -0.262475 0.585560 -1.079376
v -0.290967 0.742725 -1.102491
v -0.373271 0.880265 -1.121274
v -0.497960 0.981750 -1.133555
v -0.649078 1.033974 -1.137867
v -0.810160 1.033485 -1.134927
v -0.959650 0.977859 -1.123397
v -1.080975 0.874155 -1.104851
v -1.159295 0.736669 -1.082691
v -1.185074 0.581458 -1.058834
v -1.151804 0.473807 -0.701690
v -1.070060 0.336009 -0.683125
v -0.945485 0.234557 -0.670048
v -0.793873 0.181259 -0.664455
v -0.632571 0.182318 -0.667746
v -0.482022 0.237504 -0.679962
v -0.359629 0.341429 -0.696723
v -0.280500 0.479733 -0.720235
v -0.254520 0.635413 -0.743662
v -0.283616 0.792150 -0.767012
v -0.364815 0.929591 -0.785643
v -0.490569 1.031640 -0.798533
v -0.641637 1.084796 -0.801727
v -0.802582 1.083470 -0.798738
v -0.953381 1.028191 -0.788378
v -1.076170 0.925385 -0.769597
v -1.154801 0.786716 -0.748303
v -1.181207 0.629972 -0.724542
v -0.717534 0.634657 -0.721241
v -1.032314 0.770019 -0.555118
v -1.037234 0.569756 -0.525106
v -0.929533 0.407250 -0.503457
v -0.738457 0.329420 -0.495532
v -0.549229 0.380727 -0.507529
v -0.428278 0.512709 -0.529803
v -0.382614 0.721999 -0.561467
v -0.466659 0.887904 -0.584116
v -0.606940 0.979043 -0.594467
v -0.774918 0.990472 -0.592876
v -0.927669 0.916754 -0.579947
v -1.028008 0.756979 -0.733132
v -1.040975 0.555908 -0.703149
v -0.935350 0.386020 -0.681013
v -0.737508 0.305822 -0.672855
v -0.544428 0.362108 -0.685155
v -0.427231 0.499437 -0.707834
v -0.391883 0.707486 -0.739521
v -0.477374 0.864085 -0.761545
v -0.611545 0.948144 -0.771345
v -0.770107 0.961520 -0.769792
v -0.920238 0.897948 -0.757533
v -1.167738 0.820926 -0.487873
v -1.174112 0.543398 -0.446029
v -1.013337 0.292212 -0.406037
v -0.740991 0.190085 -0.396861
v -0.482451 0.269130 -0.420163
v -0.305450 0.456522 -0.451403
v -0.244245 0.752370 -0.499346
v -0.358400 0.985553 -0.531638
v -0.557075 1.116137 -0.546860
v -0.791101 1.134999 -0.545412
v -1.021440 1.033623 -0.523315
v -1.321637 0.893319 -0.365158
v -1.330004 0.520078 -0.309039
v -1.113127 0.184149 -0.253772
v -0.744458 0.046327 -0.241046
v -0.399050 0.150620 -0.274462
v -0.159898 0.404354 -0.315010
v -0.077363 0.801289 -0.379475
v -0.231305 1.116055 -0.421812
v -0.500315 1.292471 -0.442468
v -0.813500 1.317697 -0.441648
v -1.122616 1.181996 -0.412044
v -1.475351 0.980823 -0.148040
v -1.485844 0.506400 -0.077419
v -1.208463 0.095430 -0.022249
v -0.743805 -0.077528 -0.007781
v -0.317076 0.041299 -0.033368
v -0.013030 0.365355 -0.086878
v 0.093503 0.864846 -0.164718
v -0.101280 1.260108 -0.217771
v -0.445624 1.484130 -0.245246
v -0.827673 1.516152 -0.245129
v -1.219819 1.346298 -0.208583
v 1.187426 3.102550 0.638048
v 1.529743 3.010587 0.661865
v 1.500552 2.905185 0.847498
v 1.199020 2.980730 0.830328
v 1.177387 2.834368 0.392318
v 1.502745 2.752522 0.425842
v 1.915738 2.837183 0.738728
v 1.914705 2.571184 0.517925
v 1.861503 2.780898 0.859185
v 2.243248 2.579142 0.933125
v 2.480413 2.262205 1.434894
v 2.229245 2.302686 0.682331
v 2.480332 2.119126 2.020451
v 2.110137 2.575679 1.043096
v 2.272477 2.325268 1.504634
v 2.262669 2.207553 2.015620
v 2.468319 1.572635 1.898154
v 2.215340 1.465663 2.489986
v 1.838585 1.490067 2.946385
v 1.313828 1.572806 3.165687
v 0.787573 1.633910 3.158297
v 0.320578 1.642804 2.973174
v -0.071457 1.631811 2.688062
v -0.435552 1.800345 2.050400
v -0.188656 2.378132 0.934920
v 0.227446 2.703882 0.650475
v 0.594453 2.850793 0.480266
v 0.916594 2.857247 0.414286
v 0.930709 3.112930 0.663517
v 0.605815 3.079787 0.730803
v 0.253869 2.936235 0.894186
v -0.115740 2.676105 1.187412
v -0.353386 2.384400 1.598803
v -0.336210 2.220110 2.068732
v 0.024035 2.262946 2.665294
v 0.432583 2.408403 2.946954
v 0.964624 2.499374 3.123619
v 1.518192 2.409991 3.122940
v 1.955663 2.260685 2.912220
v 2.272359 2.159640 2.537218
v 1.190470 3.114874 0.567739
v 0.921078 3.126338 0.586636
v 0.583423 3.094127 0.652575
v 0.221762 2.936795 0.831147
v -0.154120 2.664529 1.140770
v -0.401967 2.351671 1.575750
v -0.382424 2.177329 2.073992
v -0.027638 2.204952 2.719388
v 0.380150 2.351816 3.043802
v 0.934656 2.447646 3.264183
v 1.529424 2.351500 3.251937
v 2.000531 2.196070 3.005389
v 2.339446 2.090865 2.571971
v 2.538574 2.062368 2.027296
v 2.527724 2.223700 1.410562
v 2.278432 2.568783 0.876434
v 1.943354 2.834827 0.680037
v 1.541512 3.020534 0.593817
v 0.953521 2.997483 0.834099
v 0.395160 2.921273 0.948463
v 0.586660 3.000624 0.841943
v 0.024369 2.648235 1.288270
v 2.445956 1.690499 1.160690
v 2.495132 1.941015 1.289240
v 2.378963 1.122250 1.770386
v 1.615285 0.803264 2.773996
v 2.066952 0.862411 2.344532
v 1.129469 0.862691 2.923593
v 0.665295 0.918715 2.890223
v 0.223854 0.959495 2.731047
v -0.135420 1.013770 2.504435
v -0.496289 1.355917 1.928567
v -0.457543 2.137217 1.487110
v -0.506420 1.877425 1.369456
v 1.894541 2.639873 1.093895
v 0.581457 2.890888 1.008523
v 1.824369 2.307136 2.804856
v 2.081794 2.231420 2.478715
v 1.460027 2.420109 2.945565
v 0.974016 2.490324 2.936035
v 0.534148 2.419739 2.794116
v 0.076462 2.283752 2.551750
v -0.157720 2.278267 2.100290
v -0.175698 2.415899 1.654748
v 1.535645 2.759095 1.107179
v 1.195684 2.844289 1.097287
v 0.900743 2.872715 1.057503
v 2.014482 2.421990 1.534422
v 2.002882 2.316852 1.976473
v 1.582001 2.580369 1.528656
v 1.561551 2.481139 1.919672
v 1.150306 2.687413 1.502395
v 1.097364 2.587803 1.862004
v 0.752469 2.688283 1.444303
v 0.653163 2.558774 1.793541
v 0.285472 2.659370 1.366724
v 0.121285 2.479859 1.707765
v 1.861024 2.316648 2.408005
v 1.469695 2.441334 2.341558
v 1.044702 2.515787 2.295128
v 0.621756 2.466858 2.224579
v 0.107026 2.358090 2.134453
v 1.407714 2.432420 2.725145
v 1.004138 2.483896 2.700554
v 0.631900 2.432688 2.592820
v 0.219478 2.333751 2.490927
v 1.726014 2.343455 2.681088
v 0.276920 -3.921442 2.669559
v 0.189093 -3.596951 1.848331
v 1.056126 -3.462480 2.052653
v 0.340692 -3.223514 1.781803
v 1.144080 -3.812590 2.608911
v 0.370145 -3.754411 2.966620
v 0.473991 -3.347558 3.229876
v 0.541780 -2.806275 3.475454
v 1.099717 -3.236951 2.028243
v 1.213178 -3.736434 2.871195
v 1.287937 -3.358549 3.172324
v 1.299100 -2.813465 3.424259
v 0.452548 -1.948108 3.748793
v 0.594472 -2.722188 1.969338
v 1.225107 -2.774417 2.185391
v 1.289356 -2.315201 2.392826
v 0.749136 -2.237588 2.186780
v 0.691735 -1.239195 2.676543
v 0.677284 -3.910206 2.655115
v 0.579685 -3.574503 1.922038
v 0.666607 -3.247255 1.853033
v 0.859220 -2.725290 2.021420
v 0.981786 -2.242441 2.231688
v 0.952577 -1.301184 2.715009
v 0.720080 -1.965331 3.770274
v 0.870025 -2.837628 3.489286
v 0.833769 -3.369345 3.250125
v 0.752143 -3.778503 2.957491
v 0.470053 -1.740379 3.499623
v 0.743434 -1.771003 3.524422
v 1.270625 -2.685654 3.162025
v 1.252148 -3.193919 2.930010
v 1.180397 -3.596471 2.675474
v 1.124436 -3.731399 2.497471
v 1.094456 -3.778248 2.426030
v 0.611928 -3.904999 2.391837
v 0.202125 -3.950665 2.401853
v 0.157249 -3.865932 2.129278
v 0.573850 -3.814931 2.165436
v 1.055566 -3.674499 2.236316
v 1.072908 -3.547726 2.200058
v 1.114677 -3.345846 2.246495
v 1.204716 -2.902991 2.431459
v 1.248186 -2.432915 2.639412
v 0.860106 -1.448876 2.986936
v 0.573794 -1.382157 2.950693
v 0.731122 -1.234389 2.616749
v 0.958941 -1.294140 2.629260
v 1.286718 -2.281808 2.330315
v 1.208835 -2.748985 2.118711
v 1.074029 -3.237023 1.970665
v 1.024829 -3.497306 2.011446
v 1.027672 -3.725076 2.210562
v 1.064397 -3.826661 2.402618
v 1.123233 -3.863386 2.626960
v 1.194193 -3.778993 2.918379
v 1.264158 -3.400304 3.233541
v 1.275940 -2.839805 3.484244
v 0.713923 -2.040194 3.805602
v 0.461531 -2.036893 3.789379
v 0.809508 -1.884217 2.337709
v 1.015727 -1.878120 2.381604
v 1.290437 -1.884704 2.487779
v 1.291355 -1.918006 2.557473
v 1.238696 -2.042450 2.798346
v 1.237079 -2.288628 3.330480
v 1.254031 -2.406608 3.600717
v 1.221558 -2.443464 3.663800
v 0.845095 -2.486240 3.640643
v 0.538742 -2.491861 3.612339
v 0.487590 -2.186465 3.738992
v 0.733637 -2.175822 3.764380
v 0.977847 -2.118516 3.789459
v 1.005600 -2.058506 3.744487
v 1.039244 -1.908970 3.479159
v 1.105036 -1.642413 2.946740
v 1.166306 -1.497953 2.704096
v 1.178466 -1.481067 2.620384
v 0.968328 -1.470672 2.535821
v 0.801978 -1.449393 2.511057
vn 0.1299 -0.9815 0.1410
vn 0.0157 -0.2870 -0.9578
vn 0.0152 -0.2734 -0.9618
vn 0.0716 -0.2687 -0.9606
vn 0.0806 -0.2791 -0.9569
vn 0.1135 -0.2390 -0.9644
vn 0.1256 -0.2469 -0.9609
vn 0.1230 -0.1939 -0.9733
vn 0.1362 -0.1958 -0.9711
vn 0.1070 -0.1339 -0.9852
vn 0.1192 -0.1290 -0.9845
vn 0.0728 -0.0846 -0.9938
vn 0.0802 -0.0745 -0.9940
vn 0.0303 -0.0564 -0.9980
vn 0.0347 -0.0423 -0.9985
vn -0.0170 -0.0465 -0.9988
vn -0.0181 -0.0330 -0.9993
vn -0.0633 -0.0561 -0.9964
vn -0.0712 -0.0428 -0.9965
vn -0.1043 -0.0868 -0.9907
vn -0.1178 -0.0772 -0.9900
vn -0.1267 -0.1361 -0.9826
vn -0.1431 -0.1315 -0.9809
vn -0.1117 -0.1950 -0.9744
vn -0.1255 -0.1981 -0.9721
vn -0.0594 -0.2468 -0.9672
vn -0.0660 -0.2559 -0.9644
vn -0.0483 -0.9886 0.1429
vn -0.5663 -0.8147 0.1252
vn -0.5795 -0.8055 0.1241
vn -0.0523 -0.9883 0.1429
vn 0.4123 -0.9025 0.1240
vn 0.8409 -0.5373 0.0640
vn 0.8362 -0.5445 0.0651
vn 0.4202 -0.8990 0.1234
vn 0.9977 -0.0669 -0.0089
vn 0.9967 -0.0803 -0.0068
vn 0.9114 0.4041 -0.0772
vn 0.9148 0.3966 -0.0762
vn 0.6895 0.7150 -0.1160
vn 0.6897 0.7148 -0.1159
vn 0.3463 0.9273 -0.1419
vn 0.3425 0.9287 -0.1421
vn -0.0817 0.9860 -0.1454
vn -0.0751 0.9865 -0.1455
vn -0.4613 0.8786 -0.1234
vn -0.4733 0.8724 -0.1223
vn -0.8038 0.5904 -0.0736
vn -0.8137 0.5769 -0.0713
vn -0.9906 0.1370 -0.0023
vn -0.9925 0.1223 -0.0001
vn -0.9200 -0.3853 0.0711
vn -0.9139 -0.3994 0.0730
vn 0.0035 -0.1689 -0.9856
vn 0.0268 -0.2951 -0.9551
vn 0.0578 -0.2924 -0.9546
vn 0.0526 -0.2788 -0.9589
vn 0.0985 -0.2594 -0.9607
vn 0.1090 -0.2701 -0.9566
vn 0.1227 -0.2194 -0.9679
vn 0.1366 -0.2240 -0.9650
vn 0.1230 -0.1729 -0.9772
vn 0.1369 -0.1712 -0.9757
vn 0.0971 -0.1111 -0.9890
vn 0.1082 -0.1045 -0.9886
vn 0.0619 -0.0693 -0.9957
vn 0.0690 -0.0572 -0.9960
vn 0.0112 -0.0461 -0.9989
vn 0.0130 -0.0318 -0.9994
vn -0.0468 -0.0447 -0.9979
vn -0.0520 -0.0291 -0.9982
vn -0.0899 -0.0615 -0.9940
vn -0.1017 -0.0486 -0.9936
vn -0.1214 -0.1021 -0.9873
vn -0.1374 -0.0941 -0.9860
vn -0.1303 -0.1474 -0.9805
vn -0.1492 -0.1453 -0.9781
vn -0.1096 -0.2025 -0.9731
vn -0.1236 -0.2079 -0.9703
vn -0.0746 -0.2461 -0.9664
vn -0.0855 -0.2557 -0.9630
vn -0.2111 -0.9694 0.1256
vn -0.2074 -0.9701 0.1261
vn -0.6392 -0.7647 0.0812
vn -0.6512 -0.7547 0.0801
vn 0.2243 -0.9647 0.1377
vn 0.2336 -0.9626 0.1371
vn 0.6798 -0.7274 0.0942
vn 0.6770 -0.7299 0.0946
vn 0.9453 -0.3250 0.0282
vn 0.9434 -0.3303 0.0291
vn 0.9928 0.1127 -0.0398
vn 0.9940 0.1026 -0.0384
vn 0.8439 0.5281 -0.0950
vn 0.8464 0.5241 -0.0945
vn 0.5672 0.8131 -0.1307
vn 0.5664 0.8137 -0.1308
vn 0.1586 0.9760 -0.1490
vn 0.1529 0.9770 -0.1490
vn -0.2690 0.9533 -0.1371
vn -0.2790 0.9506 -0.1364
vn -0.6430 0.7595 -0.0983
vn -0.6532 0.7510 -0.0968
vn -0.9095 0.4135 -0.0428
vn -0.9158 0.3997 -0.0407
vn -0.9997 0.0172 0.0163
vn -0.9998 0.0082 0.0177
vn -0.9121 -0.4062 0.0557
vn -0.9075 -0.4164 0.0562
vn -0.0129 -0.2856 -0.9583
vn -0.0095 -0.2723 -0.9622
vn 0.0049 -0.1678 -0.9858
vn -0.2944 -0.9459 0.1366
vn 0.4774 -0.8773 0.0492
vn 0.4706 -0.8797 0.0684
vn -0.0645 -0.9908 0.1189
vn -0.0607 -0.9942 0.0891
vn 0.8626 -0.5057 -0.0100
vn 0.8569 -0.5152 0.0137
vn 0.9971 0.0116 -0.0757
vn 0.9992 0.0040 -0.0392
vn 0.8729 0.4716 -0.1249
vn 0.8817 0.4666 -0.0699
vn 0.4932 0.8553 -0.1586
vn 0.4999 0.8614 -0.0906
vn 0.0388 0.9853 -0.1664
vn 0.0446 0.9947 -0.0923
vn -0.4569 0.8791 -0.1358
vn -0.4525 0.8898 -0.0586
vn -0.8243 0.5607 -0.0788
vn -0.8223 0.5690 -0.0032
vn -0.9978 0.0649 -0.0100
vn -0.9957 0.0704 0.0608
vn -0.9075 -0.4167 0.0525
vn -0.9048 -0.4098 0.1159
vn -0.5580 -0.8247 0.0927
vn -0.5588 -0.8168 0.1433
vn -0.5564 -0.8295 0.0486
vn -0.0563 -0.9964 0.0633
vn 0.0177 -0.0904 -0.9957
vn -0.0155 -0.0787 -0.9968
vn -0.0152 -0.0697 -0.9975
vn 0.0224 -0.0829 -0.9963
vn -0.0530 -0.0896 -0.9946
vn -0.0579 -0.0820 -0.9949
vn -0.0809 -0.1135 -0.9902
vn -0.0883 -0.1093 -0.9901
vn -0.0902 -0.1487 -0.9848
vn -0.1003 -0.1490 -0.9837
vn -0.0807 -0.1804 -0.9803
vn -0.0883 -0.1853 -0.9787
vn -0.0540 -0.2070 -0.9769
vn -0.0594 -0.2150 -0.9748
vn -0.0227 -0.2166 -0.9760
vn -0.0230 -0.2263 -0.9738
vn 0.0111 -0.2088 -0.9779
vn 0.0158 -0.2169 -0.9761
vn 0.0365 -0.1865 -0.9818
vn 0.0447 -0.1920 -0.9804
vn 0.0481 -0.1517 -0.9873
vn 0.0570 -0.1529 -0.9866
vn 0.0425 -0.1183 -0.9921
vn 0.0511 -0.1139 -0.9922
vn -0.0204 -0.1467 -0.9890
vn 0.4841 -0.8744 0.0322
vn 0.8678 -0.4960 -0.0311
vn 0.9939 0.0187 -0.1090
vn 0.8627 0.4748 -0.1738
vn 0.4845 0.8473 -0.2177
vn 0.0334 0.9727 -0.2295
vn -0.4583 0.8656 -0.2019
vn -0.8217 0.5515 -0.1437
vn -0.9958 0.0591 -0.0704
vn -0.9071 -0.4209 -0.0020
vn 0.0023 -0.6983 0.7158
vn 0.1837 -0.7817 0.5960
vn -0.0919 -0.7284 0.6790
vn 0.0054 -0.6969 0.7171
vn -0.0759 -0.8334 0.5474
vn -0.2437 -0.7308 0.6376
vn -0.0288 -0.1508 -0.9882
vn -0.0245 -0.1490 -0.9885
vn -0.0248 -0.1491 -0.9885
vn 0.2514 -0.3796 -0.8903
vn 0.2522 -0.3791 -0.8904
vn 0.2593 -0.3780 -0.8887
vn 0.2592 -0.3780 -0.8888
vn 0.2631 -0.3776 -0.8878
vn 0.2631 -0.3777 -0.8878
vn 0.2592 -0.3660 -0.8938
vn 0.2593 -0.3660 -0.8938
vn 0.2653 -0.3630 -0.8932
vn 0.2660 -0.3634 -0.8929
vn 0.2748 -0.3682 -0.8882
vn 0.2747 -0.3681 -0.8883
vn 0.2244 -0.3677 -0.9025
vn 0.2308 -0.3714 -0.8993
vn 0.1340 -0.3287 -0.9349
vn 0.1361 -0.3295 -0.9343
vn 0.0263 -0.2673 -0.9633
vn 0.0323 -0.2717 -0.9618
vn -0.0318 -0.1998 -0.9793
vn -0.0297 -0.1596 -0.9867
vn -0.0300 -0.1601 -0.9866
vn 0.2744 -0.3678 -0.8885
vn 0.7807 -0.3736 0.5010
vn 0.7307 -0.4347 0.5264
vn 0.7018 -0.5918 -0.3964
vn 0.7415 -0.5409 -0.3969
vn 0.6326 -0.5746 0.5192
vn 0.6232 -0.6690 -0.4051
vn 0.5007 -0.7019 0.5066
vn 0.5307 -0.7329 -0.4257
vn 0.3551 -0.7992 0.4850
vn 0.4278 -0.7764 -0.4628
vn 0.2323 -0.8858 0.4018
vn 0.3382 -0.7879 -0.5146
vn 0.1600 -0.9720 0.1721
vn 0.2498 -0.7531 -0.6087
vn 0.2338 -0.9005 -0.3668
vn 0.1763 -0.6928 -0.6993
vn 0.0265 -0.7198 -0.6937
vn 0.0366 -0.6012 -0.7983
vn -0.1855 -0.6130 -0.7680
vn -0.1282 -0.5363 -0.8342
vn -0.4273 -0.5700 -0.7018
vn -0.2887 -0.4907 -0.8221
vn -0.6720 -0.5522 -0.4934
vn -0.4016 -0.4645 -0.7893
vn -0.7600 -0.5214 -0.3879
vn -0.4947 -0.4211 -0.7602
vn -0.7610 -0.4722 -0.4448
vn -0.5226 -0.3858 -0.7603
vn 0.8700 0.4821 -0.1034
vn 0.8194 0.5586 -0.1291
vn 0.8244 0.5516 -0.1267
vn 0.7153 0.6812 -0.1556
vn 0.7227 0.6736 -0.1546
vn 0.4315 0.8724 -0.2294
vn 0.4354 0.8710 -0.2276
vn 0.5885 0.7885 -0.1786
vn 0.5825 0.7927 -0.1800
vn -0.0218 0.9037 -0.4275
vn -0.0136 0.9051 -0.4250
vn 0.1418 0.9192 -0.3674
vn 0.1290 0.9189 -0.3729
vn 0.3070 0.9067 -0.2892
vn 0.2998 0.9079 -0.2928
vn -0.1905 0.8627 -0.4684
vn -0.1897 0.8630 -0.4683
vn -0.3408 0.8025 -0.4898
vn -0.3392 0.8033 -0.4896
vn -0.4982 0.7107 -0.4966
vn -0.4965 0.7119 -0.4966
vn -0.6256 0.6089 -0.4877
vn -0.6305 0.6043 -0.4871
vn -0.7277 0.4975 -0.4721
vn -0.7473 0.4709 -0.4688
vn -0.7917 0.4037 -0.4585
vn 0.3088 -0.8688 0.3870
vn 0.2429 -0.9700 -0.0057
vn 0.6249 -0.7773 -0.0730
vn 0.3807 -0.7674 0.5159
vn 0.6095 -0.6496 0.4543
vn 0.6178 -0.7622 0.1931
vn 0.8435 -0.5021 -0.1906
vn 0.7667 -0.5619 -0.3105
vn 0.3994 -0.7931 -0.4599
vn 0.2187 -0.7930 0.5687
vn 0.2627 -0.7137 0.6493
vn 0.3163 -0.5954 0.7386
vn 0.4552 -0.6035 0.6546
vn 0.8695 -0.4018 -0.2872
vn 0.7895 -0.4772 -0.3859
vn 0.4487 -0.4588 0.7669
vn 0.5436 -0.4379 0.7160
vn 0.5812 -0.5714 0.5794
vn 0.4311 -0.3234 0.8423
vn 0.5336 -0.2721 0.8008
vn 0.3616 -0.2925 0.8852
vn 0.5125 -0.2050 0.8338
vn 0.8402 -0.5030 0.2027
vn 0.3573 -0.4600 0.8128
vn 0.3862 -0.3442 0.8558
vn 0.4040 -0.2998 0.8642
vn 0.3017 -0.7159 0.6297
vn 0.6979 -0.3086 0.6462
vn 0.6602 -0.3735 0.6516
vn 0.5702 -0.5073 0.6461
vn 0.4532 -0.6225 0.6380
vn 0.5068 -0.3000 0.8082
vn 0.4817 -0.3505 0.8032
vn 0.4293 -0.5801 0.6923
vn 0.3020 -0.6675 0.6806
vn 0.5141 -0.4765 0.7132
vn 0.5914 -0.3587 0.7222
vn 0.6259 -0.2976 0.7209
vn 0.4176 -0.4574 0.7851
vn 0.3490 -0.5639 0.7484
vn 0.0894 -0.7023 -0.7062
vn -0.2114 -0.6131 -0.7612
vn 0.5525 -0.6435 -0.5298
vn 0.1852 -0.6667 -0.7220
vn -0.1825 -0.6188 -0.7641
vn 0.1887 0.9818 0.0216
vn 0.1932 0.9810 0.0174
vn 0.2051 0.9787 0.0061
vn 0.1760 0.9827 0.0583
vn 0.1762 0.9828 0.0558
vn 0.1246 0.9860 0.1106
vn 0.1287 0.9857 0.1084
vn 0.0503 0.9897 0.1338
vn 0.0530 0.9896 0.1337
vn -0.0479 0.9838 0.1729
vn -0.0434 0.9846 0.1694
vn 0.6156 -0.5725 -0.5415
vn 0.2670 -0.6510 -0.7106
vn 0.8862 -0.3443 -0.3100
vn 0.8195 -0.4279 -0.3812
vn 0.9225 -0.2923 -0.2521
vn 0.8810 -0.3630 -0.3034
vn 0.9601 -0.2176 -0.1754
vn 0.9544 -0.2468 -0.1681
vn -0.1490 -0.6309 -0.7614
vn 0.6877 -0.5261 -0.5003
vn 0.3628 -0.6438 -0.6737
vn -0.0894 -0.6568 -0.7487
vn 0.9900 -0.1122 -0.0854
vn 0.9878 -0.1444 -0.0577
vn 0.9995 0.0062 0.0300
vn 0.9977 -0.0324 0.0603
vn 0.9948 0.0723 0.0720
vn 0.9906 0.0410 0.1308
vn 0.7461 -0.4889 -0.4520
vn 0.9537 -0.2511 -0.1655
vn 0.8928 -0.3530 -0.2799
vn 0.4355 -0.6371 -0.6360
vn 0.7606 -0.4893 -0.4268
vn 0.4657 -0.6486 -0.6020
vn -0.0393 -0.6850 -0.7275
vn -0.0120 -0.7181 -0.6958
vn 0.9866 -0.1533 -0.0559
vn 0.9966 -0.0457 0.0678
vn 0.9891 0.0251 0.1448
vn 0.9853 -0.0004 0.1711
vn 0.9941 -0.0633 0.0879
vn 0.9788 -0.0293 0.2027
vn 0.9881 -0.0918 0.1231
vn 0.9615 -0.0914 0.2592
vn 0.9716 -0.1514 0.1820
vn 0.9208 -0.1954 0.3376
vn 0.8316 -0.3523 0.4294
vn 0.8544 -0.3642 0.3706
vn 0.9337 -0.2440 0.2619
vn 0.9541 -0.2616 -0.1462
vn 0.8946 -0.3682 -0.2534
vn 0.9851 -0.1666 -0.0420
vn -0.8407 -0.4845 -0.2420
vn -0.7166 -0.5176 -0.4676
vn -0.7906 -0.4899 -0.3673
vn -0.8409 -0.3681 -0.3967
vn -0.8234 -0.4167 -0.3852
vn -0.7461 -0.4612 -0.4802
vn -0.7555 -0.4276 -0.4963
vn -0.4822 -0.5522 -0.6801
vn -0.5368 -0.5267 -0.6591
vn -0.5595 -0.5107 -0.6528
vn -0.7686 -0.3924 -0.5052
vn -0.8322 -0.3411 -0.4372
vn -0.5421 -0.5248 -0.6563
vn -0.7700 -0.3797 -0.5127
vn -0.8201 -0.3352 -0.4638
vn -0.5157 -0.5570 -0.6510
vn -0.7709 -0.3886 -0.5047
vn -0.8339 -0.3294 -0.4429
vn -0.4793 -0.6131 -0.6280
vn -0.7647 -0.4338 -0.4765
vn -0.8566 -0.3389 -0.3890
vn 0.7599 -0.5164 -0.3947
vn 0.4727 -0.6845 -0.5550
vn 0.0036 -0.7689 -0.6394
vn -0.4513 -0.6899 -0.5660
vn -0.7294 -0.5411 -0.4185
vn -0.8652 -0.3711 -0.3371
vn 0.6583 -0.7236 -0.2074
vn 0.7383 -0.5845 -0.3365
vn 0.8803 -0.4265 -0.2078
vn 0.8274 -0.5512 -0.1077
vn 0.1756 -0.9534 0.2453
vn 0.4487 -0.8937 0.0018
vn 0.6887 -0.7214 0.0726
vn 0.4520 -0.8356 0.3122
vn 0.2821 -0.8497 0.4455
vn 0.0236 -0.9213 0.3881
vn 0.6608 -0.6682 0.3418
vn 0.4202 -0.7775 0.4679
vn 0.9466 -0.3033 -0.1093
vn 0.9174 -0.3965 -0.0325
vn 0.9799 -0.1990 -0.0096
vn 0.9614 -0.2700 0.0524
vn 0.8266 -0.5496 0.1212
vn 0.9088 -0.3858 0.1588
vn 0.7859 -0.5042 0.3579
vn -0.6948 -0.6541 -0.2991
vn -0.7927 -0.5725 -0.2095
vn -0.8274 -0.4920 -0.2708
vn -0.4103 -0.9084 0.0804
vn -0.0840 -0.9807 0.1766
vn -0.2306 -0.9250 0.3020
vn -0.4824 -0.8597 0.1677
vn 0.4630 -0.7500 -0.4725
vn 0.0093 -0.8448 -0.5350
vn -0.4240 -0.7835 -0.4544
vn -0.3703 -0.8859 -0.2795
vn -0.6066 -0.7862 -0.1180
vn 0.0014 -0.9277 -0.3734
vn 0.4338 -0.8466 -0.3084
vn 0.1636 -0.9834 -0.0782
vn -0.2497 -0.9649 -0.0814
vn 0.5296 -0.1904 0.8266
vn -0.5129 -0.3249 0.7946
vn -0.4252 -0.3231 0.8454
vn -0.3019 -0.3312 0.8939
vn -0.2666 -0.3400 0.9018
vn -0.1514 -0.3142 0.9372
vn -0.0254 -0.1678 0.9855
vn -0.0061 0.1831 0.9831
vn 0.0567 0.7028 0.7091
vn 0.1359 0.9392 0.3154
vn 0.2307 0.9487 -0.2163
vn 0.2997 0.6467 -0.7014
vn 0.3441 0.4073 -0.8460
vn 0.3868 0.3758 -0.8421
vn 0.3888 0.3952 -0.8322
vn 0.0217 0.9955 -0.0927
vn -0.0465 0.9170 0.3961
vn 0.0853 0.7640 -0.6396
vn 0.1347 0.4793 -0.8673
vn 0.1859 0.4023 -0.8964
vn 0.2166 0.4020 -0.8896
vn -0.1378 0.6621 0.7366
vn -0.1790 0.2744 0.9448
vn -0.1945 -0.1167 0.9739
vn 0.2182 0.9752 -0.0380
vn 0.2099 0.9772 -0.0327
vn 0.2094 0.9773 -0.0332
vn 0.2383 0.9698 -0.0519
vn 0.2382 0.9699 -0.0508
vn 0.2571 0.9647 -0.0564
vn -0.4979 -0.2757 0.8223
vn -0.5917 -0.2900 0.7522
vn -0.4269 -0.2751 0.8614
vn -0.3800 -0.2614 0.8873
vn -0.1162 0.9644 0.2374
vn -0.3246 0.6723 0.6654
vn -0.3252 0.6737 0.6636
vn -0.3296 0.6846 0.6502
vn -0.3295 0.6849 0.6499
vn -0.3262 0.7042 0.6306
vn -0.3270 0.7064 0.6278
vn -0.3231 0.6951 0.6422
vn -0.3175 0.6456 0.6945
vn -0.3195 0.6539 0.6858
vn -0.3203 0.6081 0.7263
vn -0.3192 0.6121 0.7235
vn -0.3313 0.5608 0.7588
vn -0.3302 0.5664 0.7551
vn -0.3547 0.4947 0.7934
vn -0.3533 0.4978 0.7921
vn -0.4591 0.3472 0.8177
vn -0.3938 0.4202 0.8175
vn -0.3976 0.4143 0.8187
vn -0.4651 0.3442 0.8156
vn -0.6173 0.3402 0.7094
vn -0.5464 0.3245 0.7721
vn -0.5482 0.3243 0.7709
vn -0.6218 0.3436 0.7037
vn -0.6535 0.4500 0.6086
vn -0.6545 0.4467 0.6100
vn -0.6539 0.3852 0.6512
vn -0.6554 0.3913 0.6460
vn -0.6283 0.5059 0.5910
vn -0.6290 0.5048 0.5913
vn -0.5885 0.5566 0.5864
vn -0.5922 0.5527 0.5863
vn -0.5232 0.6113 0.5938
vn -0.5301 0.6065 0.5926
vn -0.3717 0.6538 0.6591
vn -0.4091 0.6574 0.6328
vn -0.4114 0.6573 0.6314
vn -0.3710 0.6536 0.6596
vn -0.3532 0.6444 0.6783
vn -0.3525 0.6438 0.6791
vn -0.3374 0.6270 0.7022
vn -0.3373 0.6269 0.7022
vn -0.3412 0.6330 0.6949
vn -0.3412 0.6329 0.6950
vn -0.3338 0.6234 0.7070
vn -0.3346 0.6240 0.7061
vn -0.3271 0.6221 0.7113
vn -0.3290 0.6220 0.7105
vn -0.3194 0.6224 0.7146
vn -0.3213 0.6223 0.7138
vn -0.3126 0.6311 0.7099
vn -0.3122 0.6320 0.7093
vn -0.3035 0.6423 0.7038
vn -0.3034 0.6423 0.7039
vn -0.2991 0.6456 0.7026
vn -0.2991 0.6455 0.7028
vn -0.2999 0.6512 0.6971
vn -0.2998 0.6511 0.6973
vn -0.2982 0.6687 0.6812
vn -0.2952 0.6838 0.6673
vn -0.6822 -0.3007 0.6665
vn 0.8932 0.4365 -0.1079
vn -0.3082 0.9413 0.1379
vn -0.2731 0.9190 0.2843
vn -0.2802 0.8704 0.4049
vn -0.8168 0.3748 -0.4387
vn 0.0790 0.9969 -0.0036
vn -0.4598 0.6450 0.6103
vn -0.4600 0.6450 0.6103
vn -0.6304 -0.7740 0.0588
vn -0.0962 0.9728 0.2105
vn -0.2207 -0.1855 0.9575
vn -0.2551 0.9612 0.1049
vn -0.4924 -0.3734 -0.7862
vn -0.4538 -0.4050 -0.7937
vn -0.3775 -0.4496 -0.8095
vn -0.2776 -0.4827 -0.8306
vn -0.1160 -0.5318 -0.8389
vn 0.0460 -0.5899 -0.8062
vn 0.1863 -0.6576 -0.7300
vn 0.2562 -0.6987 -0.6679
vn 0.3323 -0.7233 -0.6053
vn 0.4116 -0.7244 -0.5530
vn 0.5081 -0.6995 -0.5025
vn 0.5913 -0.6519 -0.4748
vn 0.6696 -0.5814 -0.4622
vn 0.7089 -0.5352 -0.4594
vn -0.7434 -0.6589 -0.1152
vn 0.7191 -0.5163 0.4651
vn 0.6290 -0.6153 0.4752
vn 0.7428 -0.2124 0.6349
vn 0.7049 -0.2316 0.6704
vn 0.7658 -0.2068 0.6089
vn 0.7869 -0.2172 0.5776
vn 0.8195 -0.1548 0.5518
vn 0.7944 -0.1515 0.5881
vn 0.6865 -0.1822 0.7039
vn 0.6704 -0.2329 0.7045
vn 0.6369 -0.1753 0.7507
vn 0.6141 -0.2398 0.7520
vn 0.5755 -0.2054 0.7916
vn 0.5533 -0.2491 0.7949
vn 0.4736 -0.2836 0.8338
vn 0.4793 -0.2654 0.8366
vn 0.3990 -0.3140 0.8615
vn 0.3917 -0.2864 0.8744
vn 0.4864 -0.3159 0.8147
vn 0.4166 -0.3596 0.8350
vn 0.5917 -0.2192 0.7758
vn 0.6025 -0.2465 0.7591
vn 0.3468 -0.3243 0.8801
vn 0.3548 -0.2765 0.8931
vn 0.3476 -0.3908 0.8523
vn 0.8632 -0.0524 0.5021
vn 0.8359 -0.0437 0.5472
vn 0.8108 -0.0274 0.5846
vn 0.7918 -0.0362 0.6097
vn 0.7657 -0.1096 0.6338
vn 0.7910 -0.1030 0.6030
vn 0.7456 -0.1109 0.6571
vn 0.7358 -0.1486 0.6607
vn 0.6668 -0.2084 0.7155
vn 0.6126 -0.2407 0.7528
vn 0.6967 -0.1947 0.6904
vn 0.7107 -0.1929 0.6765
vn 0.7045 -0.1815 0.6861
vn 0.3746 -0.2462 0.8939
vn 0.4516 -0.2051 0.8683
vn 0.2958 -0.3481 0.8896
vn 0.2426 -0.4359 0.8667
vn 0.3707 -0.4317 0.8224
vn 0.9010 0.0622 0.4294
vn 0.8674 0.0590 0.4941
vn 0.8394 0.0649 0.5396
vn 0.9197 0.1644 0.3566
vn 0.8899 0.1714 0.4227
vn 0.9220 0.2635 0.2839
vn 0.8936 0.2766 0.3536
vn 0.8833 0.3769 0.2788
vn 0.9076 0.3657 0.2060
vn 0.8769 0.4456 0.1802
vn 0.8657 0.4628 0.1906
vn 0.6914 -0.0919 0.7166
vn 0.6982 -0.0833 0.7111
vn 0.8528 0.1852 0.4882
vn 0.8543 0.2918 0.4301
vn 0.8535 0.3769 0.3599
vn 0.7959 0.6054 0.0034
vn 0.7568 0.6223 0.1999
vn 0.7613 0.6156 0.2037
vn 0.8430 0.5364 0.0413
vn 0.7701 0.6159 0.1662
vn 0.7361 0.6758 -0.0390
vn 0.7088 -0.2138 0.6722
vn 0.5554 -0.2737 0.7852
vn 0.6429 -0.3397 0.6865
vn 0.6772 -0.0908 0.7302
vn 0.6182 -0.3581 0.6997
vn 0.8474 0.4421 0.2942
vn 0.7526 0.6137 0.2385
vn 0.4738 0.7992 0.3700
vn 0.4904 0.8359 0.2466
vn 0.7498 0.6013 0.2763
vn 0.5483 0.6863 0.4779
vn 0.6410 0.5751 0.5082
vn 0.8199 0.2227 0.5274
vn 0.8223 0.0852 0.5626
vn 0.8109 0.3173 0.4918
vn 0.8047 0.3869 0.4503
vn 0.7975 0.4489 0.4031
vn 0.7425 0.5988 0.3000
vn 0.5584 0.8216 0.1148
vn 0.4440 -0.0983 0.8906
vn 0.5607 -0.0700 0.8250
vn 0.2496 -0.1389 0.9583
vn 0.3772 0.3353 0.8633
vn 0.5499 0.2342 0.8017
vn 0.1036 -0.3649 0.9252
vn 0.6620 0.2957 0.6887
vn 0.5207 0.6532 0.5497
vn 0.7100 0.4895 0.5062
vn 0.1892 0.7056 0.6829
vn 0.1901 0.7724 0.6060
vn -0.1343 0.7466 0.6516
vn -0.1645 0.7689 0.6179
vn -0.4723 0.6477 0.5978
vn -0.5279 0.6463 0.5510
vn 0.0754 0.2157 0.9735
vn -0.2375 0.4657 0.8525
vn -0.5588 0.4649 0.6867
vn -0.5597 0.3028 0.7714
vn -0.3708 0.0924 0.9241
vn -0.5554 0.0249 0.8312
vn -0.6584 0.3012 0.6897
vn -0.6260 0.2620 0.7345
vn -0.5042 0.0334 0.8630
vn -0.6509 0.3973 0.6469
vn -0.5988 0.1472 0.7873
vn 0.7030 0.6426 -0.3048
vn 0.0187 0.8826 0.4697
vn -0.0383 0.9500 0.3098
vn 0.5347 0.7236 -0.4364
vn -0.0817 -0.2116 0.9739
vn -0.3069 -0.1516 0.9396
vn -0.2622 -0.2899 0.9204
vn -0.1958 -0.2788 0.9402
vn 0.0043 -0.3037 0.9528
vn 0.0211 -0.4518 0.8919
vn 0.0478 -0.4241 0.9044
vn 0.2842 -0.3418 0.8958
vn 0.2527 -0.4827 0.8385
vn 0.2426 -0.4568 0.8559
vn 0.5441 -0.2515 0.8004
vn 0.4540 -0.3988 0.7968
vn 0.7499 0.3761 0.5442
vn 0.7774 0.2169 0.5904
vn 0.7752 -0.0056 0.6317
vn 0.7982 0.2105 0.5644
vn 0.7674 0.3424 0.5420
vn 0.7031 0.4556 0.5460
vn 0.6582 0.5003 0.5625
vn 0.7292 0.4160 0.5432
vn 0.6387 0.5228 0.5645
vn 0.6978 0.4722 0.5387
vn 0.6762 0.5278 0.5139
vn 0.6358 0.5572 0.5341
vn 0.5558 0.5683 0.6067
vn 0.5508 0.5825 0.5977
vn 0.5604 0.5707 0.6002
vn 0.5674 0.5841 0.5805
vn 0.5566 0.6105 0.5635
vn 0.5555 0.6257 0.5477
vn 0.3213 0.7200 0.6152
vn 0.5004 0.6595 0.5610
vn 0.1015 0.7652 0.6357
vn -0.1439 0.7919 0.5935
vn -0.3010 0.7728 0.5587
vn 0.4097 -0.4129 0.8134
vn 0.6016 -0.2873 0.7453
vn 0.6639 -0.2072 0.7185
vn 0.7269 -0.1220 0.6758
vn 0.7952 0.2671 0.5443
vn 0.7705 0.3607 0.5256
vn 0.7503 0.4250 0.5063
vn 0.7369 0.4796 0.4764
vn 0.8155 0.1206 0.5660
vn 0.8001 0.0411 0.5985
vn 0.7640 -0.0554 0.6428
vn 0.5312 -0.3353 0.7780
vn 0.7247 -0.0130 0.6889
vn 0.5504 0.6397 0.5364
vn 0.2357 0.6268 0.7427
vn 0.2762 0.6392 0.7177
vn 0.2587 0.6920 0.6739
vn 0.2197 0.7830 0.5819
vn 0.2320 0.8543 0.4652
vn 0.2767 0.8920 0.3574
vn 0.2495 0.9380 0.2407
vn 0.2080 0.9517 0.2259
vn 0.1226 0.9672 0.2224
vn 0.7351 0.5917 0.3309
vn 0.6658 0.7456 0.0296
vn 0.7309 0.5846 0.3521
vn 0.7907 0.6122 0.0030
vn 0.6231 0.5946 0.5082
vn 0.7361 0.5869 0.3373
vn 0.5647 0.6188 0.5461
vn 0.8575 0.5137 0.0269
vn 0.6326 0.7713 0.0698
vn 0.7576 0.6259 0.1850
vn 0.7554 0.4374 0.4879
vn 0.8711 0.3166 0.3753
vn 0.5991 0.7721 0.2120
vn 0.7524 0.6148 0.2365
vn 0.5715 0.7328 0.3693
vn 0.7661 0.5692 0.2984
vn 0.6027 0.6497 0.4633
vn 0.7374 0.5885 0.3316
vn 0.9059 0.2993 0.2996
vn 0.9237 0.3390 0.1786
vn 0.8973 0.4312 0.0946
vn 0.6143 0.7866 -0.0626
vn 0.5276 0.8474 -0.0602
vn 0.5405 0.8384 0.0699
vn 0.5284 0.8211 0.2159
vn 0.4970 0.7398 0.4535
vn 0.5463 0.6541 0.5232
vn 0.2415 0.6381 0.7311
vn 0.4399 0.7946 0.4185
vn 0.2254 0.6716 0.7058
vn 0.4115 0.9103 0.0448
vn 0.4027 0.8941 0.1960
vn 0.3646 0.8601 0.3568
vn 0.2091 0.7072 0.6753
vn 0.4003 0.9137 -0.0700
vn 0.2632 0.9646 0.0172
vn 0.2606 0.9618 -0.0843
vn 0.2599 0.9498 0.1744
vn 0.2375 0.9138 0.3294
vn 0.1617 0.7370 0.6562
vn 0.1169 0.9884 -0.0972
vn 0.1185 0.9929 0.0055
vn 0.1123 0.9795 0.1675
vn 0.0959 0.9401 0.3270
vn 0.1085 0.7459 0.6572
vn -0.5019 0.0720 0.8619
vn -0.5703 0.1230 0.8122
vn -0.7487 0.2995 0.5914
vn -0.8206 0.4160 0.3920
vn -0.7778 0.5038 0.3758
vn -0.7374 0.5716 0.3599
vn -0.5647 0.8197 0.0960
vn -0.5661 0.8238 0.0290
vn -0.4888 0.8530 -0.1830
vn -0.3366 0.8416 -0.4223
vn -0.1501 0.7623 -0.6296
vn 0.0526 0.7433 -0.6669
vn 0.0039 0.9730 0.2308
vn -0.3371 0.7272 0.5979
vn 0.2983 0.7561 -0.5825
vn -0.3410 -0.0148 0.9399
vn -0.1937 -0.0443 0.9801
vn 0.0186 -0.1191 0.9927
vn 0.0595 0.7480 0.6610
vn 0.1893 -0.1894 0.9635
vn 0.0164 0.7337 0.6792
vn 0.3643 -0.2158 0.9059
vn -0.0117 0.6951 0.7188
vn 0.5080 -0.2039 0.8368
vn -0.0367 0.9347 0.3536
vn -0.1523 0.9095 0.3867
vn -0.2131 0.8315 0.5130
vn 0.0143 0.7629 0.6463
vn -0.3134 0.7002 0.6415
vn -0.0164 0.6787 0.7343
vn -0.3077 0.6884 0.6568
vn -0.0692 0.6622 0.7461
vn -0.3065 0.7013 0.6435
vn -0.0974 0.6666 0.7390
vn -0.3433 0.7354 0.5843
vn -0.2685 0.7844 0.5591
vn -0.0466 0.6709 0.7400
vn -0.4519 0.6916 0.5634
vn -0.4769 0.6449 0.5972
vn -0.5362 0.5740 0.6189
vn 0.5864 -0.1475 0.7965
vn 0.6706 -0.0441 0.7405
vn 0.8194 0.0342 0.5723
vn 0.7686 -0.0044 0.6398
vn 0.8792 0.1541 0.4508
vn 0.9127 0.3510 0.2091
vn 0.8906 0.4536 0.0324
vn -0.4080 0.7626 0.5020
vn -0.4996 0.7127 0.4923
vn -0.4495 0.7695 0.4537
vn -0.5401 0.7275 0.4231
vn -0.6147 0.7192 0.3239
vn -0.6690 0.6561 0.3492
vn -0.7010 0.6779 0.2215
vn -0.6400 0.7435 0.1941
vn -0.6166 0.7820 0.0912
vn -0.6810 0.7301 -0.0573
vn -0.5548 0.8312 0.0358
vn -0.6030 0.7949 -0.0668
vn -0.4671 0.8842 0.0053
vn -0.4909 0.8652 -0.1020
vn -0.3924 0.9182 0.0545
vn -0.3511 0.9363 0.0075
vn -0.3755 0.8315 0.4093
vn -0.3316 0.8196 0.4672
vn -0.3430 0.8830 0.3204
vn -0.2664 0.8900 0.3700
vn -0.3487 0.9192 0.1832
vn -0.2605 0.9371 0.2325
vn -0.0311 0.9819 0.1871
vn -0.1711 0.9591 0.2254
vn -0.0235 0.9996 0.0132
vn -0.1593 0.9867 0.0312
vn -0.2600 0.9651 0.0309
vn -0.0255 0.9948 -0.0983
vn -0.1549 0.9834 -0.0946
vn -0.2616 0.9607 -0.0931
vn -0.3700 0.9239 -0.0976
vn -0.8390 0.5299 0.1233
vn -0.7770 0.5817 0.2408
vn -0.7740 0.6298 0.0657
vn -0.8920 0.4230 0.1593
vn -0.8515 0.4179 0.3168
vn 0.5290 0.6590 0.5346
vn 0.7079 0.5301 0.4668
vn 0.5307 0.6113 0.5871
vn 0.7241 0.5044 0.4704
vn 0.6949 0.4734 0.5413
vn 0.8069 0.4035 0.4313
vn 0.8452 0.3207 0.4275
vn 0.8677 0.3091 0.3893
vn 0.6372 0.5046 0.5826
vn 0.8325 0.3402 0.4372
vn 0.2142 0.6877 0.6937
vn -0.2068 0.6974 0.6862
vn 0.6448 0.4736 0.5999
vn 0.8294 0.3180 0.4593
vn 0.2234 0.6394 0.7357
vn -0.2467 0.6500 0.7188
vn -0.5926 0.5721 0.5671
vn -0.8001 0.4433 0.4042
vn -0.8227 0.4010 0.4030
vn -0.9485 0.2396 0.2075
vn -0.9460 0.2349 0.2234
vn -0.6246 0.5230 0.5800
vn -0.8299 0.3676 0.4197
vn -0.9410 0.2175 0.2591
vn -0.9957 0.0856 0.0351
vn -0.9940 0.0938 0.0562
vn -0.9909 0.0833 0.1061
vn -0.9929 -0.0411 -0.1115
vn -0.9945 -0.0350 -0.0991
vn -0.9976 -0.0506 -0.0478
vn -0.9803 -0.1006 -0.1699
vn -0.9842 -0.1238 -0.1265
vn -0.9777 -0.1010 -0.1841
vn -0.9783 -0.1484 -0.1449
vn -0.9944 -0.0803 -0.0692
vn -0.5691 0.5811 0.5817
vn -0.6021 0.4850 0.6342
vn -0.5847 0.6411 0.4971
vn -0.7050 0.5430 0.4563
vn -0.6605 0.4869 0.5715
vn -0.6378 0.4042 0.6556
vn -0.7327 0.5750 0.3639
vn -0.6642 0.3636 0.6532
vn -0.7308 0.3433 0.5900
vn -0.7727 0.4587 0.4388
vn -0.8343 0.2701 0.4807
vn -0.7801 0.3838 0.4941
vn -0.9470 0.2258 0.2285
vn -0.9415 0.1822 0.2834
vn -0.9391 0.1224 0.3212
vn -0.9964 0.0532 0.0654
vn -0.9916 0.0117 0.1289
vn -0.9820 -0.0227 0.1872
vn -0.9913 -0.1314 -0.0118
vn -0.9855 -0.1607 0.0552
vn -0.9762 -0.1987 -0.0864
vn -0.9699 -0.2414 -0.0312
vn -0.9480 -0.3170 -0.0281
vn -0.9495 -0.3138 -0.0020
vn -0.9742 -0.2114 0.0789
vn -0.9753 -0.2178 0.0363
vn -0.9846 -0.1452 -0.0974
vn -0.9955 -0.0899 0.0306
vn -0.9747 -0.2229 -0.0140
vn -0.5688 -0.6699 0.4773
vn -0.6363 -0.5708 0.5189
vn -0.7871 -0.4637 0.4067
vn -0.7424 -0.5724 0.3481
vn -0.4424 -0.7144 0.5421
vn -0.4725 -0.6720 0.5702
vn 0.6300 0.4230 0.6513
vn 0.8240 0.2720 0.4970
vn -0.2757 0.5872 0.7610
vn 0.2012 0.5805 0.7890
vn -0.9858 0.0479 0.1611
vn -0.9332 0.1874 0.3067
vn -0.8274 0.3294 0.4549
vn -0.6364 0.4705 0.6112
vn 0.6229 0.3520 0.6986
vn 0.8178 0.2172 0.5330
vn -0.9734 -0.1953 0.1201
vn -0.9707 -0.0326 0.2383
vn -0.9179 0.1232 0.3772
vn -0.8158 0.2558 0.5186
vn -0.6334 0.3870 0.6701
vn -0.2895 0.4964 0.8184
vn 0.1954 0.4931 0.8478
vn -0.9261 -0.1632 0.3400
vn -0.9038 -0.3339 0.2676
vn -0.8783 0.0101 0.4779
vn -0.6814 -0.3865 0.6215
vn -0.8125 -0.2396 0.5315
vn -0.5028 -0.5360 0.6781
vn -0.5690 -0.3223 0.7565
vn -0.4011 -0.4832 0.7782
vn -0.0629 -0.1748 0.9826
vn -0.3984 -0.2604 0.8795
vn -0.2728 -0.4362 0.8575
vn -0.0513 -0.3787 0.9241
vn 0.3256 -0.2341 0.9161
vn 0.4623 0.0122 0.8866
vn 0.1728 0.1100 0.9788
vn 0.1848 0.3422 0.9213
vn 0.5809 0.2338 0.7797
vn -0.3049 0.1135 0.9456
vn -0.5441 0.0017 0.8390
vn -0.3058 0.3377 0.8902
vn -0.6146 0.2341 0.7533
vn -0.7125 -0.1002 0.6944
vn -0.7852 0.1136 0.6087
vn 0.2773 -0.7091 -0.6483
vn 0.2769 -0.6833 -0.6756
vn 0.2768 -0.6780 -0.6810
vn 0.2778 -0.7212 -0.6346
vn -0.8723 -0.4494 -0.1925
vn -0.8734 -0.4503 -0.1855
vn -0.8769 -0.4536 -0.1591
vn -0.2136 -0.7198 -0.6605
vn -0.2126 -0.6906 -0.6913
vn 0.2854 -0.6453 -0.7086
vn 0.2719 -0.6559 -0.7041
vn 0.2679 -0.6653 -0.6969
vn 0.2662 -0.6661 -0.6967
vn -0.1978 -0.6605 -0.7243
vn -0.1901 -0.6297 -0.7532
vn 0.3174 -0.6247 -0.7134
vn 0.2977 -0.6350 -0.7128
vn -0.1615 -0.6358 -0.7548
vn 0.3286 -0.6234 -0.7095
vn 0.3336 -0.6268 -0.7042
vn 0.3336 -0.6267 -0.7042
vn 0.3322 -0.6378 -0.6949
vn 0.3319 -0.6382 -0.6946
vn 0.3327 -0.6499 -0.6834
vn 0.3352 -0.6518 -0.6803
vn 0.3546 -0.6600 -0.6622
vn 0.3992 -0.6649 -0.6313
vn 0.3960 -0.6650 -0.6332
vn 0.3553 -0.6602 -0.6617
vn 0.5846 -0.5689 -0.5785
vn 0.6104 -0.5450 -0.5749
vn 0.5794 -0.5735 -0.5791
vn 0.5224 -0.6199 -0.5855
vn 0.5085 -0.6301 -0.5868
vn -0.2361 -0.8890 0.3924
vn -0.3400 -0.8727 0.3504
vn -0.3349 -0.8738 0.3526
vn 0.8023 0.4285 0.4156
vn 0.9109 0.2979 0.2854
vn 0.8828 0.3374 0.3268
vn 0.8014 0.4281 0.4178
vn 0.9931 -0.0780 -0.0872
vn 0.4330 -0.6519 -0.6225
vn 0.4577 -0.6430 -0.6141
vn 0.6173 -0.5689 -0.5435
vn -0.5739 -0.5968 -0.5607
vn -0.5865 -0.5904 -0.5545
vn -0.3409 -0.5955 -0.7274
vn -0.3570 -0.5944 -0.7206
vn 0.8128 0.4332 0.3894
vn -0.7109 -0.5161 -0.4778
vn 0.5897 -0.3270 -0.7385
vn 0.5982 -0.3292 -0.7306
vn 0.6530 -0.5358 0.5352
vn 0.6011 -0.5804 0.5494
vn 0.6575 -0.5317 0.5338
vn 0.3704 -0.4569 -0.8088
vn 0.3455 -0.5199 -0.7812
vn 0.3473 -0.5151 -0.7836
vn 0.3720 -0.4535 -0.8099
vn 0.3383 -0.5644 -0.7530
vn 0.3315 -0.6103 -0.7195
vn 0.3326 -0.6047 -0.7237
vn 0.3384 -0.5633 -0.7537
vn 0.3280 -0.6485 -0.6869
vn 0.3300 -0.6695 -0.6654
vn 0.3305 -0.6705 -0.6643
vn 0.3390 -0.6871 -0.6426
vn 0.3395 -0.6878 -0.6416
vn 0.3408 -0.6896 -0.6390
vn -0.2001 -0.9796 -0.0184
vn 0.0326 -0.9730 0.2283
vn 0.0460 -0.9713 0.2336
vn -0.2045 -0.9788 0.0081
vn 0.1827 -0.9832 0.0064
vn 0.2591 -0.9500 0.1741
vn 0.0667 -0.9874 -0.1434
vn 0.1200 -0.9750 -0.1870
vn 0.0207 -0.9992 0.0332
vn -0.0944 -0.8518 0.5154
vn 0.0875 -0.9812 0.1720
vn -0.0507 -0.9907 -0.1264
vn 0.4558 -0.6802 0.5741
vn 0.5814 -0.6085 0.5401
vn 0.2480 -0.7771 0.5784
vn 0.0212 -0.9847 0.1729
vn -0.1206 -0.9852 -0.1217
vn 0.2158 -0.7941 0.5682
vn -0.0074 -0.9809 0.1943
vn -0.1756 -0.9799 -0.0949
vn 0.2422 -0.7824 0.5738
vn -0.0023 -0.9790 0.2041
vn -0.1887 -0.9801 -0.0616
vn 0.0157 -0.9750 0.2217
vn -0.1956 -0.9799 -0.0392
vn 0.0352 -0.9735 0.2259
vn -0.2006 -0.9790 0.0367
vn -0.0935 -0.9869 0.1316
vn -0.1950 -0.9794 0.0526
vn 0.5761 -0.5774 0.5786
vn 0.6230 -0.5090 0.5940
vn 0.3583 -0.7264 0.5865
vn 0.4207 -0.6951 0.5830
vn 0.4891 -0.6593 0.5711
vn 0.2988 -0.7559 0.5826
vn 0.0446 -0.9113 -0.4094
vn 0.0892 -0.9308 -0.3544
vn 0.4266 -0.8342 -0.3495
vn 0.3293 -0.9149 -0.2336
vn 0.1015 -0.8725 -0.4779
vn 0.0467 -0.8630 -0.5031
vn 0.9741 0.1054 0.2002
vn 0.4603 -0.7407 -0.4893
vn 0.1313 -0.8041 -0.5798
vn 0.0719 -0.7958 -0.6013
vn 0.9778 0.1403 0.1557
vn 0.5186 -0.6174 -0.5915
vn 0.1582 -0.6989 -0.6975
vn 0.0942 -0.6900 -0.7177
vn 0.9411 0.3368 -0.0290
vn 0.5308 0.2160 -0.8195
vn 0.9219 0.3753 -0.0958
vn 0.4960 0.3391 -0.7994
vn 0.0748 0.0579 -0.9955
vn 0.1778 0.0737 -0.9813
vn 0.1830 0.2591 -0.9484
vn 0.0535 0.3056 -0.9506
vn 0.7824 0.3837 -0.4906
vn 0.0794 0.3900 -0.9174
vn 0.9945 0.0358 0.0982
vn 0.9666 0.1471 0.2098
vn 0.9664 0.1467 0.2111
vn 0.9725 0.1142 0.2031
vn 0.9732 0.1102 0.2016
vn 0.9772 0.0740 0.1990
vn 0.9769 0.0778 0.1990
vn 0.9760 0.0316 0.2157
vn 0.9761 0.0321 0.2151
vn 0.9672 -0.0009 0.2539
vn 0.9680 0.0017 0.2508
vn 0.9303 -0.1358 0.3408
vn 0.9550 -0.0448 0.2931
vn 0.9550 -0.0451 0.2933
vn 0.9284 -0.1412 0.3436
vn -0.5500 -0.8050 0.2223
vn -0.5585 -0.8010 0.2155
vn -0.7828 -0.6206 -0.0464
vn -0.8570 -0.4933 -0.1492
vn -0.8571 -0.4930 -0.1494
vn -0.7791 -0.6257 -0.0404
vn -0.8929 -0.3909 -0.2233
vn -0.8960 -0.3374 -0.2887
vn -0.8958 -0.3367 -0.2902
vn -0.8911 -0.3990 -0.2161
vn -0.8848 -0.3088 -0.3489
vn -0.8851 -0.3094 -0.3476
vn -0.8898 -0.2695 -0.3683
vn -0.8987 -0.2514 -0.3593
vn -0.8983 -0.3066 -0.3147
vn -0.8943 -0.3628 -0.2619
vn -0.8873 -0.4092 -0.2125
vn -0.8719 -0.4465 -0.2010
vn -0.8723 -0.4462 -0.2000
vn 0.7007 -0.1744 0.6918
vn 0.7768 -0.1571 0.6098
vn 0.6653 -0.1077 0.7388
vn 0.1788 0.2402 0.9541
vn 0.2396 0.4262 0.8723
vn 0.1977 0.0340 0.9797
vn 0.0857 -0.2129 0.9733
vn 0.0013 -0.4270 0.9042
vn 0.1383 -0.5964 0.7907
vn 0.3038 -0.7003 0.6459
vn 0.4367 -0.7104 0.5520
vn 0.4223 0.4691 0.7756
vn 0.5801 0.4956 0.6464
vn 0.6516 0.4412 0.6171
vn 0.6515 0.3737 0.6603
vn 0.4385 -0.7334 0.5195
vn 0.3913 -0.7647 0.5120
vn 0.3995 -0.7706 0.4966
vn 0.6531 0.3503 0.6714
vn 0.5932 -0.1855 0.7834
vn 0.6188 -0.3528 0.7019
vn 0.7706 0.4142 0.4843
vn 0.9006 0.2814 0.3313
vn 0.9430 -0.0317 0.3312
vn 0.9207 -0.3015 0.2477
vn 0.8523 -0.4943 0.1709
vn 0.6963 -0.6976 0.1688
vn 0.5349 -0.7763 0.3335
vn -0.5001 0.8166 0.2882
vn -0.5078 0.8105 0.2917
vn -0.5114 0.8134 0.2773
vn -0.5069 0.8254 0.2486
vn -0.5079 0.8369 0.2041
vn -0.5120 0.8386 0.1859
vn -0.5235 0.8098 0.2649
vn -0.5175 0.8223 0.2368
vn -0.4933 0.8455 0.2043
vn -0.4876 0.8517 0.1921
vn -0.4996 0.8446 0.1922
vn 0.8969 -0.3267 0.2979
vn 0.9127 -0.2335 0.3354
vn 0.9459 -0.1316 0.2967
vn 0.9719 0.0042 0.2355
vn 0.9683 0.1309 0.2128
vn 0.9755 0.1993 0.0932
vn 0.9619 0.2636 -0.0724
vn 0.9213 0.3645 -0.1357
vn 0.9216 0.3636 -0.1360
vn 0.8617 0.4863 -0.1451
vn 0.8006 0.5520 -0.2332
vn 0.7040 0.6441 -0.2993
vn 0.6166 0.7237 -0.3100
vn 0.5203 0.7938 -0.3150
vn 0.3921 0.8692 -0.3014
vn 0.2430 0.9239 -0.2956
vn 0.0993 0.9350 -0.3405
vn -0.0265 0.9051 -0.4243
vn -0.1408 0.8454 -0.5153
vn -0.2539 0.8128 -0.5244
vn -0.4479 0.7040 -0.5511
vn -0.3568 0.7998 -0.4828
vn -0.4698 0.5056 -0.7236
vn -0.4455 0.3297 -0.8323
vn -0.4526 0.2316 -0.8611
vn -0.5063 0.1839 -0.8425
vn -0.5623 0.1329 -0.8162
vn -0.9361 0.3061 0.1734
vn -0.6122 0.0648 -0.7880
vn -0.6538 -0.0092 -0.7566
vn -0.9697 0.1785 0.1669
vn -0.6799 -0.1002 -0.7264
vn -0.9899 0.0398 0.1363
vn -0.6992 -0.1801 -0.6918
vn -0.9913 -0.0902 0.0963
vn -0.7784 -0.2784 -0.5627
vn -0.8529 -0.3380 -0.3980
vn 0.2773 -0.7092 -0.6482
vn 0.2778 -0.7212 -0.6345
vn 0.2767 -0.8450 -0.4577
vn -0.1888 -0.9768 0.1006
vn 0.3412 -0.6768 -0.6523
vn -0.7208 -0.5105 -0.4689
vn 0.7877 0.4513 0.4192
vn 0.6553 -0.5458 -0.5222
vn 0.6904 -0.5196 -0.5033
vn -0.8091 0.4129 0.4183
vn -0.7259 0.3884 0.5676
vn -0.8390 0.2991 0.4545
vn -0.8999 0.3006 0.3158
vn -0.9356 0.1905 0.2971
vn -0.8947 0.2084 0.3950
vn -0.9695 0.0501 0.2398
vn -0.9528 0.0746 0.2943
vn -0.9571 -0.2895 0.0117
vn -0.9620 -0.2731 0.0013
vn -0.9795 -0.1865 0.0760
vn -0.9806 -0.0533 0.1887
vn -0.9818 -0.0794 0.1726
vn -0.6385 0.1773 0.7489
vn 0.8030 0.1466 0.5777
vn 0.8076 0.1527 0.5696
vn -0.8183 -0.5109 0.2633
vn 0.4572 -0.6535 -0.6032
vn 0.4555 -0.6540 -0.6040
vn -0.6789 -0.7277 0.0977
vn -0.6816 -0.7256 0.0944
vn 0.4618 -0.3579 -0.8116
vn 0.4067 -0.4052 -0.8188
vn 0.4099 -0.4016 -0.8190
vn 0.4665 -0.3551 -0.8101
vn 0.8908 -0.2254 0.3945
vn 0.8873 -0.2317 0.3987
vn 0.8312 -0.3280 0.4490
vn 0.8324 -0.3260 0.4482
vn 0.2154 -0.3947 0.8932
vn -0.9580 -0.2821 0.0518
vn -0.9200 -0.3691 0.1319
vn 0.7540 -0.4332 0.4938
vn 0.7515 -0.4360 0.4951
vn 0.5278 -0.3285 -0.7833
vn 0.5325 -0.3273 -0.7806
vn 0.3987 -0.4603 0.7932
vn 0.5086 -0.3344 0.7934
vn 0.3483 -0.4855 0.8018
vn 0.5906 -0.2332 0.7725
vn 0.7334 -0.0243 0.6793
vn 0.7474 0.0238 0.6640
vn 0.2556 -0.3551 -0.8992
vn 0.2548 -0.3547 -0.8996
vn 0.2540 -0.3542 -0.9000
vn 0.2537 -0.3540 -0.9002
vn 0.2543 -0.3538 -0.9001
vn 0.2593 -0.3523 -0.8992
vn 0.2594 -0.3523 -0.8992
vn 0.2711 -0.3477 -0.8976
vn 0.2701 -0.3481 -0.8977
vn 0.2651 -0.3402 -0.9022
vn 0.2653 -0.3402 -0.9022
vn 0.2278 -0.3096 -0.9232
vn 0.2281 -0.3100 -0.9230
vn -0.8831 0.2111 -0.4191
vn -0.8853 0.2059 -0.4168
vn -0.8505 0.2778 -0.4466
vn -0.9186 0.1063 -0.3805
vn -0.9218 0.0935 -0.3763
vn -0.9403 -0.0303 -0.3391
vn -0.9407 -0.0380 -0.3371
vn -0.9405 -0.1608 -0.2993
vn -0.9404 -0.1625 -0.2987
vn -0.9314 -0.2604 -0.2544
vn -0.9304 -0.2684 -0.2498
vn -0.9094 -0.3667 -0.1963
vn -0.9066 -0.3760 -0.1915
vn -0.8763 -0.4632 -0.1323
vn -0.8750 -0.4665 -0.1292
vn 0.1734 -0.2492 -0.9528
vn 0.1751 -0.2512 -0.9520
vn 0.1053 -0.1864 -0.9768
vn 0.1079 -0.1884 -0.9762
vn 0.0366 -0.1457 -0.9886
vn 0.0360 -0.1455 -0.9887
vn 0.0003 -0.1279 -0.9918
vn -0.0000 -0.1275 -0.9918
vn 0.0041 -0.0994 -0.9950
vn 0.0046 -0.0983 -0.9951
vn 0.0096 -0.0773 -0.9970
vn 0.0093 -0.0768 -0.9970
vn -0.0007 -0.0795 -0.9968
vn -0.0019 -0.0806 -0.9967
vn -0.0128 -0.0931 -0.9956
vn -0.0127 -0.0930 -0.9956
vn -0.0189 -0.1128 -0.9934
vn -0.0189 -0.1130 -0.9934
vn -0.0215 -0.1327 -0.9909
vn -0.0216 -0.1331 -0.9909
vn -0.0265 -0.1318 -0.9909
vn -0.0267 -0.1315 -0.9910
vn -0.0283 -0.1268 -0.9915
vn -0.0234 -0.1385 -0.9901
vn -0.0233 -0.1387 -0.9901
vn -0.0280 -0.1272 -0.9915
vn -0.0307 -0.1381 -0.9899
vn -0.0309 -0.1379 -0.9900
vn -0.0424 -0.1253 -0.9912
vn -0.0422 -0.1258 -0.9912
vn -0.0371 -0.1303 -0.9908
vn -0.0372 -0.1301 -0.9908
vn -0.0285 -0.1419 -0.9895
vn -0.0285 -0.1420 -0.9895
vn -0.0501 -0.1386 -0.9891
vn -0.0485 -0.1390 -0.9891
vn 0.2056 -0.3765 -0.9033
vn -0.0661 -0.1338 -0.9888
vn -0.0663 -0.1339 -0.9888
vn -0.0433 -0.1401 -0.9892
vn -0.0438 -0.1400 -0.9892
vn -0.0211 -0.1473 -0.9889
vn -0.0208 -0.1472 -0.9889
vn -0.0204 -0.1472 -0.9889
vn -0.0205 -0.1473 -0.9889
vn 0.4373 -0.8802 -0.1845
vn 0.3692 -0.8650 -0.3397
vn 0.3204 -0.8423 -0.4334
vn -0.2129 -0.2559 -0.9430
vn 0.9558 0.2770 -0.0985
vn 0.9336 0.3408 -0.1105
vn 0.9564 0.2752 -0.0982
vn 0.9865 0.1448 -0.0765
vn 0.9864 0.1457 -0.0767
vn 0.9982 0.0129 -0.0578
vn 0.9982 0.0132 -0.0578
vn 0.9900 -0.1364 -0.0352
vn 0.9897 -0.1386 -0.0349
vn 0.9614 -0.2747 -0.0137
vn 0.9615 -0.2746 -0.0137
vn 0.9136 -0.4066 0.0059
vn 0.9132 -0.4074 0.0060
vn 0.8506 -0.5254 0.0206
vn 0.8488 -0.5284 0.0208
vn 0.7790 -0.6257 0.0397
vn 0.7628 -0.6450 0.0465
vn 0.6854 -0.7255 0.0626
vn 0.6825 -0.7282 0.0628
vn 0.5844 -0.8083 0.0719
vn 0.5872 -0.8063 0.0716
vn 0.4823 -0.8719 0.0842
vn 0.4826 -0.8718 0.0841
vn 0.3799 -0.9202 0.0942
vn 0.2671 -0.9581 0.1037
vn 0.2673 -0.9580 0.1037
vn 0.1492 -0.9830 0.1070
vn 0.1576 -0.9817 0.1072
vn 0.0270 -0.9936 0.1098
vn 0.0267 -0.9936 0.1098
vn -0.1146 -0.9870 0.1125
vn -0.1154 -0.9869 0.1125
vn -0.2478 -0.9622 0.1125
vn -0.2541 -0.9606 0.1126
vn -0.3984 -0.9109 0.1076
vn -0.4008 -0.9099 0.1074
vn -0.5251 -0.8470 0.0831
vn -0.5281 -0.8452 0.0821
vn -0.6306 -0.7744 0.0515
vn -0.6349 -0.7709 0.0505
vn -0.7230 -0.6903 0.0270
vn -0.7169 -0.6966 0.0287
vn -0.7875 -0.6162 -0.0102
vn -0.7852 -0.6192 -0.0076
vn -0.8339 -0.5483 -0.0637
vn -0.8367 -0.5435 -0.0672
vn -0.2753 -0.9581 -0.0792
vn 0.6969 -0.6133 -0.3718
vn -0.1685 -0.9850 0.0368
vn 0.7690 -0.4630 -0.4408
vn 0.7895 -0.4203 -0.4473
vn 0.8146 -0.3449 -0.4664
vn 0.8132 -0.3506 -0.4645
vn 0.8292 -0.2595 -0.4951
vn 0.8288 -0.2636 -0.4936
vn 0.8337 -0.1756 -0.5235
vn 0.8337 -0.1770 -0.5230
vn 0.8253 -0.1049 -0.5549
vn 0.8262 -0.1084 -0.5529
vn 0.8031 -0.0291 -0.5951
vn 0.8027 -0.0278 -0.5957
vn 0.7643 0.0701 -0.6411
vn 0.7656 0.0673 -0.6398
vn 0.7034 0.1841 -0.6866
vn 0.7101 0.1728 -0.6826
vn 0.6254 0.2851 -0.7263
vn 0.6307 0.2798 -0.7238
vn 0.5286 0.3718 -0.7632
vn 0.5313 0.3695 -0.7623
vn 0.4382 0.4405 -0.7836
vn 0.4373 0.4411 -0.7837
vn 0.3575 0.4893 -0.7955
vn 0.3519 0.4922 -0.7962
vn 0.2653 0.5340 -0.8028
vn 0.2629 0.5350 -0.8029
vn 0.1615 0.5701 -0.8056
vn 0.1645 0.5693 -0.8055
vn 0.0600 0.5932 -0.8028
vn 0.0657 0.5920 -0.8033
vn -0.0366 0.6067 -0.7941
vn -0.0376 0.6068 -0.7940
vn -0.1276 0.6046 -0.7862
vn -0.1273 0.6047 -0.7862
vn -0.2072 0.5877 -0.7821
vn -0.2079 0.5874 -0.7821
vn -0.2843 0.5567 -0.7806
vn -0.2877 0.5549 -0.7806
vn -0.3643 0.5161 -0.7752
vn -0.3644 0.5160 -0.7752
vn -0.4491 0.4791 -0.7542
vn -0.4465 0.4800 -0.7551
vn -0.5370 0.4412 -0.7190
vn -0.5326 0.4434 -0.7209
vn -0.6116 0.3874 -0.6898
vn -0.6055 0.3935 -0.6918
vn -0.6641 0.3095 -0.6805
vn -0.6646 0.3085 -0.6805
vn -0.7008 0.2125 -0.6809
vn -0.7009 0.2123 -0.6809
vn -0.7207 0.1045 -0.6853
vn -0.7206 0.1059 -0.6852
vn -0.7210 -0.0028 -0.6930
vn -0.7212 0.0003 -0.6928
vn -0.7026 -0.1110 -0.7029
vn -0.7027 -0.1107 -0.7029
vn -0.6670 -0.1965 -0.7187
vn -0.6657 -0.1987 -0.7193
vn -0.6066 -0.2738 -0.7464
vn -0.6081 -0.2724 -0.7457
vn -0.5770 -0.3009 -0.7593
vn 0.0821 -0.9509 -0.2985
vn 0.2304 -0.9653 -0.1230
vn 0.0543 -0.9427 -0.3291
vn -0.5167 -0.3523 -0.7803
vn -0.4906 0.5499 0.6760
vn -0.4877 0.5541 0.6747
vn -0.2956 0.7694 0.5662
vn -0.2948 0.7701 0.5658
vn -0.6296 0.2745 0.7268
vn -0.6197 0.3013 0.7247
vn -0.7084 -0.0825 0.7009
vn -0.7066 -0.0628 0.7049
vn -0.6990 -0.3899 0.5994
vn -0.7003 -0.3818 0.6032
vn -0.6016 -0.6782 0.4220
vn -0.6079 -0.6669 0.4309
vn -0.4148 -0.8893 0.1926
vn -0.4237 -0.8828 0.2026
vn -0.2374 -0.9714 0.0058
vn -0.2418 -0.9703 0.0102
vn -0.1021 0.8993 0.4253
vn -0.1068 0.8970 0.4290
vn 0.1365 0.9639 0.2287
vn 0.1409 0.9641 0.2249
vn 0.2476 0.9602 0.1294
vn 0.2485 0.9601 0.1286
vn 0.2641 0.9578 0.1135
vn -0.1954 -0.9800 -0.0369
vn -0.1955 -0.9800 -0.0367
vn -0.1923 -0.9805 -0.0403
vn -0.1921 -0.9805 -0.0404
vn -0.1340 -0.9865 -0.0937
vn -0.1301 -0.9867 -0.0972
vn 0.2918 0.9527 0.0853
vn 0.2913 0.9528 0.0857
vn 0.4810 0.8693 -0.1136
vn 0.4845 0.8670 -0.1169
vn 0.6769 0.6451 -0.3544
vn 0.6817 0.6362 -0.3614
vn 0.7784 0.3337 -0.5317
vn 0.7820 0.3095 -0.5411
vn 0.7677 -0.0567 -0.6383
vn 0.7640 -0.0745 -0.6409
vn 0.6633 -0.3812 -0.6440
vn 0.6485 -0.4128 -0.6395
vn 0.4499 -0.7100 -0.5417
vn 0.4296 -0.7316 -0.5294
vn 0.1570 -0.9279 -0.3382
vn 0.1383 -0.9360 -0.3237
vn 0.6530 -0.2287 0.7220
vn 0.6567 -0.2250 0.7198
vn 0.6564 -0.2255 0.7199
vn 0.6560 -0.2176 0.7227
vn 0.6604 -0.2197 0.7180
vn 0.6551 -0.2128 0.7250
vn 0.6498 -0.2121 0.7299
vn 0.6584 -0.2141 0.7216
vn 0.6437 -0.2029 0.7379
vn 0.6435 -0.2030 0.7380
vn 0.6398 -0.2090 0.7395
vn 0.6398 -0.2090 0.7396
vn 0.6679 -0.2574 0.6983
vn 0.6473 -0.2243 0.7285
vn 0.6472 -0.2243 0.7285
vn 0.6428 -0.2174 0.7346
vn 0.6427 -0.2174 0.7346
vn 0.6815 -0.2121 0.7004
vn 0.6814 -0.2121 0.7005
vn 0.5701 -0.1990 0.7971
vn -0.0221 -0.1301 -0.9913
vn -0.0187 -0.1203 -0.9926
vn -0.0180 -0.1191 -0.9927
vn -0.0206 -0.1254 -0.9919
vn -0.0235 -0.1354 -0.9905
vn -0.0240 -0.1379 -0.9902
vn -0.0259 -0.1458 -0.9890
vn -0.0297 -0.1420 -0.9894
vn -0.0289 -0.1391 -0.9899
vn -0.0260 -0.1411 -0.9897
vn -0.0189 -0.1495 -0.9886
vn -0.0189 -0.1462 -0.9891
vn -0.0169 -0.1518 -0.9883
vn -0.0172 -0.1451 -0.9893
vn -0.0282 -0.1481 -0.9886
vn -0.0327 -0.1440 -0.9890
vn -0.0321 -0.1205 -0.9922
vn -0.0398 -0.1389 -0.9895
vn -0.0442 -0.1485 -0.9879
vn -0.0441 -0.1477 -0.9880
vn -0.0219 -0.1634 -0.9863
vn -0.0343 -0.1662 -0.9855
vn -0.0377 -0.1681 -0.9851
vn -0.0407 -0.1626 -0.9858
vn -0.0279 -0.1638 -0.9861
vn -0.0223 -0.1618 -0.9866
vn -0.0165 -0.1568 -0.9875
vn -0.0104 -0.1351 -0.9908
vn -0.0098 -0.1371 -0.9905
vn -0.0134 -0.1273 -0.9918
vn -0.0300 -0.1506 -0.9881
vn -0.0280 -0.1524 -0.9879
vn -0.0255 -0.1456 -0.9890
vn -0.0301 -0.1475 -0.9886
vn -0.0180 -0.1462 -0.9891
vn -0.0195 -0.1445 -0.9893
vn -0.0184 -0.1447 -0.9893
vn -0.0194 -0.1464 -0.9890
vn -0.0140 -0.1455 -0.9893
vn -0.0164 -0.1516 -0.9883
vn -0.0181 -0.1481 -0.9888
vn -0.0173 -0.1471 -0.9890
vn -0.0179 -0.1473 -0.9889
vn -0.0196 -0.1419 -0.9897
vn -0.0279 -0.1389 -0.9899
vn -0.0309 -0.1412 -0.9895
vn -0.0329 -0.1437 -0.9891
vn -0.0330 -0.1437 -0.9891
vn -0.0334 -0.1452 -0.9888
vn -0.0333 -0.1452 -0.9888
vn -0.0326 -0.1463 -0.9887
vn -0.0325 -0.1464 -0.9887
vn -0.0213 -0.1471 -0.9889
vn -0.0218 -0.1474 -0.9888
vn -0.0158 -0.1556 -0.9877
vn -0.0196 -0.1560 -0.9876
vn -0.0079 -0.1459 -0.9893
vn -0.0114 -0.1423 -0.9898
vn -0.0155 -0.1370 -0.9904
vn -0.0307 -0.1212 -0.9922
vn -0.0534 -0.1579 -0.9860
vn -0.0334 -0.1311 -0.9908
vn -0.0279 -0.1314 -0.9909
vn -0.0221 -0.1357 -0.9905
vn -0.0221 -0.1376 -0.9902
vn -0.0207 -0.1376 -0.9903
vn -0.0172 -0.1469 -0.9890
vn -0.0174 -0.1474 -0.9889
vn -0.0236 -0.1435 -0.9894
vn -0.0199 -0.1490 -0.9886
vn -0.0244 -0.1418 -0.9896
vn -0.0135 -0.1418 -0.9898
vn -0.0249 -0.1408 -0.9897
vn -0.0158 -0.1393 -0.9901
vn -0.0106 -0.1405 -0.9900
vn -0.0128 -0.1386 -0.9903
vn -0.0110 -0.1413 -0.9899
vn -0.0125 -0.1486 -0.9888
vn -0.0437 -0.1505 -0.9876
vn -0.0231 -0.1478 -0.9888
vn -0.0181 -0.1463 -0.9891
vn -0.0174 -0.1532 -0.9880
vn -0.0163 -0.1466 -0.9891
vn -0.0153 -0.1222 -0.9924
vn -0.0202 -0.1581 -0.9872
vn -0.0259 -0.1483 -0.9886
vn -0.0205 -0.1420 -0.9897
vn -0.0139 -0.1492 -0.9887
vn -0.0105 -0.1428 -0.9897
vn -0.0144 -0.1440 -0.9895
vn -0.0181 -0.1569 -0.9875
vn -0.0118 -0.1584 -0.9873
vn -0.0169 -0.1400 -0.9900
vn -0.3126 0.2087 -0.9267
vn -0.4102 0.1016 -0.9063
vn -0.4094 0.1028 -0.9065
vn -0.3071 0.2129 -0.9275
vn -0.4768 -0.0502 -0.8776
vn -0.4771 -0.0514 -0.8774
vn -0.1374 0.2959 -0.9453
vn -0.1312 0.2974 -0.9457
vn 0.0266 0.3065 -0.9515
vn 0.0356 0.3056 -0.9515
vn 0.2082 0.2572 -0.9437
vn 0.2307 0.2467 -0.9412
vn 0.3501 0.1380 -0.9265
vn 0.3517 0.1353 -0.9263
vn 0.4121 -0.0007 -0.9111
vn 0.4165 -0.0173 -0.9090
vn 0.4327 -0.1572 -0.8877
vn 0.4318 -0.1705 -0.8857
vn 0.4052 -0.2851 -0.8686
vn 0.4010 -0.2956 -0.8671
vn 0.3426 -0.4007 -0.8497
vn 0.3346 -0.4114 -0.8478
vn 0.2418 -0.4966 -0.8336
vn 0.2373 -0.4995 -0.8332
vn 0.1242 -0.5527 -0.8241
vn 0.1126 -0.5564 -0.8233
vn -0.0031 -0.5764 -0.8172
vn -0.0199 -0.5769 -0.8166
vn -0.1489 -0.5595 -0.8154
vn -0.1665 -0.5545 -0.8154
vn -0.2836 -0.4947 -0.8215
vn -0.2948 -0.4865 -0.8224
vn -0.3929 -0.3805 -0.8372
vn -0.3946 -0.3776 -0.8377
vn -0.4427 -0.2819 -0.8512
vn -0.4436 -0.2788 -0.8518
vn -0.4807 -0.1388 -0.8658
vn -0.4783 -0.1486 -0.8656
vn 0.7959 0.5824 -0.1656
vn 0.9047 0.4026 -0.1397
vn 0.9032 0.4057 -0.1402
vn 0.9967 -0.0146 -0.0793
vn 0.9967 -0.0010 -0.0812
vn 0.6455 -0.7633 0.0280
vn 0.6543 -0.7558 0.0270
vn 0.9055 -0.4238 -0.0209
vn 0.9015 -0.4323 -0.0196
vn 0.2703 -0.9609 0.0595
vn 0.2720 -0.9604 0.0594
vn -0.1509 -0.9850 0.0835
vn -0.1592 -0.9837 0.0840
vn -0.3440 -0.9344 0.0928
vn 0.9910 -0.1280 -0.0380
vn 0.9927 -0.1131 -0.0409
vn 0.9119 0.3842 -0.1444
vn 0.9123 0.3833 -0.1442
vn 0.8145 -0.5793 0.0313
vn 0.8194 -0.5724 0.0305
vn 0.4593 -0.8865 0.0565
vn 0.4741 -0.8786 0.0564
vn 0.0707 -0.9956 0.0614
vn 0.0787 -0.9950 0.0615
vn -0.3322 -0.9413 0.0605
vn -0.3387 -0.9389 0.0604
vn -0.4804 -0.8752 0.0561
vn 0.7622 0.6181 -0.1922
vn 0.8196 -0.5724 -0.0254
vn 0.9946 -0.0833 -0.0622
vn 0.9951 -0.0769 -0.0628
vn 0.8130 -0.5818 -0.0252
vn 0.4343 -0.9008 -0.0070
vn 0.4344 -0.9007 -0.0070
vn -0.0254 -0.9997 0.0069
vn -0.0234 -0.9997 0.0069
vn -0.4889 -0.8723 0.0012
vn -0.4997 -0.8662 0.0008
vn -0.8667 -0.4986 -0.0164
vn -0.8758 -0.4824 -0.0171
vn -0.8456 0.5252 -0.0956
vn -0.9991 -0.0180 -0.0383
vn -0.9983 -0.0450 -0.0370
vn -0.8663 0.4912 -0.0906
vn -0.4949 0.8562 -0.1484
vn -0.5203 0.8414 -0.1459
vn 0.0330 0.9834 -0.1782
vn 0.0453 0.9829 -0.1784
vn 0.5417 0.8246 -0.1628
vn 0.5351 0.8289 -0.1633
vn -0.9991 -0.0384 -0.0166
vn -0.8397 0.0602 0.5396
vn -0.7853 -0.2013 0.5855
vn -0.9452 -0.3261 0.0174
vn -0.8553 0.5084 -0.0997
vn -0.7137 0.5022 0.4882
vn -0.8255 0.2238 0.5182
vn -0.9845 0.1693 -0.0462
vn -0.5268 0.7161 0.4579
vn -0.6474 0.7484 -0.1440
vn -0.2029 0.8853 0.4184
vn -0.2812 0.9388 -0.1989
vn 0.1142 0.9080 0.4031
vn 0.1146 0.9640 -0.2400
vn 0.6996 0.5605 0.4432
vn 0.4484 0.7932 0.4119
vn 0.5288 0.8134 -0.2421
vn 0.8100 0.5506 -0.2018
vn 0.8245 0.2973 0.4814
vn 0.9576 0.2499 -0.1431
vn 0.8495 -0.0012 0.5276
vn 0.9916 -0.1034 -0.0777
vn 0.4813 -0.6161 0.6235
vn 0.6710 -0.4401 0.5967
vn 0.7804 -0.6251 0.0121
vn 0.5611 -0.8274 0.0249
vn 0.7943 -0.2303 0.5622
vn 0.9299 -0.3664 -0.0320
vn 0.2575 -0.7206 0.6438
vn 0.2907 -0.9555 0.0495
vn 0.0086 -0.7518 0.6593
vn 0.0037 -0.9954 0.0959
vn -0.2592 -0.7036 0.6616
vn -0.3251 -0.9383 0.1181
vn -0.4952 -0.5782 0.6484
vn -0.6049 -0.7912 0.0896
vn -0.6988 -0.3626 0.6166
vn -0.8296 -0.5560 0.0501
vn 0.9157 0.3664 -0.1651
vn 0.9156 0.3665 -0.1651
vn 0.6638 0.7174 -0.2112
vn 0.6658 0.7157 -0.2110
vn 0.9936 -0.0530 -0.0998
vn 0.9935 -0.0559 -0.0993
vn 0.8996 -0.4344 -0.0456
vn 0.9037 -0.4257 -0.0465
vn 0.2444 0.9397 -0.2391
vn 0.2453 0.9395 -0.2391
vn -0.1877 0.9552 -0.2290
vn -0.1697 0.9582 -0.2304
vn -0.6350 0.7511 -0.1807
vn -0.6335 0.7524 -0.1807
vn -0.9000 0.4122 -0.1420
vn -0.9029 0.4058 -0.1415
vn -0.9957 -0.0075 -0.0923
vn -0.9956 -0.0019 -0.0932
vn -0.9235 -0.3826 -0.0279
vn -0.9255 -0.3776 -0.0288
vn -0.6846 -0.7280 0.0379
vn -0.6889 -0.7239 0.0371
vn -0.3414 -0.9373 0.0703
vn -0.3461 -0.9356 0.0701
vn 0.1085 -0.9930 0.0459
vn 0.1042 -0.9935 0.0466
vn 0.4236 -0.9058 -0.0052
vn 0.4132 -0.9106 -0.0038
vn 0.6904 -0.7230 -0.0233
vn 0.6853 -0.7279 -0.0233
vn 0.9042 0.4114 -0.1151
vn 0.8998 0.4206 -0.1161
vn 0.0922 0.8583 0.5048
vn 0.4093 0.7547 0.5127
vn 0.6398 0.5473 0.5395
vn 0.7601 0.3081 0.5721
vn 0.7916 0.0371 0.6099
vn 0.7433 -0.1873 0.6422
vn 0.6228 -0.3891 0.6787
vn 0.4521 -0.5413 0.7089
vn 0.2571 -0.6355 0.7281
vn 0.0410 -0.6744 0.7372
vn -0.2134 -0.6439 0.7347
vn -0.4371 -0.5329 0.7246
vn -0.6282 -0.3459 0.6969
vn -0.7271 -0.1714 0.6648
vn -0.7772 0.0670 0.6257
vn -0.7681 0.2209 0.6011
vn -0.6600 0.4828 0.5756
vn -0.4955 0.6733 0.5488
vn -0.2049 0.8318 0.5158
vn -0.0197 -0.1519 -0.9882
vn -0.0117 -0.1610 -0.9869
vn -0.0256 -0.1308 -0.9911
vn -0.9555 -0.2928 0.0355
vn -0.9538 -0.2983 0.0361
vn -0.9865 -0.1617 0.0241
vn -0.9881 -0.1521 0.0233
vn -0.9997 -0.0246 0.0063
vn -0.9997 -0.0242 0.0062
vn -0.9925 0.1212 -0.0151
vn -0.9912 0.1316 -0.0162
vn -0.9649 0.2601 -0.0368
vn -0.9636 0.2648 -0.0378
vn -0.9185 0.3906 -0.0620
vn -0.9143 0.4000 -0.0636
vn -0.8547 0.5123 -0.0833
vn -0.8499 0.5200 -0.0847
vn -0.7771 0.6212 -0.1011
vn -0.7725 0.6268 -0.1020
vn -0.6898 0.7151 -0.1135
vn -0.6857 0.7189 -0.1140
vn -0.5907 0.7969 -0.1262
vn -0.5879 0.7990 -0.1267
vn -0.4890 0.8610 -0.1398
vn -0.4858 0.8627 -0.1402
vn -0.3824 0.9119 -0.1488
vn -0.3861 0.9104 -0.1486
vn -0.2705 0.9499 -0.1564
vn -0.2683 0.9505 -0.1566
vn -0.1584 0.9740 -0.1619
vn -0.1567 0.9743 -0.1619
vn -0.0310 0.9861 -0.1634
vn -0.0293 0.9861 -0.1634
vn 0.1096 0.9805 -0.1633
vn 0.1119 0.9802 -0.1632
vn 0.2513 0.9536 -0.1659
vn 0.2507 0.9537 -0.1659
vn 0.3960 0.9034 -0.1644
vn 0.3968 0.9031 -0.1643
vn 0.5213 0.8393 -0.1547
vn 0.5183 0.8411 -0.1549
vn 0.6078 0.7811 -0.1432
vn 0.6062 0.7823 -0.1436
vn 0.6706 0.7310 -0.1266
vn -0.6303 -0.7689 0.1073
vn -0.6284 -0.7704 0.1076
vn -0.7189 -0.6887 0.0942
vn -0.7229 -0.6845 0.0936
vn -0.8289 -0.5546 0.0727
vn -0.8283 -0.5556 0.0728
vn -0.9028 -0.4269 0.0514
vn -0.9034 -0.4258 0.0513
vn -0.0151 -0.1629 -0.9865
vn -0.0068 -0.1605 -0.9870
vn -0.5457 -0.8291 0.1217
vn 0.1346 -0.2675 -0.9541
vn 0.0535 -0.1839 -0.9815
vn 0.0314 -0.1764 -0.9838
vn 0.0170 -0.1515 -0.9883
vn -0.0067 -0.1690 -0.9856
vn 0.0160 -0.2138 -0.9767
vn 0.0420 -0.2219 -0.9742
vn 0.1414 -0.2687 -0.9528
vn 0.0675 -0.2123 -0.9749
vn 0.0322 -0.1926 -0.9808
vn 0.0344 -0.1950 -0.9802
vn 0.0427 -0.2014 -0.9786
vn 0.1127 -0.2493 -0.9619
vn 0.2379 -0.3484 -0.9067
vn 0.2502 -0.3690 -0.8951
vn 0.2184 -0.3406 -0.9145
vn 0.0812 -0.2366 -0.9682
vn 0.0629 -0.2194 -0.9736
vn 0.0094 -0.1731 -0.9849
vn 0.0053 -0.1785 -0.9839
vn 0.1457 -0.2711 -0.9515
vn 0.0588 -0.2135 -0.9752
vn 0.0758 -0.2205 -0.9724
vn 0.2118 -0.3232 -0.9223
vn 0.2056 -0.3174 -0.9257
vn 0.1870 -0.3111 -0.9318
vn 0.2110 -0.3232 -0.9225
vn 0.0705 -0.2257 -0.9716
vn 0.1512 -0.2807 -0.9478
vn 0.0563 -0.2106 -0.9759
vn 0.0451 -0.2000 -0.9788
vn 0.1184 -0.2577 -0.9589
vn 0.0196 -0.1762 -0.9842
vn 0.0744 -0.2186 -0.9730
vn 0.0066 -0.1648 -0.9863
vn 0.0149 -0.1708 -0.9852
vn 0.0169 -0.1709 -0.9851
vn 0.0561 -0.2012 -0.9779
vn 0.2364 -0.3354 -0.9119
vn 0.2093 -0.3065 -0.9286
vn 0.2656 -0.3329 -0.9048
vn 0.2123 -0.3246 -0.9217
vn 0.1976 -0.3155 -0.9281
vn 0.2550 -0.3652 -0.8953
vn 0.2575 -0.3615 -0.8961
vn 0.2507 -0.3543 -0.9009
vn 0.2580 -0.3605 -0.8964
vn 0.2533 -0.3552 -0.8998
vn 0.2586 -0.3593 -0.8967
vn 0.2542 -0.3541 -0.9000
vn 0.2606 -0.3581 -0.8966
vn 0.2560 -0.3527 -0.9000
vn 0.2615 -0.3587 -0.8961
vn 0.2647 -0.3564 -0.8961
vn 0.2515 -0.3488 -0.9028
vn 0.2666 -0.3549 -0.8961
vn 0.2660 -0.3564 -0.8957
vn 0.2672 -0.3538 -0.8963
vn 0.2736 -0.3487 -0.8964
vn -0.9918 -0.1241 -0.0297
vn -0.9945 -0.0999 -0.0328
vn -0.8641 -0.5021 0.0363
vn -0.8588 -0.5108 0.0384
vn -0.6474 0.7483 -0.1449
vn -0.9235 0.3716 -0.0953
vn -0.9373 0.3365 -0.0908
vn -0.6788 0.7206 -0.1413
vn 0.4603 0.8632 -0.2072
vn 0.2460 0.9459 -0.2118
vn 0.2543 0.9436 -0.2118
vn -0.2134 0.9587 -0.1882
vn -0.7711 -0.6331 0.0676
vn -0.9103 -0.4137 -0.0123
vn -0.9196 -0.3925 -0.0142
vn -0.8260 -0.5637 0.0019
vn -0.9954 0.0613 -0.0735
vn -0.9927 0.0921 -0.0783
vn -0.8426 0.5187 -0.1449
vn -0.8227 0.5485 -0.1495
vn -0.4266 0.8812 -0.2039
vn -0.3969 0.8944 -0.2063
vn 0.0671 0.9705 -0.2315
vn 0.0898 0.9684 -0.2325
vn 0.2707 0.9331 -0.2368
vn 0.7347 0.6670 -0.1239
vn 0.7380 0.6633 -0.1237
vn 0.8044 0.5865 -0.0947
vn 0.7974 0.5952 -0.0996
vn 0.8644 0.5015 -0.0369
vn 0.8564 0.5141 -0.0465
vn 0.9024 0.4306 0.0160
vn 0.9107 0.4119 0.0298
vn 0.9455 0.3123 0.0927
vn 0.9400 0.3312 0.0819
vn 0.9685 0.2047 0.1419
vn 0.9651 0.2247 0.1342
vn 0.9792 0.0901 0.1818
vn 0.9782 0.1134 0.1742
vn 0.9732 -0.0307 0.2277
vn 0.9756 -0.0108 0.2194
vn 0.9498 -0.1592 0.2695
vn 0.9536 -0.1427 0.2650
vn 0.9156 -0.2704 0.2975
vn 0.9185 -0.2627 0.2957
vn 0.8553 -0.3995 0.3300
vn 0.8578 -0.3951 0.3288
vn 0.7737 -0.5268 0.3521
vn 0.7766 -0.5227 0.3516
vn 0.6625 -0.6531 0.3669
vn 0.6656 -0.6501 0.3666
vn 0.5326 -0.7599 0.3728
vn 0.5322 -0.7602 0.3728
vn 0.3828 -0.8477 0.3672
vn 0.3701 -0.8536 0.3665
vn 0.2317 -0.9050 0.3567
vn 0.2123 -0.9105 0.3549
vn 0.0654 -0.9399 0.3352
vn 0.0339 -0.9435 0.3295
vn -0.1044 -0.9521 0.2873
vn -0.1325 -0.9525 0.2741
vn -0.2671 -0.9454 0.1866
vn -0.2814 -0.9437 0.1741
vn -0.3855 -0.9151 0.1182
vn -0.3963 -0.9107 0.1161
vn -0.4874 -0.8678 0.0968
vn 0.1736 -0.2930 -0.9402
vn 0.1471 -0.2877 -0.9464
vn 0.1397 -0.2607 -0.9553
vn -0.0081 -0.1467 -0.9892
vn 0.6913 0.7116 -0.1257
vn 0.7462 0.4842 0.4569
vn 0.6780 0.5573 0.4793
vn 0.6795 0.5556 0.4790
vn 0.7424 0.4882 0.4587
vn 0.8072 0.4314 0.4029
vn 0.8065 0.4318 0.4038
vn 0.8580 0.4040 0.3173
vn 0.8602 0.4033 0.3121
vn 0.8872 0.3977 0.2338
vn 0.8885 0.3977 0.2288
vn 0.9004 0.4061 0.1560
vn 0.9008 0.4071 0.1511
vn 0.8963 0.4394 0.0600
vn 0.8970 0.4375 0.0640
vn 0.8360 0.5466 -0.0472
vn 0.8751 0.4839 -0.0037
vn 0.8738 0.4863 -0.0059
vn 0.8361 0.5466 -0.0472
vn 0.7859 0.6152 -0.0621
vn 0.7883 0.6121 -0.0622
vn 0.7354 0.6761 -0.0448
vn 0.7397 0.6712 -0.0476
vn 0.6935 0.7204 -0.0061
vn 0.6941 0.7199 -0.0068
vn 0.6563 0.7526 0.0524
vn 0.6566 0.7525 0.0519
vn 0.6239 0.7723 0.1200
vn 0.6238 0.7723 0.1201
vn 0.6033 0.7767 0.1809
vn 0.6028 0.7767 0.1823
vn 0.5864 0.7683 0.2566
vn 0.5864 0.7684 0.2562
vn 0.5810 0.7448 0.3281
vn 0.5810 0.7450 0.3276
vn 0.5876 0.7012 0.4038
vn 0.5870 0.7048 0.3983
vn 0.6194 0.6354 0.4611
vn 0.6205 0.6335 0.4621
vn 0.7244 0.6622 0.1917
vn 0.6967 0.6894 0.1984
vn 0.6941 0.6903 0.2043
vn 0.7283 0.6571 0.1942
vn 0.7493 0.6298 0.2048
vn 0.7491 0.6300 0.2048
vn 0.7574 0.6209 0.2021
vn 0.7563 0.6220 0.2027
vn 0.7661 0.6097 0.2034
vn 0.7661 0.6096 0.2034
vn 0.7741 0.5970 0.2106
vn 0.7736 0.5978 0.2099
vn 0.7791 0.5883 0.2166
vn 0.7789 0.5886 0.2163
vn 0.7822 0.5824 0.2213
vn 0.7822 0.5825 0.2211
vn 0.7827 0.5812 0.2227
vn 0.7837 0.5803 0.2216
vn 0.7838 0.5801 0.2214
vn 0.7851 0.5787 0.2206
vn 0.7852 0.5786 0.2206
vn 0.7851 0.5770 0.2251
vn 0.7851 0.5772 0.2246
vn 0.7827 0.5753 0.2377
vn 0.7826 0.5753 0.2378
vn 0.7736 0.5795 0.2565
vn 0.7743 0.5790 0.2553
vn 0.7597 0.5929 0.2671
vn 0.7605 0.5919 0.2670
vn 0.7528 0.6074 0.2536
vn 0.7528 0.6084 0.2513
vn 0.7469 0.6242 0.2292
vn 0.7466 0.6247 0.2288
vn 0.7050 0.6727 0.2246
vn 0.7331 0.6424 0.2234
vn 0.7331 0.6423 0.2234
vn 0.7037 0.6740 0.2246
vn 0.2508 0.2110 0.9448
vn 0.2482 0.2143 0.9447
vn 0.1051 0.4336 0.8950
vn 0.1176 0.4106 0.9042
vn 0.0566 0.6381 0.7678
vn 0.0566 0.6195 0.7829
vn 0.1240 0.8064 0.5782
vn 0.1129 0.7961 0.5945
vn 0.4146 0.0401 0.9091
vn 0.4225 0.0333 0.9058
vn 0.6201 -0.0481 0.7830
vn 0.5920 -0.0478 0.8045
vn 0.8080 -0.0093 0.5891
vn 0.8022 -0.0127 0.5969
vn 0.9063 0.1216 0.4047
vn 0.8988 0.0987 0.4270
vn 0.9207 0.2750 0.2770
vn 0.9220 0.2619 0.2853
vn 0.8943 0.4009 0.1989
vn 0.8943 0.4008 0.1990
vn 0.8764 0.4587 0.1467
vn 0.8760 0.4603 0.1439
vn 0.8743 0.4816 0.0605
vn 0.8744 0.4829 0.0469
vn 0.8543 0.5170 -0.0530
vn 0.8497 0.5232 -0.0652
vn 0.7927 0.5949 -0.1332
vn 0.7852 0.6043 -0.1357
vn 0.7140 0.6953 -0.0821
vn 0.7168 0.6916 -0.0881
vn 0.6814 0.7312 0.0326
vn 0.6820 0.7308 0.0279
vn 0.6515 0.7465 0.1354
vn 0.6558 0.7440 0.1278
vn 0.5281 0.8194 0.2227
vn 0.5417 0.8122 0.2164
vn 0.3209 0.8744 0.3640
vn 0.3235 0.8742 0.3620
vn 0.7450 0.6123 0.2646
vn 0.7448 0.6127 0.2644
vn 0.7561 0.5939 0.2750
vn 0.7564 0.5933 0.2753
vn 0.7279 0.6549 0.2032
vn 0.7279 0.6549 0.2034
vn 0.7263 0.6496 0.2247
vn 0.7247 0.6442 0.2445
vn 0.7247 0.6440 0.2451
vn 0.7309 0.6339 0.2528
vn 0.7312 0.6336 0.2529
vn 0.8047 0.5575 0.2042
vn 0.8048 0.5574 0.2043
vn 0.8006 0.5694 0.1865
vn 0.8005 0.5698 0.1858
vn 0.8042 0.5513 0.2220
vn 0.8038 0.5514 0.2234
vn 0.7967 0.5558 0.2374
vn 0.7966 0.5559 0.2375
vn 0.7816 0.5695 0.2546
vn 0.7817 0.5694 0.2544
vn 0.7658 0.5823 0.2728
vn 0.7656 0.5825 0.2731
vn 0.7335 0.6523 0.1910
vn 0.7333 0.6525 0.1911
vn 0.7446 0.6439 0.1761
vn 0.7515 0.6397 0.1610
vn 0.7515 0.6397 0.1613
vn 0.7626 0.6288 0.1519
vn 0.7619 0.6296 0.1522
vn 0.7772 0.6108 0.1514
vn 0.7773 0.6106 0.1514
vn 0.7890 0.5943 0.1558
vn 0.7886 0.5949 0.1556
vn 0.7962 0.5816 0.1668
vn 0.7960 0.5820 0.1663
vn 0.7899 0.6130 0.0141
vn 0.7866 0.6153 0.0511
vn 0.8218 0.5662 0.0634
vn 0.8332 0.5521 0.0307
vn 0.7639 0.6081 0.2160
vn 0.7403 0.6718 0.0263
vn 0.7458 0.6632 0.0627
vn 0.8475 0.5220 0.0961
vn 0.8637 0.4992 0.0703
vn 0.8597 0.4920 0.1372
vn 0.8786 0.4622 0.1203
vn 0.6937 0.7175 0.0636
vn 0.7070 0.7008 0.0950
vn 0.6550 0.7459 0.1207
vn 0.6757 0.7232 0.1429
vn 0.6299 0.7537 0.1875
vn 0.6566 0.7279 0.1974
vn 0.6204 0.7414 0.2558
vn 0.6495 0.7169 0.2534
vn 0.6257 0.7128 0.3168
vn 0.6549 0.6925 0.3025
vn 0.8620 0.4719 0.1850
vn 0.8811 0.4386 0.1769
vn 0.8558 0.4633 0.2300
vn 0.8730 0.4288 0.2324
vn 0.8412 0.4667 0.2730
vn 0.8554 0.4323 0.2852
vn 0.8193 0.4799 0.3138
vn 0.8283 0.4492 0.3348
vn 0.7927 0.5022 0.3455
vn 0.7951 0.4772 0.3743
vn 0.7607 0.5343 0.3686
vn 0.7572 0.5154 0.4013
vn 0.7270 0.5731 0.3783
vn 0.7150 0.5648 0.4120
vn 0.6960 0.6161 0.3688
vn 0.6749 0.6204 0.3997
vn 0.6703 0.6584 0.3422
vn 0.6441 0.6714 0.3664
vn -0.3745 0.8362 0.4006
vn -0.4543 0.7821 0.4266
vn -0.4523 0.7832 0.4266
vn -0.3774 0.8340 0.4024
vn -0.3188 0.8835 0.3433
vn -0.3193 0.8830 0.3441
vn -0.2873 0.9212 0.2625
vn -0.2866 0.9229 0.2571
vn -0.2844 0.9423 0.1767
vn -0.2852 0.9436 0.1682
vn -0.3021 0.9492 0.0879
vn -0.3045 0.9491 0.0805
vn -0.3392 0.9407 -0.0041
vn -0.3374 0.9414 -0.0007
vn -0.4551 0.8842 -0.1048
vn -0.3850 0.9208 -0.0615
vn -0.3879 0.9195 -0.0641
vn -0.4552 0.8842 -0.1048
vn -0.5287 0.8408 -0.1165
vn -0.5252 0.8429 -0.1167
vn -0.5957 0.7973 -0.0973
vn -0.5893 0.8016 -0.1007
vn -0.6435 0.7634 -0.0560
vn -0.6431 0.7637 -0.0565
vn -0.6767 0.7362 0.0116
vn -0.6766 0.7363 0.0113
vn -0.6907 0.7179 0.0872
vn -0.6906 0.7179 0.0877
vn -0.6878 0.7092 0.1547
vn -0.6879 0.7095 0.1532
vn -0.6775 0.7019 0.2197
vn -0.6773 0.7019 0.2205
vn -0.6507 0.7022 0.2890
vn -0.6512 0.7021 0.2880
vn -0.6038 0.7131 0.3563
vn -0.6069 0.7123 0.3527
vn -0.5384 0.7391 0.4048
vn -0.5368 0.7398 0.4056
vn -0.5393 0.8260 0.1637
vn -0.5472 0.8206 0.1645
vn -0.5473 0.8205 0.1648
vn -0.5375 0.8272 0.1636
vn -0.5253 0.8358 0.1597
vn -0.5252 0.8359 0.1596
vn -0.5109 0.8448 0.1591
vn -0.5129 0.8437 0.1584
vn -0.5001 0.8506 0.1624
vn -0.5004 0.8505 0.1624
vn -0.4901 0.8566 0.1614
vn -0.4907 0.8562 0.1616
vn -0.4814 0.8617 0.1604
vn -0.4759 0.8648 0.1600
vn -0.4762 0.8646 0.1601
vn -0.4725 0.8668 0.1592
vn -0.4726 0.8668 0.1592
vn -0.4727 0.8667 0.1592
vn -0.4701 0.8674 0.1629
vn -0.4703 0.8674 0.1626
vn -0.4747 0.8648 0.1633
vn -0.4735 0.8654 0.1638
vn -0.4839 0.8583 0.1708
vn -0.4838 0.8585 0.1703
vn -0.4842 0.8558 0.1824
vn -0.4845 0.8557 0.1817
vn -0.4954 0.8509 0.1748
vn -0.4930 0.8519 0.1768
vn -0.5121 0.8430 0.1647
vn -0.5123 0.8429 0.1648
vn -0.5307 0.8294 0.1745
vn -0.5299 0.8300 0.1741
vn -0.5467 0.8187 0.1757
vn -0.5435 0.8193 0.1828
vn -0.5437 0.8191 0.1829
vn -0.5468 0.8190 0.1737
vn -0.3440 0.2080 0.9156
vn -0.1285 0.3215 0.9382
vn -0.1265 0.3227 0.9380
vn -0.3665 0.1978 0.9091
vn -0.5658 0.1374 0.8130
vn -0.5841 0.1346 0.8005
vn -0.7641 0.1469 0.6281
vn -0.7693 0.1492 0.6212
vn 0.0605 0.4765 0.8771
vn 0.0658 0.4823 0.8735
vn 0.1591 0.6699 0.7253
vn 0.1579 0.6474 0.7456
vn 0.1031 0.8546 0.5089
vn 0.1118 0.8445 0.5237
vn -0.0852 0.9460 0.3129
vn -0.0570 0.9413 0.3326
vn -0.2816 0.9382 0.2011
vn -0.2672 0.9413 0.2063
vn -0.4123 0.8974 0.1567
vn -0.4100 0.8984 0.1573
vn -0.4435 0.8864 0.1328
vn -0.4434 0.8864 0.1332
vn -0.4365 0.8967 0.0733
vn -0.4347 0.8983 0.0634
vn -0.4480 0.8940 -0.0031
vn -0.4511 0.8924 -0.0086
vn -0.5015 0.8646 -0.0320
vn -0.5020 0.8643 -0.0318
vn -0.5596 0.8285 0.0215
vn -0.5615 0.8271 0.0249
vn -0.6139 0.7859 0.0745
vn -0.6102 0.7889 0.0725
vn -0.7193 0.6859 0.1100
vn -0.6993 0.7071 0.1048
vn -0.8523 0.4792 0.2097
vn -0.8445 0.4971 0.1995
vn -0.8792 0.2862 0.3810
vn -0.8784 0.2817 0.3861
vn -0.5050 0.8391 0.2022
vn -0.5049 0.8392 0.2018
vn -0.4995 0.8456 0.1885
vn -0.4992 0.8457 0.1885
vn -0.5376 0.8296 0.1512
vn -0.5379 0.8294 0.1509
vn -0.5421 0.8222 0.1736
vn -0.5413 0.8221 0.1762
vn -0.5393 0.8198 0.1925
vn -0.5259 0.8271 0.1982
vn -0.5257 0.8272 0.1984
vn -0.4540 0.8777 0.1531
vn -0.4542 0.8775 0.1543
vn -0.4547 0.8830 0.1164
vn -0.4553 0.8829 0.1154
vn -0.4552 0.8741 0.1696
vn -0.4549 0.8746 0.1679
vn -0.4607 0.8687 0.1821
vn -0.4608 0.8686 0.1824
vn -0.4783 0.8559 0.1965
vn -0.4774 0.8562 0.1977
vn -0.4907 0.8511 0.1867
vn -0.5348 0.8279 0.1691
vn -0.5351 0.8277 0.1693
vn -0.5459 0.8252 0.1447
vn -0.5459 0.8255 0.1432
vn -0.5286 0.8418 0.1092
vn -0.5292 0.8414 0.1094
vn -0.5106 0.8509 0.1234
vn -0.5108 0.8512 0.1204
vn -0.5060 0.8516 0.1369
vn -0.5059 0.8516 0.1369
vn -0.5040 0.8550 0.1223
vn -0.5039 0.8549 0.1231
vn -0.4820 0.8695 0.1083
vn -0.4834 0.8687 0.1084
vn -0.3424 -0.2071 -0.9164
vn -0.3413 -0.2065 -0.9170
vn 0.0131 -0.0235 -0.9996
vn 0.0129 -0.0236 -0.9996
vn -0.5840 -0.3938 -0.7098
vn -0.5841 -0.3939 -0.7097
vn 0.3213 0.1593 -0.9335
vn 0.3221 0.1599 -0.9331
vn 0.5571 0.3267 -0.7635
vn 0.5574 0.3269 -0.7632
vn 0.7397 0.4412 -0.5081
vn 0.7400 0.4413 -0.5076
vn 0.8570 0.4361 -0.2746
vn 0.9562 0.2900 -0.0404
vn 0.9562 0.2899 -0.0403
vn 0.9896 0.0386 0.1383
vn 0.9897 0.0392 0.1379
vn 0.9403 -0.2406 0.2407
vn 0.9405 -0.2400 0.2406
vn 0.8207 -0.4932 0.2885
vn 0.8200 -0.4942 0.2887
vn 0.6893 -0.6510 0.3179
vn 0.6898 -0.6505 0.3178
vn 0.5302 -0.7797 0.3330
vn 0.5305 -0.7795 0.3330
vn 0.3568 -0.8749 0.3276
vn 0.3560 -0.8752 0.3275
vn 0.1757 -0.9398 0.2932
vn 0.1749 -0.9400 0.2930
vn -0.0363 -0.9751 0.2188
vn -0.0360 -0.9751 0.2189
vn -0.2994 -0.9510 0.0767
vn -0.3003 -0.9508 0.0761
vn -0.5326 -0.8378 -0.1201
vn -0.5329 -0.8376 -0.1204
vn -0.6663 -0.6190 -0.4158
vn -0.6665 -0.6176 -0.4175
vn -0.5128 0.8585 0.0034
vn -0.5119 0.8585 0.0293
vn -0.4607 0.8869 0.0355
vn -0.4458 0.8951 0.0106
vn -0.5030 0.8491 0.1613
vn -0.5618 0.8271 0.0171
vn -0.5531 0.8321 0.0418
vn -0.4211 0.9058 0.0461
vn -0.3998 0.9164 0.0180
vn -0.3981 0.9136 0.0825
vn -0.3697 0.9267 0.0682
vn -0.6154 0.7863 0.0558
vn -0.5968 0.7989 0.0746
vn -0.6481 0.7565 0.0880
vn -0.6215 0.7765 0.1038
vn -0.6473 0.7471 0.1512
vn -0.6213 0.7676 0.1576
vn -0.6429 0.7288 0.2354
vn -0.6162 0.7559 0.2212
vn -0.6234 0.7297 0.2810
vn -0.5974 0.7585 0.2605
vn -0.3728 0.9198 0.1228
vn -0.3396 0.9338 0.1124
vn -0.3767 0.9141 0.1498
vn -0.3496 0.9260 0.1422
vn -0.3805 0.9001 0.2120
vn -0.3550 0.9066 0.2279
vn -0.3773 0.8901 0.2559
vn -0.3462 0.8944 0.2832
vn -0.3869 0.8815 0.2708
vn -0.3549 0.8872 0.2949
vn -0.4269 0.8590 0.2827
vn -0.4089 0.8598 0.3059
vn -0.4749 0.8296 0.2937
vn -0.4704 0.8230 0.3183
vn -0.5203 0.8018 0.2939
vn -0.5311 0.7853 0.3180
vn -0.5645 0.7745 0.2853
vn -0.5847 0.7486 0.3125
vn -0.0354 0.0243 -0.9991
vn -0.0332 -0.0010 -0.9994
vn -0.0859 -0.0163 -0.9962
vn -0.0967 0.0056 -0.9953
vn 0.0389 0.0098 -0.9992
vn 0.0306 -0.0096 -0.9995
vn -0.1422 -0.0291 -0.9894
vn -0.1244 -0.0479 -0.9911
vn -0.1517 -0.0902 -0.9843
vn -0.1722 -0.0796 -0.9818
vn -0.1854 -0.1386 -0.9728
vn -0.1629 -0.1401 -0.9766
vn -0.1529 -0.2002 -0.9678
vn -0.1743 -0.2074 -0.9626
vn 0.0977 -0.0229 -0.9950
vn 0.0801 -0.0411 -0.9959
vn 0.1365 -0.0797 -0.9874
vn 0.1161 -0.0903 -0.9891
vn 0.1488 -0.1404 -0.9789
vn 0.1250 -0.1413 -0.9820
vn -0.0633 -0.3024 -0.9511
vn -0.0577 -0.2825 -0.9575
vn 0.0057 -0.2848 -0.9586
vn 0.0112 -0.3044 -0.9525
vn 0.0719 -0.2540 -0.9645
vn 0.0857 -0.2694 -0.9592
vn 0.1101 -0.2062 -0.9723
vn 0.1299 -0.2133 -0.9683
vn -0.1193 -0.2485 -0.9613
vn -0.1338 -0.2642 -0.9552
vn -0.0205 -0.1531 -0.9880
vn 0.0033 -0.4073 -0.9133
vn 0.0006 -0.4076 -0.9132
vn -0.1067 -0.3966 -0.9118
vn -0.1071 -0.3965 -0.9118
vn 0.0963 -0.3800 -0.9200
vn 0.0944 -0.3809 -0.9198
vn -0.0927 0.9693 -0.2277
vn 0.3445 0.9101 -0.2304
vn 0.3443 0.9101 -0.2304
vn -0.0760 0.9706 -0.2284
vn -0.2148 -0.3401 -0.9155
vn -0.2136 -0.3413 -0.9154
vn 0.2344 -0.2483 -0.9399
vn 0.2315 -0.2533 -0.9393
vn 0.1727 -0.3313 -0.9276
vn 0.1752 -0.3290 -0.9279
vn 0.2583 -0.1547 -0.9536
vn 0.2584 -0.1507 -0.9542
vn 0.2371 -0.0339 -0.9709
vn 0.2361 -0.0312 -0.9712
vn 0.1725 0.0566 -0.9834
vn 0.1669 0.0613 -0.9841
vn 0.0510 0.1201 -0.9915
vn -0.0680 0.1215 -0.9903
vn -0.0706 0.1209 -0.9902
vn -0.1964 0.0617 -0.9786
vn -0.1919 0.0649 -0.9793
vn -0.2651 -0.0291 -0.9638
vn -0.2630 -0.0241 -0.9645
vn -0.2920 -0.1468 -0.9451
vn -0.2919 -0.1441 -0.9455
vn -0.2774 -0.2444 -0.9291
vn -0.2777 -0.2437 -0.9293
vn -0.0165 -0.1502 -0.9885
vn -0.0191 -0.1507 -0.9884
vn -0.0164 -0.1502 -0.9885
vn -0.0181 -0.1513 -0.9883
vn -0.0181 -0.1512 -0.9883
vn -0.0158 -0.1492 -0.9887
vn -0.0169 -0.1507 -0.9884
vn -0.0160 -0.1488 -0.9887
vn -0.0159 -0.1488 -0.9887
vn -0.0183 -0.1473 -0.9889
vn -0.0192 -0.1441 -0.9894
vn -0.0201 -0.1417 -0.9897
vn -0.0225 -0.1400 -0.9899
vn -0.0226 -0.1400 -0.9899
vn -0.0247 -0.1412 -0.9897
vn -0.0247 -0.1413 -0.9897
vn -0.0261 -0.1444 -0.9892
vn -0.0261 -0.1445 -0.9892
vn -0.0258 -0.1467 -0.9888
vn -0.0263 -0.1430 -0.9894
vn -0.0201 -0.1451 -0.9892
vn -0.0197 -0.1454 -0.9892
vn -0.7430 0.6510 -0.1554
vn -0.4623 0.8636 -0.2010
vn -0.4425 0.8735 -0.2030
vn -0.7253 0.6697 -0.1595
vn -0.9219 0.3722 -0.1078
vn -0.9378 0.3319 -0.1017
vn -0.9987 0.0139 -0.0487
vn -0.9989 -0.0198 -0.0426
vn -0.9137 -0.4062 0.0128
vn -0.8966 -0.4425 0.0165
vn -0.6642 -0.7454 0.0571
vn -0.6591 -0.7498 0.0578
vn -0.2532 -0.9640 0.0808
vn -0.2482 -0.9653 0.0808
vn 0.1838 -0.9803 0.0716
vn 0.1549 -0.9853 0.0724
vn 0.6176 -0.7862 0.0231
vn 0.5919 -0.8055 0.0283
vn 0.8899 -0.4543 -0.0409
vn 0.8666 -0.4978 -0.0343
vn 0.9943 -0.0236 -0.1042
vn 0.9933 -0.0601 -0.0987
vn 0.9208 0.3562 -0.1587
vn 0.9319 0.3279 -0.1548
vn 0.6899 0.6944 -0.2045
vn 0.6994 0.6853 -0.2031
vn 0.8980 -0.3774 -0.2263
vn 0.8990 -0.3765 -0.2237
vn 0.9306 -0.3502 -0.1068
vn 0.9296 -0.3509 -0.1131
vn 0.9702 -0.2113 0.1189
vn 0.9691 -0.2227 0.1056
vn 0.9491 -0.3143 -0.0201
vn 0.9523 -0.3050 -0.0057
vn 0.8874 0.2128 0.4090
vn 0.9050 0.1738 0.3882
vn 0.9711 -0.1022 0.2158
vn 0.9700 -0.0868 0.2271
vn 0.8643 -0.4036 -0.3001
vn 0.7057 0.4682 0.5317
vn 0.6806 0.4928 0.5421
vn 0.0192 0.7908 0.6118
vn -0.0154 0.7942 0.6074
vn -0.3903 0.7663 0.5103
vn 0.2864 0.6979 0.6564
vn 0.2864 0.6998 0.6544
vn 0.2578 0.7846 0.5639
vn 0.2573 0.7851 0.5634
vn 0.2438 0.6935 0.6779
vn 0.2451 0.6927 0.6783
vn 0.2086 0.7821 0.5873
vn 0.2087 0.7839 0.5848
vn 0.2484 0.8801 0.4045
vn 0.2484 0.8801 0.4046
vn 0.2365 0.8650 0.4425
vn 0.2357 0.8645 0.4439
vn 0.0156 0.9072 0.4204
vn 0.0162 0.9071 0.4205
vn 0.1607 0.8895 0.4276
vn 0.1583 0.8898 0.4280
vn -0.0600 0.9242 0.3773
vn -0.0602 0.9243 0.3768
vn 0.0023 0.8982 0.4396
vn 0.0016 0.8986 0.4388
vn 0.0609 0.8006 0.5961
vn 0.0612 0.8040 0.5915
vn 0.1992 0.8306 0.5200
vn 0.1990 0.8307 0.5199
vn 0.1418 0.8510 0.5057
vn 0.1420 0.8510 0.5057
vn 0.1039 0.8545 0.5089
vn 0.1036 0.8545 0.5090
vn 0.0596 0.8478 0.5270
vn 0.0586 0.8476 0.5274
vn -0.0685 0.7805 0.6213
vn -0.0731 0.7772 0.6250
vn -0.0817 0.7249 0.6840
vn -0.0812 0.7245 0.6845
vn 0.0040 0.7233 0.6905
vn 0.0023 0.7225 0.6913
vn 0.1616 -0.0897 -0.9828
vn 0.1739 -0.1157 -0.9779
vn 0.1740 -0.1158 -0.9779
vn 0.1801 -0.1392 -0.9737
vn 0.1769 -0.1675 -0.9699
vn 0.1768 -0.1677 -0.9699
vn 0.1685 -0.1948 -0.9663
vn 0.1684 -0.1948 -0.9663
vn 0.1591 -0.2214 -0.9621
vn 0.1593 -0.2210 -0.9622
vn 0.1466 -0.2435 -0.9588
vn 0.1293 -0.2626 -0.9562
vn 0.1293 -0.2627 -0.9562
vn 0.1100 -0.2778 -0.9543
vn 0.0887 -0.2839 -0.9547
vn 0.0639 -0.2826 -0.9571
vn 0.0404 -0.2831 -0.9582
vn 0.0399 -0.2832 -0.9582
vn 0.0208 -0.2891 -0.9571
vn 0.0204 -0.2893 -0.9570
vn 0.0052 -0.2921 -0.9564
vn -0.0104 -0.2833 -0.9590
vn -0.0100 -0.2837 -0.9589
vn -0.0294 -0.2679 -0.9630
vn -0.0292 -0.2680 -0.9630
vn -0.0494 -0.2581 -0.9649
vn -0.0498 -0.2580 -0.9649
vn -0.0725 -0.2563 -0.9639
vn -0.0949 -0.2582 -0.9614
vn -0.1105 -0.2584 -0.9597
vn -0.0941 -0.2662 -0.9593
vn -0.0388 -0.2975 -0.9539
vn 0.0289 -0.3397 -0.9401
vn 0.0288 -0.3397 -0.9401
vn 0.0909 -0.3814 -0.9199
vn 0.0910 -0.3815 -0.9199
vn 0.1276 -0.3943 -0.9101
vn 0.1289 -0.3778 -0.9169
vn 0.1102 -0.3598 -0.9265
vn 0.0821 -0.3397 -0.9369
vn 0.0573 -0.3105 -0.9489
vn 0.0573 -0.3105 -0.9488
vn 0.0432 -0.2898 -0.9561
vn 0.0436 -0.2899 -0.9561
vn 0.0575 -0.2760 -0.9594
vn 0.0574 -0.2760 -0.9594
vn 0.0890 -0.2451 -0.9654
vn 0.1145 -0.2166 -0.9695
vn 0.1147 -0.2163 -0.9696
vn 0.1414 -0.1960 -0.9704
vn 0.1758 -0.1825 -0.9674
vn 0.2090 -0.1769 -0.9618
vn 0.2093 -0.1768 -0.9617
vn 0.2496 -0.1596 -0.9551
vn 0.2658 -0.1271 -0.9556
vn 0.2657 -0.1271 -0.9556
vn 0.2175 -0.0732 -0.9733
vn 0.1432 -0.0224 -0.9894
vn 0.1434 -0.0225 -0.9894
vn 0.1104 0.0041 -0.9939
vn 0.1260 -0.0068 -0.9920
vn 0.1256 -0.0064 -0.9921
vn 0.1433 -0.0329 -0.9891
vn 0.1433 -0.0330 -0.9891
vn 0.1521 -0.0616 -0.9864
vn -0.0240 -0.1477 -0.9887
vn -0.0243 -0.1467 -0.9889
vn -0.0240 -0.1484 -0.9886
vn -0.0214 -0.1483 -0.9887
vn -0.0242 -0.1482 -0.9887
vn -0.0171 -0.1479 -0.9889
vn -0.0170 -0.1488 -0.9887
vn -0.0170 -0.1487 -0.9887
vn -0.0193 -0.1425 -0.9896
vn -0.0179 -0.1500 -0.9885
vn -0.0178 -0.1442 -0.9894
vn -0.0178 -0.1443 -0.9894
vn -0.0144 -0.1467 -0.9891
vn -0.0126 -0.1473 -0.9890
vn -0.0259 -0.1480 -0.9886
vn -0.0259 -0.1481 -0.9886
vn -0.0275 -0.1493 -0.9884
vn 0.0165 -0.1426 -0.9896
vn 0.0167 -0.1426 -0.9896
vn 0.0382 -0.1438 -0.9889
vn 0.0387 -0.1440 -0.9888
vn -0.0086 -0.1517 -0.9884
vn -0.0085 -0.1516 -0.9884
vn -0.0185 -0.1706 -0.9852
vn -0.0185 -0.1708 -0.9851
vn -0.0122 -0.1872 -0.9822
vn -0.0055 -0.1741 -0.9847
vn -0.0055 -0.1743 -0.9847
vn -0.0077 -0.1581 -0.9874
vn -0.0158 -0.1529 -0.9881
vn -0.0210 -0.1507 -0.9884
vn -0.0158 -0.1465 -0.9891
vn -0.0147 -0.1474 -0.9890
vn -0.0123 -0.1497 -0.9887
vn -0.0125 -0.1498 -0.9886
vn -0.0044 -0.1318 -0.9913
vn -0.0045 -0.1320 -0.9912
vn 0.0182 -0.1322 -0.9911
vn 0.0185 -0.1323 -0.9910
vn 0.0100 -0.1442 -0.9895
vn 0.0100 -0.1443 -0.9895
vn 0.0186 -0.1492 -0.9886
vn -0.0104 -0.1629 -0.9866
vn -0.0102 -0.1625 -0.9867
vn -0.0143 -0.1835 -0.9829
vn -0.0142 -0.1835 -0.9829
vn -0.0044 -0.1784 -0.9839
vn -0.0044 -0.1785 -0.9839
vn -0.0044 -0.1623 -0.9867
vn -0.0113 -0.1529 -0.9882
vn -0.0108 -0.1532 -0.9881
vn -0.0148 -0.1507 -0.9885
vn -0.0145 -0.1507 -0.9885
vn -0.0136 -0.1505 -0.9885
vn -0.0146 -0.1522 -0.9882
vn -0.0143 -0.1513 -0.9884
vn -0.0081 -0.1516 -0.9884
vn -0.0082 -0.1516 -0.9884
vn 0.0052 -0.1547 -0.9879
vn -0.0209 -0.1033 -0.9944
vn -0.0210 -0.1032 -0.9944
vn -0.0076 -0.1185 -0.9929
vn -0.0076 -0.1186 -0.9929
vn -0.0474 -0.1073 -0.9931
vn -0.0634 -0.1200 -0.9907
vn -0.0635 -0.1196 -0.9908
vn -0.0586 -0.1382 -0.9887
vn -0.0585 -0.1386 -0.9886
vn -0.0462 -0.1562 -0.9867
vn -0.0461 -0.1562 -0.9866
vn -0.0315 -0.1612 -0.9864
vn -0.0221 -0.1607 -0.9868
vn -0.0221 -0.1607 -0.9867
vn -0.0162 -0.1574 -0.9874
vn -0.0108 -0.1526 -0.9882
vn -0.0049 -0.1459 -0.9893
vn -0.0053 -0.1464 -0.9892
vn -0.0018 -0.1356 -0.9908
vn -0.5623 -0.4849 0.6698
vn -0.8190 -0.2985 0.4901
vn -0.8876 -0.1652 0.4300
vn -0.5899 -0.4777 0.6511
vn -0.9194 0.0374 0.3915
vn -0.7226 0.4973 0.4801
vn -0.5151 0.7261 0.4555
vn -0.2196 0.9125 0.3452
vn -0.1484 0.9798 0.1340
vn -0.1228 0.9218 -0.3678
vn -0.1221 0.9207 -0.3706
vn -0.1615 0.9867 0.0170
vn 0.0482 0.7431 -0.6675
vn 0.2339 0.6389 -0.7328
vn 0.2268 0.6411 -0.7332
vn 0.0382 0.7503 -0.6600
vn 0.3982 0.6501 -0.6472
vn 0.3854 0.6446 -0.6603
vn 0.4665 0.6764 -0.5699
vn 0.8693 0.4586 -0.1843
vn 0.9950 0.0622 -0.0784
vn 0.9293 0.3363 -0.1529
vn -0.3417 -0.5070 0.7914
vn -0.3420 -0.5070 0.7912
vn 0.1229 -0.5358 0.8353
vn -0.1185 -0.5085 0.8529
vn -0.1154 -0.5087 0.8532
vn 0.1205 -0.5354 0.8360
vn 0.3272 -0.5834 0.7434
vn 0.3216 -0.5820 0.7469
vn 0.6367 -0.5855 0.5019
vn 0.6524 -0.5816 0.4860
vn 0.7965 -0.5171 0.3134
vn 0.8341 -0.4885 0.2561
vn 0.9294 -0.3561 0.0964
vn 0.9856 -0.1689 0.0102
vn 0.1332 -0.1173 -0.9841
vn 0.0943 -0.1869 -0.9778
vn 0.1010 -0.1453 -0.9842
vn 0.1335 -0.1444 -0.9805
vn 0.1250 -0.1970 -0.9724
vn 0.0736 -0.2238 -0.9719
vn 0.0988 -0.2439 -0.9648
vn 0.0420 -0.2519 -0.9668
vn 0.0585 -0.2795 -0.9584
vn 0.0028 -0.2667 -0.9638
vn 0.0093 -0.2980 -0.9545
vn -0.0401 -0.2664 -0.9630
vn -0.0454 -0.2980 -0.9535
vn -0.0818 -0.2524 -0.9642
vn -0.0980 -0.2801 -0.9550
vn -0.1151 -0.2258 -0.9673
vn -0.1404 -0.2464 -0.9589
vn -0.1370 -0.1893 -0.9723
vn -0.1678 -0.2001 -0.9653
vn -0.1445 -0.1465 -0.9786
vn -0.1778 -0.1457 -0.9732
vn -0.1383 -0.1033 -0.9850
vn -0.1695 -0.0911 -0.9813
vn -0.1177 -0.0664 -0.9908
vn -0.1436 -0.0443 -0.9886
vn -0.0850 -0.0394 -0.9956
vn -0.1023 -0.0102 -0.9947
vn -0.0445 -0.0258 -0.9987
vn -0.0513 0.0070 -0.9987
vn -0.0008 -0.0267 -0.9996
vn 0.0044 0.0059 -1.0000
vn 0.0393 -0.0411 -0.9984
vn 0.0554 -0.0126 -0.9984
vn 0.0717 -0.0681 -0.9951
vn 0.0964 -0.0466 -0.9942
vn 0.0935 -0.1043 -0.9901
vn 0.1238 -0.0925 -0.9880
vn -0.0207 -0.1473 -0.9889
vn -0.7835 -0.0992 -0.6134
vn -0.7346 -0.3587 -0.5760
vn -0.9359 -0.3447 0.0721
vn -0.9997 -0.0062 0.0228
vn -0.6793 -0.1560 0.7170
vn -0.7264 0.0943 0.6807
vn -0.1803 0.0700 0.9811
vn -0.1943 0.1425 0.9705
vn -0.2926 -0.2365 -0.9265
vn -0.3081 -0.1426 -0.9406
vn -0.1832 0.2125 0.9598
vn -0.6845 0.3441 0.6427
vn -0.9425 0.3331 -0.0285
vn -0.7402 0.1629 -0.6523
vn -0.2936 -0.0446 -0.9549
vn -0.1451 0.2781 0.9495
vn -0.5572 0.5665 0.6071
vn -0.7713 0.6319 -0.0764
vn -0.6085 0.3924 -0.6897
vn -0.2460 0.0431 -0.9683
vn -0.0890 0.3265 0.9410
vn -0.3622 0.7314 0.5778
vn -0.5071 0.8542 -0.1151
vn -0.4067 0.5661 -0.7170
vn -0.1714 0.1122 -0.9788
vn -0.0223 0.3506 0.9363
vn -0.1221 0.8193 0.5602
vn -0.1830 0.9734 -0.1379
vn -0.1544 0.6579 -0.7371
vn -0.0744 0.1485 -0.9861
vn 0.0571 0.3510 0.9346
vn 0.1365 0.8213 0.5540
vn 0.1648 0.9756 -0.1450
vn 0.1133 0.6601 -0.7426
vn 0.0285 0.1461 -0.9889
vn 0.1274 0.3263 0.9366
vn 0.3775 0.7351 0.5631
vn 0.4930 0.8595 -0.1345
vn 0.3676 0.5710 -0.7340
vn 0.1255 0.1150 -0.9854
vn 0.1813 0.2805 0.9426
vn 0.5737 0.5733 0.5850
vn 0.7600 0.6412 -0.1060
vn 0.5748 0.4029 -0.7123
vn 0.2068 0.0516 -0.9770
vn 0.2195 0.2177 0.9510
vn 0.7056 0.3533 0.6142
vn 0.9367 0.3435 -0.0674
vn 0.7118 0.1724 -0.6809
vn 0.2605 -0.0385 -0.9647
vn 0.2329 0.1459 0.9615
vn 0.7530 0.1044 0.6496
vn 0.9998 0.0058 -0.0194
vn 0.7605 -0.0888 -0.6433
vn 0.2791 -0.1390 -0.9502
vn 0.2235 0.0740 0.9719
vn 0.7112 -0.1477 0.6873
vn 0.9426 -0.3321 0.0339
vn 0.7180 -0.3505 -0.6014
vn 0.2664 -0.2392 -0.9337
vn 0.1852 0.0095 0.9826
vn 0.5866 -0.3701 0.7204
vn 0.7714 -0.6313 0.0803
vn 0.5856 -0.5829 -0.5633
vn 0.2152 -0.3322 -0.9183
vn 0.1289 -0.0405 0.9908
vn 0.3911 -0.5352 0.7488
vn 0.5076 -0.8534 0.1186
vn 0.3793 -0.7552 -0.5347
vn 0.1331 -0.3990 -0.9072
vn 0.0602 -0.0652 0.9961
vn 0.1494 -0.6251 0.7661
vn 0.1833 -0.9725 0.1438
vn 0.1280 -0.8456 -0.5183
vn 0.0336 -0.4295 -0.9025
vn -0.0172 -0.0658 0.9977
vn -0.1087 -0.6258 0.7724
vn -0.1645 -0.9748 0.1510
vn -0.1404 -0.8461 -0.5143
vn -0.0687 -0.4251 -0.9025
vn -0.0882 -0.0392 0.9953
vn -0.3520 -0.5386 0.7655
vn -0.4924 -0.8591 0.1398
vn -0.3930 -0.7557 -0.5239
vn -0.1637 -0.3908 -0.9058
vn -0.1438 0.0067 0.9896
vn -0.5494 -0.3763 0.7460
vn -0.7593 -0.6412 0.1114
vn -0.5985 -0.5874 -0.5447
vn -0.2398 -0.3272 -0.9140
vn 0.3791 -0.7473 -0.5457
vn 0.1278 -0.8392 -0.5286
vn 0.5810 -0.5771 -0.5740
vn 0.7109 -0.3486 -0.6108
vn 0.7069 0.1710 -0.6863
vn 0.7549 -0.0876 -0.6499
vn -0.1375 -0.8408 -0.5236
vn -0.3885 -0.7531 -0.5309
vn -0.5954 -0.5866 -0.5489
vn -0.7317 -0.3580 -0.5800
vn -0.7796 -0.0996 -0.6183
vn -0.7362 0.1606 -0.6574
vn -0.6056 0.3891 -0.6942
vn -0.4015 0.5598 -0.7249
vn -0.1502 0.6530 -0.7423
vn 0.1150 0.6554 -0.7465
vn 0.3653 0.5665 -0.7387
vn 0.5710 0.3995 -0.7172
vn 0.0199 0.1475 0.9889
vn -0.5638 -0.2850 -0.7752
vn -0.5608 0.0442 -0.8268
vn -0.4434 -0.0003 -0.8963
vn -0.4478 -0.2608 -0.8553
vn -0.3748 -0.5678 -0.7329
vn -0.3043 -0.4769 -0.8246
vn -0.0513 -0.6886 -0.7233
vn -0.0522 -0.5726 -0.8181
vn 0.2808 -0.6112 -0.7400
vn 0.2161 -0.5173 -0.8281
vn 0.5065 -0.3768 -0.7756
vn 0.3951 -0.3314 -0.8568
vn 0.5508 -0.0728 -0.8314
vn 0.4244 -0.0947 -0.9005
vn 0.4142 0.2416 -0.8775
vn 0.3164 0.1548 -0.9359
vn 0.1704 0.4069 -0.8974
vn 0.1235 0.2840 -0.9508
vn -0.1212 0.4294 -0.8949
vn -0.1068 0.3010 -0.9476
vn -0.3892 0.3053 -0.8691
vn -0.3112 0.2036 -0.9283
vn -0.9699 -0.2410 0.0348
vn -0.9634 -0.2652 0.0381
vn -0.9545 0.2957 -0.0394
vn -0.9444 0.3259 -0.0433
vn -0.6379 -0.7632 0.1033
vn -0.6299 -0.7697 0.1041
vn -0.0587 -0.9902 0.1265
vn -0.0689 -0.9896 0.1265
vn 0.5339 -0.8398 0.0987
vn 0.5145 -0.8516 0.1008
vn 0.9134 -0.4061 0.0275
vn 0.9029 -0.4288 0.0312
vn 0.9905 0.1263 -0.0546
vn 0.9939 0.0978 -0.0507
vn 0.7438 0.6559 -0.1283
vn 0.7518 0.6470 -0.1273
vn 0.3162 0.9344 -0.1638
vn 0.3153 0.9347 -0.1638
vn -0.1732 0.9724 -0.1561
vn -0.1863 0.9701 -0.1553
vn -0.6318 0.7671 -0.1110
vn -0.6503 0.7519 -0.1083
vn -0.7329 -0.3055 -0.6078
vn -0.7303 0.1243 -0.6717
vn -0.4851 -0.6769 -0.5536
vn -0.0539 -0.8409 -0.5385
vn 0.3857 -0.7334 -0.5598
vn 0.6707 -0.4296 -0.6047
vn 0.7332 -0.0289 -0.6794
vn 0.5535 0.3828 -0.7397
vn 0.2364 0.5961 -0.7673
vn -0.1505 0.6259 -0.7653
vn -0.4998 0.4671 -0.7294
vn -0.7813 -0.3104 -0.5415
vn -0.7776 0.1518 -0.6102
vn -0.5181 -0.7042 -0.4855
vn -0.0523 -0.8815 -0.4692
vn 0.4100 -0.7708 -0.4876
vn 0.7180 -0.4417 -0.5380
vn 0.7840 -0.0055 -0.6207
vn 0.5942 0.4274 -0.6814
vn 0.2537 0.6565 -0.7104
vn -0.1515 0.6896 -0.7081
vn -0.5286 0.5194 -0.6715
vn 0.2055 0.5053 -0.8381
vn 0.2055 0.5052 -0.8382
vn 0.2054 0.5053 -0.8381
vn 0.1441 0.8911 0.4304
vn 0.1343 0.8603 0.4918
vn 0.2327 0.8474 0.4773
vn 0.2536 0.8726 0.4175
vn 0.5463 0.5274 -0.6507
vn 0.5456 0.4001 -0.7364
vn 0.8574 0.2822 -0.4304
vn 0.8534 0.1747 -0.4911
vn 0.2970 0.8287 0.4743
vn 0.3566 0.8475 0.3933
vn 0.3471 0.8563 0.3825
vn 0.4377 0.8348 0.3341
vn 0.9859 0.0630 -0.1550
vn 0.9825 -0.0722 -0.1717
vn 0.9597 -0.2172 0.1783
vn 0.9745 -0.0908 0.2052
vn 0.3541 0.8921 0.2809
vn 0.4559 0.8518 0.2581
vn 0.3559 0.9214 0.1559
vn 0.4719 0.8643 0.1738
vn 0.3437 0.9364 0.0708
vn 0.4621 0.8758 0.1394
vn 0.8143 -0.2829 0.5068
vn 0.8500 -0.1243 0.5119
vn 0.5889 -0.0939 0.8027
vn 0.5353 -0.2858 0.7949
vn 0.2206 -0.0082 0.9753
vn 0.1443 -0.2373 0.9607
vn 0.9404 -0.2587 0.2209
vn 0.7857 -0.3334 0.5211
vn 0.4836 -0.3613 0.7972
vn 0.0986 -0.3394 0.9355
vn 0.9826 -0.1359 -0.1264
vn -0.1975 -0.1828 0.9631
vn -0.2239 -0.2981 0.9279
vn -0.4616 -0.1360 0.8766
vn -0.4627 -0.2335 0.8552
vn -0.7502 -0.0534 0.6590
vn -0.7530 -0.1108 0.6486
vn -0.1570 0.0779 0.9845
vn -0.4734 0.1015 0.8750
vn -0.7476 0.1163 0.6539
vn -0.9259 0.0477 0.3748
vn -0.9160 0.0010 0.4012
vn -0.9133 0.1691 0.3706
vn -0.9763 0.2120 -0.0438
vn -0.9876 0.1519 0.0399
vn -0.9425 0.3280 -0.0644
vn -0.1158 0.5425 -0.8320
vn -0.1122 0.6984 -0.7068
vn -0.3827 0.5254 -0.7599
vn -0.3869 0.6726 -0.6309
vn -0.6573 0.4606 -0.5964
vn -0.6487 0.5761 -0.4973
vn -0.8318 0.3811 -0.4036
vn -0.8097 0.4754 -0.3441
vn 0.0318 0.8945 0.4459
vn -0.0777 0.9018 0.4251
vn -0.2345 0.8772 0.4189
vn -0.3070 0.8608 0.4060
vn -0.3884 0.8555 0.3424
vn -0.4380 0.8567 0.2723
vn -0.4195 0.8955 0.1489
vn -0.2928 0.9478 0.1261
vn -0.0180 0.9849 0.1721
vn 0.2662 0.9444 0.1930
vn 0.4253 0.8894 0.1678
vn 0.0347 0.8540 0.5191
vn -0.1185 0.8482 0.5162
vn -0.0182 0.8431 0.5374
vn -0.1885 0.8663 0.4626
vn 0.3215 0.8706 0.3723
vn 0.2555 0.8837 0.3922
vn -0.0750 0.8753 0.4778
vn -0.0280 0.8956 0.4441
vn 0.1139 0.9049 0.4102
vn 0.3132 0.9495 0.0167
vn 0.2084 0.9780 -0.0057
vn -0.0016 0.9998 -0.0208
vn -0.2010 0.9791 -0.0312
vn -0.2832 0.9566 0.0687
vn -0.2880 0.9318 0.2207
vn -0.2598 0.8972 0.3572
vn 0.3358 0.8984 0.2832
vn 0.3338 0.9262 0.1752
vn 0.3178 0.9431 0.0977
vn 0.2672 0.9143 0.3043
vn 0.2581 0.9458 0.1969
vn 0.2269 0.9675 0.1117
vn 0.0885 0.9392 0.3317
vn 0.0501 0.9737 0.2221
vn 0.0206 0.9919 0.1255
vn -0.0884 0.9232 0.3740
vn -0.1489 0.9536 0.2617
vn -0.1799 0.9707 0.1591
vn -0.1446 0.8966 0.4187
vn -0.2133 0.9274 0.3073
vn -0.2455 0.9482 0.2016
vn 0.1928 0.9803 0.0428
vn 0.2966 0.9539 0.0448
vn 0.0061 0.9992 0.0396
vn -0.1858 0.9810 0.0560
vn -0.2571 0.9623 0.0891
vn -0.0467 -0.5552 0.8304
vn -0.0468 -0.5551 0.8305
vn -0.0468 -0.5551 0.8304
vn 0.1002 -0.9773 -0.1867
vn 0.1302 -0.9669 -0.2196
vn 0.0679 -0.9779 0.1979
vn 0.0378 -0.9726 0.2295
vn 0.1779 -0.7997 -0.5734
vn 0.1452 -0.8183 -0.5562
vn 0.1776 -0.5471 -0.8180
vn 0.2103 -0.5054 -0.8369
vn 0.9103 -0.2582 -0.3236
vn 0.2847 -0.7519 -0.5947
vn 0.3084 -0.4578 -0.8338
vn 0.9380 -0.2185 -0.2692
vn 0.2051 -0.0399 -0.9779
vn 0.2373 0.0216 -0.9712
vn 0.2013 0.2762 -0.9398
vn 0.2466 0.2749 -0.9293
vn 0.9511 -0.2157 -0.2211
vn 0.1810 -0.9743 0.1339
vn 0.2357 -0.9313 -0.2776
vn 0.9104 -0.2770 -0.3073
vn -0.0296 -0.4058 0.9135
vn -0.0765 -0.4024 0.9123
vn -0.0338 -0.3929 0.9190
vn -0.0772 -0.3959 0.9151
vn -0.0476 -0.3682 0.9285
vn -0.0766 -0.3695 0.9261
vn 0.3470 0.0458 -0.9367
vn 0.9666 -0.1893 -0.1728
vn 0.4213 0.2326 -0.8766
vn 0.9862 -0.1532 -0.0622
vn 0.9818 -0.1395 -0.1292
vn 0.1617 -0.7647 0.6237
vn 0.9965 -0.0580 -0.0601
vn 0.1628 -0.5120 0.8434
vn 0.9997 0.0259 0.0047
vn 0.1749 -0.3957 0.9016
vn 0.2039 -0.3120 0.9279
vn 0.9483 0.2512 0.1939
vn 0.1650 -0.1705 0.9714
vn 0.6785 0.5675 0.4664
vn 0.0027 0.7201 0.6938
vn -0.0683 -0.0011 0.9977
vn 0.0081 0.0538 0.9985
vn 0.1850 0.7238 0.6647
vn 0.9775 -0.1328 -0.1640
vn 0.9630 -0.1487 -0.2246
vn 0.9623 -0.1284 -0.2399
vn 0.9776 -0.0877 -0.1914
vn 0.9904 -0.0395 -0.1324
vn 0.9918 -0.0925 -0.0888
vn 0.9981 0.0273 -0.0561
vn 0.9943 -0.0883 0.0602
vn 0.9997 -0.0257 0.0030
vn 0.4977 0.2929 -0.8164
vn 0.1844 0.3548 -0.9166
vn 0.2644 0.3439 -0.9010
vn 0.9689 0.2212 0.1113
vn 0.9757 0.1524 0.1576
vn 0.9740 0.0830 0.2107
vn 0.5738 0.3467 -0.7420
vn 0.7595 0.5415 0.3604
vn 0.7989 0.4715 0.3735
vn 0.8251 0.4175 0.3807
vn 0.6114 0.4707 -0.6361
vn 0.2673 0.3941 -0.8793
vn 0.2824 0.3584 -0.8898
vn 0.1836 0.3626 -0.9137
vn 0.1818 0.4095 -0.8940
vn 0.3920 0.7563 -0.5239
vn 0.2411 0.8430 -0.4808
vn 0.1444 0.8738 0.4643
vn 0.3971 0.7894 0.4682
vn 0.1010 0.8421 0.5298
vn 0.3250 0.7854 0.5268
vn 0.0643 0.8190 0.5701
vn 0.2702 0.7907 0.5494
vt 0.265551 0.536904
vt 0.247808 0.539641
vt 0.241786 0.527737
vt 0.266001 0.523305
vt 0.264336 0.556559
vt 0.256373 0.557385
vt 0.249740 0.563044
vt 0.233022 0.551944
vt 0.247132 0.571618
vt 0.227400 0.571000
vt 0.248737 0.578485
vt 0.230630 0.586244
vt 0.252692 0.584269
vt 0.239844 0.598703
vt 0.258695 0.587214
vt 0.251812 0.606231
vt 0.264219 0.588384
vt 0.265095 0.608040
vt 0.271083 0.586476
vt 0.280509 0.603731
vt 0.276646 0.581863
vt 0.292604 0.593221
vt 0.279497 0.575151
vt 0.298676 0.578432
vt 0.278626 0.566132
vt 0.296548 0.558619
vt 0.271907 0.558173
vt 0.281827 0.541317
vt 0.287978 0.529525
vt 0.223020 0.544447
vt 0.214196 0.569227
vt 0.217873 0.590622
vt 0.230055 0.609151
vt 0.247895 0.619006
vt 0.266717 0.621318
vt 0.288016 0.614799
vt 0.304211 0.599663
vt 0.312084 0.578931
vt 0.308335 0.552182
vt 0.263244 0.572556
vt 0.192085 0.612939
vt 0.181496 0.629608
vt 0.174638 0.627087
vt 0.176948 0.607370
vt 0.166400 0.628152
vt 0.158784 0.609572
vt 0.159458 0.633787
vt 0.143239 0.622253
vt 0.156530 0.640811
vt 0.136866 0.637729
vt 0.156556 0.646185
vt 0.136998 0.649565
vt 0.159634 0.652811
vt 0.143916 0.664160
vt 0.165099 0.657785
vt 0.155850 0.675209
vt 0.171659 0.659533
vt 0.170356 0.679224
vt 0.178638 0.658597
vt 0.185936 0.676827
vt 0.184702 0.654603
vt 0.199157 0.667815
vt 0.187884 0.648558
vt 0.206681 0.654738
vt 0.189108 0.642356
vt 0.208878 0.642026
vt 0.186069 0.633623
vt 0.202652 0.623022
vt 0.198767 0.601249
vt 0.212809 0.615008
vt 0.177750 0.594014
vt 0.154303 0.597955
vt 0.133107 0.613596
vt 0.123974 0.634210
vt 0.123998 0.651275
vt 0.132333 0.672559
vt 0.150191 0.687147
vt 0.170563 0.692524
vt 0.192013 0.688617
vt 0.209633 0.675684
vt 0.219599 0.657860
vt 0.222041 0.640020
vt 0.172345 0.643688
vt 0.382393 0.501452
vt 0.381690 0.508015
vt 0.361374 0.510615
vt 0.359045 0.504694
vt 0.345802 0.522197
vt 0.340818 0.517822
vt 0.337632 0.543433
vt 0.331128 0.542157
vt 0.341415 0.562917
vt 0.335047 0.565032
vt 0.354770 0.578873
vt 0.350361 0.583858
vt 0.372553 0.585226
vt 0.371520 0.591750
vt 0.391948 0.582314
vt 0.394299 0.588515
vt 0.408354 0.569705
vt 0.413877 0.573878
vt 0.415570 0.550930
vt 0.422160 0.551324
vt 0.413381 0.532953
vt 0.419280 0.530037
vt 0.400682 0.516056
vt 0.404461 0.510619
vt 0.380835 0.515144
vt 0.364206 0.517715
vt 0.379047 0.529644
vt 0.370040 0.531052
vt 0.363764 0.536265
vt 0.351547 0.527162
vt 0.359636 0.545664
vt 0.345027 0.544644
vt 0.361772 0.553996
vt 0.348653 0.560224
vt 0.367532 0.560967
vt 0.359592 0.573089
vt 0.375154 0.563371
vt 0.373612 0.577723
vt 0.383454 0.562010
vt 0.389138 0.575271
vt 0.390531 0.556638
vt 0.402058 0.564995
vt 0.393556 0.548693
vt 0.407962 0.550334
vt 0.392926 0.541005
vt 0.406517 0.536089
vt 0.387347 0.533520
vt 0.396202 0.522217
vt 0.376859 0.546620
vt 0.175557 0.058362
vt 0.175923 0.046553
vt 0.188934 0.047281
vt 0.189246 0.058354
vt 0.176557 0.069120
vt 0.186747 0.068633
vt 0.487891 0.454868
vt 0.486081 0.456896
vt 0.467060 0.449844
vt 0.468834 0.446468
vt 0.306830 0.421298
vt 0.308392 0.424661
vt 0.286854 0.443061
vt 0.284845 0.440200
vt 0.267307 0.463397
vt 0.265147 0.460802
vt 0.250891 0.481316
vt 0.248591 0.478835
vt 0.228233 0.504840
vt 0.225837 0.502330
vt 0.203845 0.526486
vt 0.201701 0.523597
vt 0.335276 0.409526
vt 0.335731 0.413194
vt 0.357975 0.408418
vt 0.358021 0.411792
vt 0.386253 0.412481
vt 0.385623 0.415745
vt 0.413173 0.419741
vt 0.412252 0.423084
vt 0.442842 0.432652
vt 0.441573 0.436023
vt 0.186298 0.535521
vt 0.184614 0.533978
vt 0.178488 0.528337
vt 0.194182 0.513562
vt 0.195454 0.515178
vt 0.179705 0.529482
vt 0.217110 0.493167
vt 0.218856 0.495017
vt 0.239959 0.469801
vt 0.241890 0.471603
vt 0.256892 0.451303
vt 0.258851 0.453237
vt 0.277237 0.429605
vt 0.278993 0.431864
vt 0.300962 0.409400
vt 0.302276 0.411497
vt 0.332328 0.395790
vt 0.333950 0.398839
vt 0.357407 0.395751
vt 0.357840 0.398584
vt 0.388137 0.400425
vt 0.388090 0.402968
vt 0.416220 0.407639
vt 0.415856 0.409999
vt 0.447426 0.420697
vt 0.446539 0.422827
vt 0.474772 0.434340
vt 0.474004 0.436631
vt 0.493849 0.446882
vt 0.493165 0.448959
vt 0.483193 0.465304
vt 0.460495 0.458683
vt 0.435695 0.445015
vt 0.383611 0.425819
vt 0.407156 0.432397
vt 0.312938 0.434272
vt 0.337491 0.423455
vt 0.358087 0.421973
vt 0.293272 0.451570
vt 0.274011 0.471645
vt 0.258229 0.489076
vt 0.236896 0.511289
vt 0.212104 0.533283
vt 0.186715 0.543276
vt 0.290884 0.399895
vt 0.311512 0.391509
vt 0.308333 0.374927
vt 0.260975 0.393512
vt 0.245994 0.371389
vt 0.268759 0.371048
vt 0.276077 0.347193
vt 0.307616 0.357055
vt 0.331354 0.378330
vt 0.270002 0.422289
vt 0.249230 0.418478
vt 0.223982 0.421515
vt 0.227530 0.395554
vt 0.280865 0.326479
vt 0.305843 0.327815
vt 0.195533 0.400972
vt 0.192480 0.379636
vt 0.225989 0.375925
vt 0.170663 0.404440
vt 0.169901 0.379548
vt 0.143802 0.411038
vt 0.143688 0.391536
vt 0.264418 0.361693
vt 0.197468 0.426786
vt 0.173922 0.431602
vt 0.146770 0.440929
vt 0.250200 0.444399
vt 0.171611 0.521505
vt 0.188397 0.504913
vt 0.211409 0.485318
vt 0.233698 0.462714
vt 0.151733 0.468386
vt 0.178156 0.461056
vt 0.224140 0.453508
vt 0.235989 0.439756
vt 0.203830 0.470598
vt 0.181808 0.485225
vt 0.160134 0.497467
vt 0.198891 0.451323
vt 0.221601 0.440971
vt 0.355071 0.380821
vt 0.390678 0.386204
vt 0.329657 0.357039
vt 0.352710 0.356702
vt 0.383047 0.356977
vt 0.150851 0.499160
vt 0.164202 0.524561
vt 0.142726 0.470424
vt 0.137292 0.442173
vt 0.133762 0.411275
vt 0.134846 0.390732
vt 0.326829 0.325694
vt 0.349329 0.323831
vt 0.274461 0.302604
vt 0.301518 0.297799
vt 0.260941 0.283131
vt 0.288558 0.263894
vt 0.239820 0.266310
vt 0.254094 0.247635
vt 0.378128 0.323043
vt 0.323267 0.294843
vt 0.346692 0.293406
vt 0.375302 0.291935
vt 0.204358 0.254949
vt 0.216886 0.238122
vt 0.164508 0.249389
vt 0.173624 0.230180
vt 0.138362 0.246177
vt 0.144830 0.224691
vt 0.317327 0.253655
vt 0.264599 0.203539
vt 0.294561 0.212510
vt 0.344832 0.253889
vt 0.320911 0.213708
vt 0.347654 0.214127
vt 0.374085 0.252951
vt 0.374996 0.212439
vt 0.231425 0.194204
vt 0.194202 0.182216
vt 0.166428 0.173534
vt 0.190788 0.120229
vt 0.216775 0.136656
vt 0.216530 0.077804
vt 0.238404 0.095209
vt 0.240754 0.049316
vt 0.257054 0.066438
vt 0.262636 0.032784
vt 0.277316 0.026529
vt 0.282292 0.041454
vt 0.273878 0.047705
vt 0.275096 0.160358
vt 0.301728 0.167603
vt 0.245995 0.150488
vt 0.493436 0.435478
vt 0.448345 0.403045
vt 0.489646 0.416357
vt 0.476115 0.355422
vt 0.482300 0.386528
vt 0.448626 0.386375
vt 0.443784 0.357584
vt 0.416249 0.392405
vt 0.411111 0.357029
vt 0.405993 0.321935
vt 0.438685 0.320364
vt 0.470807 0.317798
vt 0.402610 0.289367
vt 0.435528 0.287317
vt 0.468293 0.283867
vt 0.403681 0.250692
vt 0.434306 0.247906
vt 0.466890 0.243337
vt 0.404176 0.209540
vt 0.434975 0.203549
vt 0.465036 0.195953
vt 0.326260 0.171811
vt 0.351145 0.173441
vt 0.376162 0.171444
vt 0.402827 0.165738
vt 0.430507 0.156175
vt 0.457236 0.145577
vt 0.340107 0.101750
vt 0.333139 0.133509
vt 0.312101 0.127867
vt 0.322135 0.095339
vt 0.353716 0.049133
vt 0.347882 0.075297
vt 0.330716 0.068910
vt 0.336248 0.044171
vt 0.340209 0.017827
vt 0.356475 0.021344
vt 0.313229 0.040795
vt 0.318647 0.018187
vt 0.287662 0.121306
vt 0.301482 0.088458
vt 0.262076 0.110929
vt 0.278329 0.079509
vt 0.311690 0.063282
vt 0.289740 0.057547
vt 0.292830 0.040252
vt 0.418908 0.113229
vt 0.440077 0.096486
vt 0.448929 0.121165
vt 0.387898 0.063251
vt 0.371881 0.056209
vt 0.378366 0.030597
vt 0.395869 0.041774
vt 0.354843 0.135633
vt 0.375417 0.134081
vt 0.397625 0.126211
vt 0.389421 0.097207
vt 0.403256 0.081243
vt 0.372675 0.104788
vt 0.358594 0.104739
vt 0.366640 0.083319
vt 0.382074 0.080605
vt 0.147640 0.376652
vt 0.148383 0.374967
vt 0.169763 0.377048
vt 0.192783 0.377667
vt 0.226174 0.373961
vt 0.243168 0.370147
vt 0.262089 0.360934
vt 0.273719 0.345956
vt 0.278859 0.325974
vt 0.272600 0.302908
vt 0.259417 0.284214
vt 0.238560 0.268198
vt 0.203979 0.257261
vt 0.164071 0.251735
vt 0.138010 0.247589
vt 0.254441 0.291154
vt 0.264819 0.306540
vt 0.236099 0.276289
vt 0.204310 0.266138
vt 0.164141 0.260479
vt 0.133942 0.252180
vt 0.269323 0.326793
vt 0.262880 0.348289
vt 0.253218 0.356838
vt 0.178993 0.536736
vt 0.194300 0.369234
vt 0.170954 0.368481
vt 0.223592 0.366332
vt 0.239449 0.362688
vt 0.144700 0.367738
vt 0.139064 0.372465
vt 0.137726 0.220605
vt 0.131538 0.248208
vt 0.132945 0.250703
vt 0.159999 0.166351
vt 0.184230 0.114025
vt 0.211283 0.070356
vt 0.236447 0.042595
vt 0.261895 0.024687
vt 0.276658 0.018689
vt 0.305064 0.019844
vt 0.291093 0.021687
vt 0.292056 0.012433
vt 0.306189 0.009991
vt 0.342057 0.010143
vt 0.319965 0.007611
vt 0.361753 0.014767
vt 0.382899 0.024055
vt 0.401725 0.036710
vt 0.428417 0.079698
vt 0.435554 0.075615
vt 0.447779 0.093924
vt 0.456133 0.118095
vt 0.472907 0.194919
vt 0.464486 0.142266
vt 0.474682 0.243902
vt 0.476071 0.284915
vt 0.479120 0.319559
vt 0.483919 0.353213
vt 0.490160 0.384828
vt 0.497586 0.415404
vt 0.501419 0.435464
vt 0.500336 0.448782
vt 0.487445 0.459319
vt 0.489526 0.458090
vt 0.495591 0.454511
vt 0.185429 0.539141
vt 0.423797 0.058007
vt 0.416452 0.062084
vt 0.964839 0.604023
vt 0.969015 0.598169
vt 0.975326 0.606823
vt 0.982983 0.617303
vt 0.972486 0.633095
vt 0.964192 0.623890
vt 0.955200 0.590445
vt 0.959920 0.585063
vt 0.946205 0.576688
vt 0.950680 0.571460
vt 0.936915 0.563041
vt 0.941611 0.557768
vt 0.928153 0.549124
vt 0.933512 0.545238
vt 0.915214 0.532128
vt 0.922646 0.528044
vt 0.920163 0.558399
vt 0.903619 0.541135
vt 0.928391 0.557124
vt 0.924034 0.556849
vt 0.895410 0.501201
vt 0.901638 0.496275
vt 0.883171 0.513247
vt 0.956450 0.655608
vt 0.947642 0.645479
vt 0.930287 0.633385
vt 0.917337 0.622318
vt 0.936937 0.609022
vt 0.946170 0.623516
vt 0.913784 0.605929
vt 0.930791 0.600147
vt 0.906601 0.587107
vt 0.916956 0.578202
vt 0.925058 0.591295
vt 0.944504 0.614837
vt 0.948088 0.615029
vt 0.878110 0.479013
vt 0.884867 0.473186
vt 0.864231 0.489758
vt 0.852282 0.504351
vt 0.870696 0.526643
vt 0.939062 0.677158
vt 0.930379 0.665538
vt 0.917769 0.652971
vt 0.921952 0.694885
vt 0.913628 0.682863
vt 0.904813 0.710281
vt 0.897407 0.698982
vt 0.879706 0.714550
vt 0.886179 0.725707
vt 0.869231 0.736684
vt 0.860084 0.730147
vt 0.959617 0.600790
vt 0.958673 0.596877
vt 0.903632 0.670577
vt 0.888897 0.687613
vt 0.872843 0.703748
vt 0.830770 0.751877
vt 0.829364 0.744214
vt 0.844679 0.737080
vt 0.851335 0.745735
vt 0.815655 0.742775
vt 0.810779 0.755458
vt 0.940997 0.613044
vt 0.910140 0.564875
vt 0.916513 0.562580
vt 0.959508 0.604117
vt 0.915099 0.566776
vt 0.862798 0.712485
vt 0.850176 0.728463
vt 0.841099 0.727263
vt 0.842993 0.718959
vt 0.852473 0.718535
vt 0.837355 0.731528
vt 0.827000 0.734805
vt 0.892592 0.657999
vt 0.905911 0.642250
vt 0.879952 0.676339
vt 0.865804 0.693622
vt 0.858287 0.700153
vt 0.849248 0.706967
vt 0.841602 0.713615
vt 0.860172 0.456896
vt 0.871247 0.452718
vt 0.835220 0.460983
vt 0.831288 0.437216
vt 0.848247 0.441614
vt 0.823690 0.480540
vt 0.860182 0.438432
vt 0.834256 0.421958
vt 0.853926 0.415095
vt 0.806693 0.417884
vt 0.812355 0.373699
vt 0.762223 0.403156
vt 0.773231 0.360577
vt 0.717263 0.392933
vt 0.733365 0.348661
vt 0.796200 0.444882
vt 0.751523 0.435414
vt 0.694522 0.433388
vt 0.702988 0.462584
vt 0.752960 0.459479
vt 0.748915 0.498181
vt 0.708620 0.506564
vt 0.706291 0.484697
vt 0.750308 0.477421
vt 0.710256 0.512812
vt 0.747515 0.505015
vt 0.719749 0.533808
vt 0.718094 0.528743
vt 0.742696 0.521748
vt 0.743235 0.527811
vt 0.788525 0.466878
vt 0.775930 0.511087
vt 0.777821 0.502897
vt 0.782807 0.485045
vt 0.799786 0.523836
vt 0.804273 0.517427
vt 0.813663 0.500260
vt 0.819517 0.542138
vt 0.826482 0.536672
vt 0.839394 0.521487
vt 0.832989 0.556288
vt 0.840062 0.551845
vt 0.852491 0.611618
vt 0.851426 0.594612
vt 0.860687 0.595251
vt 0.862040 0.613800
vt 0.857016 0.632652
vt 0.849028 0.629706
vt 0.843086 0.647185
vt 0.850574 0.651205
vt 0.830541 0.668716
vt 0.839590 0.670807
vt 0.830371 0.683816
vt 0.824349 0.676970
vt 0.828192 0.667058
vt 0.821218 0.675414
vt 0.840442 0.646438
vt 0.846226 0.628134
vt 0.848925 0.612104
vt 0.847465 0.595090
vt 0.817452 0.545170
vt 0.830406 0.558837
vt 0.798219 0.526320
vt 0.774419 0.513877
vt 0.746845 0.508613
vt 0.855039 0.539561
vt 0.871210 0.563139
vt 0.852720 0.570731
vt 0.884444 0.594733
vt 0.878722 0.641679
vt 0.866528 0.662682
vt 0.853768 0.680426
vt 0.845977 0.690104
vt 0.894540 0.635081
vt 0.898122 0.621004
vt 0.898929 0.607455
vt 0.892128 0.554852
vt 0.844940 0.573040
vt 0.841028 0.574717
vt 0.803837 0.669728
vt 0.816672 0.655713
vt 0.826113 0.639124
vt 0.834316 0.618419
vt 0.833378 0.599047
vt 0.829926 0.580502
vt 0.820491 0.565624
vt 0.811591 0.555714
vt 0.792918 0.536580
vt 0.839382 0.698099
vt 0.835414 0.707230
vt 0.827827 0.696072
vt 0.827789 0.706266
vt 0.817313 0.691544
vt 0.818675 0.698729
vt 0.812853 0.684769
vt 0.821765 0.707715
vt 0.797536 0.743562
vt 0.807505 0.736915
vt 0.819970 0.734331
vt 0.815788 0.730987
vt 0.794147 0.720135
vt 0.802868 0.720153
vt 0.796933 0.709154
vt 0.804986 0.712550
vt 0.804029 0.698787
vt 0.810160 0.703882
vt 0.812631 0.721346
vt 0.813690 0.716060
vt 0.816444 0.711859
vt 0.788708 0.755991
vt 0.763084 0.753892
vt 0.768064 0.738457
vt 0.772837 0.716980
vt 0.786674 0.697145
vt 0.797371 0.694139
vt 0.786148 0.681548
vt 0.768061 0.700645
vt 0.764513 0.687865
vt 0.740302 0.733204
vt 0.745416 0.715807
vt 0.748258 0.701151
vt 0.748247 0.689041
vt 0.734531 0.748093
vt 0.714888 0.724804
vt 0.709480 0.739576
vt 0.720365 0.709700
vt 0.724424 0.696378
vt 0.726887 0.685232
vt 0.682744 0.727638
vt 0.690649 0.713621
vt 0.697570 0.699550
vt 0.702311 0.687892
vt 0.708634 0.675644
vt 0.763929 0.682618
vt 0.783403 0.676917
vt 0.799658 0.666000
vt 0.812010 0.652773
vt 0.821259 0.637181
vt 0.828045 0.617622
vt 0.827614 0.599667
vt 0.825037 0.583706
vt 0.816833 0.569687
vt 0.806760 0.559270
vt 0.791074 0.541116
vt 0.769633 0.525243
vt 0.711585 0.516125
vt 0.768317 0.530880
vt 0.749326 0.683711
vt 0.729916 0.680002
vt 0.712454 0.671287
vt 0.694969 0.663233
vt 0.698945 0.659247
vt 0.687016 0.651558
vt 0.691973 0.649042
vt 0.682508 0.640918
vt 0.687300 0.638446
vt 0.684592 0.672883
vt 0.674054 0.658194
vt 0.667268 0.642719
vt 0.695041 0.548635
vt 0.686179 0.538910
vt 0.682409 0.573514
vt 0.667948 0.570341
vt 0.677581 0.595862
vt 0.660448 0.591033
vt 0.676672 0.606542
vt 0.656998 0.610059
vt 0.661480 0.624860
vt 0.678016 0.623653
vt 0.656663 0.589583
vt 0.664298 0.568716
vt 0.682945 0.536898
vt 0.683772 0.622890
vt 0.682491 0.606604
vt 0.682889 0.596885
vt 0.687252 0.575672
vt 0.698384 0.552752
vt 0.647954 0.613176
vt 0.636917 0.593486
vt 0.638479 0.615365
vt 0.628577 0.605546
vt 0.612506 0.603929
vt 0.611006 0.588051
vt 0.587610 0.600202
vt 0.598207 0.614057
vt 0.594555 0.623686
vt 0.574560 0.610307
vt 0.594968 0.634568
vt 0.584181 0.630767
vt 0.602515 0.647066
vt 0.595129 0.649322
vt 0.616437 0.653158
vt 0.617756 0.662172
vt 0.641618 0.629572
vt 0.651651 0.627469
vt 0.638366 0.639736
vt 0.653658 0.642835
vt 0.630069 0.649442
vt 0.642781 0.658197
vt 0.677610 0.686612
vt 0.660591 0.672390
vt 0.669061 0.700111
vt 0.650300 0.685963
vt 0.632673 0.672097
vt 0.659275 0.712714
vt 0.640859 0.698146
vt 0.622864 0.682534
vt 0.607853 0.666086
vt 0.561499 0.565869
vt 0.580616 0.566539
vt 0.566793 0.588382
vt 0.555605 0.542593
vt 0.583074 0.535011
vt 0.837163 0.386388
vt 0.854505 0.388317
vt 0.844741 0.351000
vt 0.860788 0.358390
vt 0.857120 0.340053
vt 0.863855 0.351884
vt 0.873806 0.332135
vt 0.872494 0.343110
vt 0.856224 0.326175
vt 0.875438 0.320319
vt 0.824780 0.327136
vt 0.783584 0.312231
vt 0.860399 0.264404
vt 0.883702 0.259208
vt 0.828176 0.263956
vt 0.791778 0.256908
vt 0.745810 0.299159
vt 0.695523 0.335760
vt 0.710767 0.283954
vt 0.665443 0.321603
vt 0.683843 0.268438
vt 0.757851 0.245738
vt 0.725083 0.230084
vt 0.701018 0.214747
vt 0.641089 0.305120
vt 0.659162 0.252662
vt 0.677974 0.199637
vt 0.616517 0.290775
vt 0.635124 0.235939
vt 0.654665 0.181982
vt 0.612016 0.217270
vt 0.631091 0.162224
vt 0.593883 0.276807
vt 0.579560 0.318654
vt 0.601398 0.331552
vt 0.649572 0.555352
vt 0.675237 0.526140
vt 0.635116 0.574449
vt 0.620541 0.546914
vt 0.636537 0.532774
vt 0.668445 0.505401
vt 0.601157 0.558502
vt 0.660965 0.484366
vt 0.648350 0.462320
vt 0.680755 0.375484
vt 0.628018 0.440417
vt 0.659255 0.410804
vt 0.650839 0.359408
vt 0.632126 0.393068
vt 0.609920 0.421078
vt 0.624825 0.345413
vt 0.608694 0.377387
vt 0.592402 0.405497
vt 0.584645 0.366374
vt 0.575787 0.390717
vt 0.563453 0.356288
vt 0.552971 0.377341
vt 0.537985 0.404460
vt 0.541954 0.397598
vt 0.551204 0.415352
vt 0.541344 0.424738
vt 0.654202 0.113175
vt 0.678132 0.131317
vt 0.667849 0.093451
vt 0.751705 0.022875
vt 0.762820 0.037866
vt 0.745971 0.049907
vt 0.734709 0.030693
vt 0.768957 0.016755
vt 0.779885 0.025945
vt 0.864449 0.204246
vt 0.888241 0.198596
vt 0.800166 0.202037
vt 0.833099 0.206537
vt 0.699563 0.149447
vt 0.720111 0.165003
vt 0.741744 0.181116
vt 0.769657 0.194568
vt 0.864885 0.151022
vt 0.886009 0.145633
vt 0.701232 0.092589
vt 0.719561 0.111433
vt 0.736243 0.126206
vt 0.755744 0.139198
vt 0.779880 0.150354
vt 0.806877 0.155222
vt 0.836105 0.155185
vt 0.737769 0.085484
vt 0.724107 0.068993
vt 0.749229 0.096374
vt 0.773354 0.046792
vt 0.756375 0.070823
vt 0.783313 0.027806
vt 0.785743 0.052042
vt 0.792408 0.031278
vt 0.819608 0.067697
vt 0.803211 0.058970
vt 0.809541 0.036797
vt 0.823493 0.041661
vt 0.839728 0.065078
vt 0.852818 0.091046
vt 0.831382 0.095523
vt 0.835255 0.122774
vt 0.861156 0.117527
vt 0.813470 0.093456
vt 0.795011 0.085787
vt 0.810876 0.120668
vt 0.787966 0.114666
vt 0.776007 0.077986
vt 0.766876 0.105997
vt 0.530466 0.401080
vt 0.533808 0.395356
vt 0.530297 0.392152
vt 0.528523 0.394956
vt 0.544425 0.375102
vt 0.554923 0.353773
vt 0.538485 0.386672
vt 0.546734 0.388926
vt 0.571145 0.316261
vt 0.585440 0.274963
vt 0.604405 0.214011
vt 0.623789 0.158225
vt 0.646990 0.108979
vt 0.661474 0.088244
vt 0.675957 0.067509
vt 0.689893 0.054289
vt 0.696992 0.060138
vt 0.682310 0.073295
vt 0.749602 0.015483
vt 0.768034 0.009909
vt 0.733262 0.022144
vt 0.764299 0.005694
vt 0.747482 0.010996
vt 0.787085 0.010752
vt 0.790119 0.012333
vt 0.828966 0.027717
vt 0.815154 0.023922
vt 0.832943 0.028599
vt 0.829140 0.044693
vt 0.847243 0.036165
vt 0.841540 0.041197
vt 0.771774 0.005127
vt 0.845206 0.030468
vt 0.854219 0.045675
vt 0.847604 0.049775
vt 0.851948 0.034857
vt 0.858520 0.043840
vt 0.881637 0.096670
vt 0.886805 0.110269
vt 0.878103 0.111532
vt 0.873531 0.099399
vt 0.894037 0.144261
vt 0.896350 0.199543
vt 0.891826 0.258902
vt 0.884141 0.319028
vt 0.881851 0.335009
vt 0.880245 0.343439
vt 0.963913 0.575678
vt 0.973073 0.589340
vt 0.874543 0.444548
vt 0.891677 0.468086
vt 0.878888 0.438745
vt 0.883922 0.441469
vt 0.882494 0.446535
vt 0.908536 0.490634
vt 0.895419 0.465683
vt 0.914720 0.488590
vt 0.929326 0.523024
vt 0.935898 0.520805
vt 0.940123 0.539624
vt 0.946989 0.538711
vt 0.947949 0.551653
vt 0.956208 0.564121
vt 0.981826 0.600976
vt 0.988954 0.610243
vt 0.986085 0.601148
vt 0.989945 0.608272
vt 0.962703 0.562934
vt 0.970328 0.574697
vt 0.978437 0.588354
vt 0.954137 0.549644
vt 0.876723 0.429437
vt 0.869639 0.434803
vt 0.855926 0.414772
vt 0.862406 0.437517
vt 0.862506 0.413460
vt 0.872247 0.409670
vt 0.856167 0.388510
vt 0.863198 0.388238
vt 0.872548 0.386403
vt 0.862823 0.358831
vt 0.869639 0.360671
vt 0.877859 0.361777
vt 0.865460 0.352723
vt 0.872955 0.345056
vt 0.878919 0.357560
vt 0.871158 0.355644
vt 0.879281 0.346689
vt 0.882741 0.350603
vt 0.884794 0.343774
vt 0.887249 0.346500
vt 0.886318 0.335920
vt 0.888955 0.320082
vt 0.896717 0.259258
vt 0.901038 0.199249
vt 0.898779 0.143908
vt 0.886089 0.095195
vt 0.891217 0.108702
vt 0.730332 0.018209
vt 0.672609 0.063836
vt 0.686237 0.050815
vt 0.643200 0.105577
vt 0.657904 0.084706
vt 0.619491 0.155655
vt 0.599830 0.211704
vt 0.580915 0.272772
vt 0.566674 0.314246
vt 0.550381 0.351880
vt 0.539757 0.373190
vt 0.534564 0.384033
vt 0.952123 0.614039
vt 0.956031 0.611858
vt 0.958533 0.607272
vt 0.957896 0.607070
vt 0.958771 0.603990
vt 0.955473 0.611029
vt 0.951928 0.613481
vt 0.947905 0.614423
vt 0.944668 0.614012
vt 0.941399 0.612441
vt 0.937585 0.608532
vt 0.958888 0.600929
vt 0.958057 0.597193
vt 0.954649 0.591049
vt 0.945601 0.577276
vt 0.931458 0.599521
vt 0.925729 0.590722
vt 0.917678 0.577974
vt 0.936218 0.563657
vt 0.932631 0.559117
vt 0.914955 0.571894
vt 0.932316 0.559702
vt 0.928422 0.557842
vt 0.924148 0.557589
vt 0.920441 0.559141
vt 0.917047 0.563095
vt 0.915727 0.566996
vt 0.915653 0.571803
vt 0.636512 0.616167
vt 0.627127 0.607166
vt 0.639518 0.629453
vt 0.636382 0.638967
vt 0.628772 0.647603
vt 0.616451 0.650809
vt 0.612128 0.606140
vt 0.599951 0.615391
vt 0.596757 0.624155
vt 0.597437 0.633805
vt 0.603921 0.645292
vt 0.983985 0.618107
vt 0.973483 0.634319
vt 0.957548 0.656603
vt 0.939980 0.678454
vt 0.922814 0.696270
vt 0.905814 0.711747
vt 0.886931 0.727157
vt 0.869896 0.738059
vt 0.851551 0.747228
vt 0.830917 0.753550
vt 0.810437 0.757207
vt 0.788570 0.757674
vt 0.762885 0.755515
vt 0.734167 0.749408
vt 0.708824 0.740863
vt 0.681827 0.728753
vt 0.658495 0.713788
vt 0.640358 0.699189
vt 0.622024 0.683385
vt 0.594217 0.649856
vt 0.607046 0.666818
vt 0.583016 0.631351
vt 0.572864 0.611329
vt 0.564358 0.589096
vt 0.558950 0.566558
vt 0.553123 0.543598
vt 0.551268 0.519184
vt 0.548898 0.519829
vt 0.545950 0.495402
vt 0.547990 0.494640
vt 0.543869 0.472283
vt 0.545881 0.471495
vt 0.541677 0.445765
vt 0.543449 0.445062
vt 0.539859 0.425662
vt 0.536677 0.405861
vt 0.850584 0.030028
vt 0.767458 0.001854
vt 0.797960 0.017675
vt 0.610476 0.520902
vt 0.629512 0.507787
vt 0.611595 0.492682
vt 0.576170 0.508838
vt 0.570269 0.483904
vt 0.597915 0.465418
vt 0.564700 0.460448
vt 0.586868 0.442966
vt 0.562815 0.405137
vt 0.574629 0.423886
vt 0.558458 0.435579
vt 0.881260 0.618567
vt 0.712325 0.046642
vt 0.704239 0.040679
vt 0.700268 0.037410
vt 0.868362 0.068003
vt 0.876053 0.081980
vt 0.867421 0.084531
vt 0.860439 0.071179
vt 0.880549 0.080603
vt 0.872524 0.066083
vt 0.861644 0.055796
vt 0.865515 0.053401
vt 0.853997 0.059433
vt 0.556319 0.975921
vt 0.555277 0.973978
vt 0.562122 0.961052
vt 0.564466 0.962640
vt 0.572641 0.939365
vt 0.575117 0.940650
vt 0.581577 0.917010
vt 0.584056 0.918048
vt 0.587833 0.897151
vt 0.590409 0.897985
vt 0.593003 0.877309
vt 0.595585 0.878135
vt 0.596850 0.858586
vt 0.599445 0.858945
vt 0.599115 0.840219
vt 0.601734 0.840630
vt 0.553580 0.958696
vt 0.549917 0.976880
vt 0.564521 0.936842
vt 0.573540 0.914674
vt 0.579753 0.895071
vt 0.584652 0.876474
vt 0.588549 0.858080
vt 0.590744 0.839997
vt 0.600721 0.821299
vt 0.603362 0.821781
vt 0.600828 0.802726
vt 0.603489 0.802986
vt 0.600374 0.785497
vt 0.603023 0.785444
vt 0.598607 0.767619
vt 0.601201 0.767257
vt 0.595684 0.746428
vt 0.598254 0.745770
vt 0.590343 0.721264
vt 0.592948 0.720508
vt 0.583833 0.698081
vt 0.586440 0.697376
vt 0.575185 0.673685
vt 0.577765 0.672910
vt 0.566374 0.653298
vt 0.568806 0.652123
vt 0.557339 0.635378
vt 0.559753 0.634077
vt 0.547436 0.617966
vt 0.549757 0.616528
vt 0.537647 0.602621
vt 0.526310 0.586859
vt 0.528474 0.585173
vt 0.539820 0.600925
vt 0.513785 0.571429
vt 0.515926 0.569756
vt 0.499890 0.556404
vt 0.501941 0.554664
vt 0.484446 0.541441
vt 0.486291 0.539527
vt 0.467950 0.526994
vt 0.469608 0.524945
vt 0.450097 0.513176
vt 0.451654 0.511080
vt 0.547634 0.977370
vt 0.550233 0.977614
vt 0.547935 0.978043
vt 0.430833 0.500076
vt 0.432305 0.497916
vt 0.410003 0.487822
vt 0.411402 0.485578
vt 0.390161 0.477810
vt 0.391319 0.475427
vt 0.365954 0.467800
vt 0.366849 0.465177
vt 0.346123 0.461175
vt 0.346876 0.458308
vt 0.330722 0.456766
vt 0.329929 0.454478
vt 0.325294 0.459069
vt 0.324724 0.457945
vt 0.323481 0.460127
vt 0.322235 0.459535
vt 0.342795 0.469269
vt 0.363173 0.475806
vt 0.387356 0.485863
vt 0.406653 0.495693
vt 0.427057 0.507751
vt 0.446042 0.520663
vt 0.463336 0.534140
vt 0.479553 0.548317
vt 0.494774 0.562808
vt 0.508082 0.577512
vt 0.519597 0.591860
vt 0.531236 0.607254
vt 0.540487 0.622279
vt 0.549831 0.638560
vt 0.559011 0.657018
vt 0.567719 0.676976
vt 0.576366 0.701370
vt 0.582515 0.723469
vt 0.587504 0.748059
vt 0.590254 0.769276
vt 0.591927 0.787083
vt 0.592752 0.803683
vt 0.592504 0.821703
vt 0.551648 0.980909
vt 0.549286 0.981068
vt 0.560996 0.984645
vt 0.574993 0.969766
vt 0.586232 0.946422
vt 0.595189 0.922712
vt 0.601975 0.901727
vt 0.607175 0.881844
vt 0.611099 0.860559
vt 0.613490 0.842478
vt 0.615219 0.823947
vt 0.615439 0.804157
vt 0.614917 0.785207
vt 0.612845 0.765633
vt 0.609793 0.742816
vt 0.604644 0.717114
vt 0.598145 0.694211
vt 0.589348 0.669432
vt 0.579728 0.646847
vt 0.570592 0.628236
vt 0.560178 0.610068
vt 0.549575 0.593310
vt 0.538192 0.577604
vt 0.525543 0.562242
vt 0.511150 0.546854
vt 0.494575 0.530935
vt 0.477050 0.515746
vt 0.458647 0.501670
vt 0.438915 0.488217
vt 0.417683 0.475502
vt 0.396516 0.464726
vt 0.370868 0.453401
vt 0.350260 0.445438
vt 0.326370 0.444205
vt 0.322164 0.452896
vt 0.316638 0.456881
vt 0.969869 0.773783
vt 0.966244 0.765465
vt 0.969021 0.763469
vt 0.974476 0.770669
vt 0.961742 0.775843
vt 0.961817 0.767228
vt 0.953742 0.774866
vt 0.956570 0.767196
vt 0.946783 0.771469
vt 0.951643 0.764996
vt 0.942255 0.767469
vt 0.948604 0.762318
vt 0.938415 0.762375
vt 0.946124 0.758469
vt 0.934994 0.754328
vt 0.944461 0.752005
vt 0.971271 0.760526
vt 0.978420 0.767405
vt 0.973027 0.757254
vt 0.982061 0.762445
vt 0.975106 0.749369
vt 0.986017 0.752362
vt 0.977173 0.728993
vt 0.988548 0.729540
vt 0.933226 0.738781
vt 0.943844 0.738731
vt 0.933416 0.724049
vt 0.944524 0.724760
vt 0.937042 0.702837
vt 0.947016 0.706883
vt 0.976780 0.709958
vt 0.986686 0.706993
vt 0.975558 0.703787
vt 0.982857 0.698925
vt 0.972893 0.699156
vt 0.978086 0.692958
vt 0.969130 0.695856
vt 0.971579 0.688113
vt 0.964053 0.694058
vt 0.964052 0.685810
vt 0.958369 0.694406
vt 0.954444 0.686522
vt 0.954232 0.696390
vt 0.947982 0.689352
vt 0.950233 0.700268
vt 0.942161 0.694326
vt 0.388775 0.985875
vt 0.363776 0.985270
vt 0.351633 0.968917
vt 0.362247 0.966024
vt 0.368583 0.961603
vt 0.410864 0.983875
vt 0.466790 0.898232
vt 0.482351 0.895643
vt 0.509552 0.939738
vt 0.468420 0.933119
vt 0.452075 0.794494
vt 0.435390 0.802510
vt 0.426033 0.789859
vt 0.455898 0.765413
vt 0.421350 0.774977
vt 0.432865 0.765442
vt 0.438818 0.751696
vt 0.569235 0.770593
vt 0.518569 0.763717
vt 0.529136 0.754755
vt 0.534171 0.741320
vt 0.563911 0.746486
vt 0.492661 0.688371
vt 0.518828 0.672925
vt 0.540969 0.698142
vt 0.536849 0.712989
vt 0.519656 0.711917
vt 0.503676 0.707159
vt 0.488973 0.710755
vt 0.308566 0.968470
vt 0.323255 0.951249
vt 0.329138 0.959993
vt 0.509801 0.815786
vt 0.493048 0.800116
vt 0.491893 0.779007
vt 0.571819 0.800226
vt 0.394370 0.838309
vt 0.414280 0.851709
vt 0.415422 0.857963
vt 0.384114 0.888194
vt 0.377052 0.823556
vt 0.375229 0.810647
vt 0.398431 0.807597
vt 0.421708 0.873388
vt 0.434881 0.887750
vt 0.423605 0.931930
vt 0.451757 0.896179
vt 0.496094 0.888913
vt 0.527624 0.922101
vt 0.507852 0.877903
vt 0.543131 0.901696
vt 0.515801 0.863782
vt 0.555788 0.878392
vt 0.519058 0.848037
vt 0.565196 0.852728
vt 0.517701 0.833204
vt 0.570462 0.825224
vt 0.473116 0.793103
vt 0.419451 0.820950
vt 0.414983 0.836399
vt 0.476403 0.722900
vt 0.456231 0.717455
vt 0.473651 0.737487
vt 0.477966 0.752556
vt 0.488780 0.762631
vt 0.503434 0.766572
vt 0.555516 0.723714
vt 0.490909 0.953837
vt 0.471726 0.965289
vt 0.432540 0.979753
vt 0.374499 0.954602
vt 0.377698 0.943526
vt 0.375354 0.931896
vt 0.368250 0.921200
vt 0.357388 0.915119
vt 0.336919 0.886698
vt 0.344432 0.913662
vt 0.310921 0.912937
vt 0.332795 0.918220
vt 0.323525 0.928649
vt 0.284380 0.953632
vt 0.321213 0.940230
vt 0.266398 0.938777
vt 0.299917 0.881676
vt 0.531067 0.724593
vt 0.353122 0.854193
vt 0.365355 0.848167
vt 0.339696 0.854911
vt 0.373875 0.836837
vt 0.333968 0.979461
vt 0.340407 0.967447
vt 0.436954 0.701603
vt 0.437206 0.733568
vt 0.423744 0.718060
vt 0.372769 0.785114
vt 0.383525 0.770437
vt 0.395880 0.776760
vt 0.365360 0.797156
vt 0.326094 0.848714
vt 0.261008 0.933428
vt 0.438956 0.808058
vt 0.425089 0.824063
vt 0.421325 0.837304
vt 0.453309 0.800964
vt 0.473014 0.799444
vt 0.491009 0.806196
vt 0.504887 0.819624
vt 0.511878 0.836412
vt 0.512568 0.849248
vt 0.509418 0.862691
vt 0.501966 0.875017
vt 0.492152 0.883969
vt 0.479241 0.890009
vt 0.464995 0.891759
vt 0.451911 0.889472
vt 0.437805 0.881888
vt 0.426895 0.869670
vt 0.421450 0.855612
vt 0.420605 0.849575
vt 0.360348 0.803198
vt 0.367249 0.813617
vt 0.368881 0.822720
vt 0.360437 0.841380
vt 0.366775 0.832742
vt 0.351061 0.846403
vt 0.340734 0.846630
vt 0.330186 0.841933
vt 0.430331 0.749920
vt 0.428872 0.736931
vt 0.426347 0.760438
vt 0.417996 0.767359
vt 0.406798 0.778917
vt 0.407066 0.770687
vt 0.398257 0.768676
vt 0.389202 0.764680
vt 0.419501 0.725569
vt 0.522376 0.749607
vt 0.525972 0.740348
vt 0.514700 0.756515
vt 0.503214 0.758714
vt 0.492522 0.755514
vt 0.485107 0.748009
vt 0.484339 0.726150
vt 0.481935 0.736578
vt 0.493961 0.717656
vt 0.504033 0.715487
vt 0.515322 0.719323
vt 0.422546 0.849350
vt 0.423414 0.855061
vt 0.426731 0.824972
vt 0.423433 0.837669
vt 0.440185 0.809698
vt 0.454489 0.802690
vt 0.472767 0.801580
vt 0.503266 0.820775
vt 0.489625 0.807685
vt 0.509966 0.837153
vt 0.510678 0.849117
vt 0.490797 0.882442
vt 0.500343 0.873795
vt 0.507438 0.862339
vt 0.478494 0.888121
vt 0.464757 0.889694
vt 0.452461 0.887592
vt 0.438857 0.880286
vt 0.428309 0.868236
vt 0.367979 0.934481
vt 0.362622 0.927122
vt 0.369161 0.942816
vt 0.367294 0.950450
vt 0.355209 0.922512
vt 0.345547 0.921787
vt 0.337339 0.925155
vt 0.331251 0.932445
vt 0.329556 0.940474
vt 0.330510 0.948313
vt 0.334732 0.954876
vt 0.343091 0.959822
vt 0.351095 0.960716
vt 0.358758 0.958100
vt 0.363163 0.955528
vt 0.523374 0.727884
vt 0.470746 0.810265
vt 0.484606 0.815001
vt 0.495585 0.825351
vt 0.501074 0.838033
vt 0.501719 0.847042
vt 0.499142 0.858556
vt 0.493315 0.868284
vt 0.486138 0.874703
vt 0.477129 0.879144
vt 0.467156 0.880702
vt 0.456914 0.879505
vt 0.445516 0.873985
vt 0.437063 0.865247
vt 0.431871 0.853363
vt 0.431494 0.849475
vt 0.431902 0.839764
vt 0.435328 0.829332
vt 0.445078 0.817337
vt 0.456225 0.811547
vt 0.491310 0.650935
vt 0.451908 0.973941
vt 0.572875 0.743095
vt 0.578621 0.768420
vt 0.581424 0.799379
vt 0.580111 0.825682
vt 0.574647 0.854517
vt 0.564961 0.881540
vt 0.551787 0.906069
vt 0.535602 0.927662
vt 0.516723 0.946397
vt 0.497164 0.961394
vt 0.476897 0.973528
vt 0.455923 0.982800
vt 0.435398 0.989101
vt 0.412452 0.993555
vt 0.389073 0.995622
vt 0.362597 0.994837
vt 0.331410 0.988680
vt 0.304482 0.977398
vt 0.278943 0.961709
vt 0.259722 0.946050
vt 0.253760 0.939990
vt 0.496878 0.643079
vt 0.525421 0.665929
vt 0.548589 0.692402
vt 0.563938 0.719216
vt 0.460062 0.673992
vt 0.483471 0.646731
vt 0.488286 0.638536
vt 0.326319 0.758592
vt 0.361501 0.749786
vt 0.359153 0.776424
vt 0.369909 0.761746
vt 0.351744 0.788465
vt 0.339642 0.781709
vt 0.324837 0.780703
vt 0.346740 0.732556
vt 0.358828 0.736387
vt 0.423338 0.692913
vt 0.410128 0.709370
vt 0.394357 0.705588
vt 0.392397 0.681191
vt 0.358351 0.640977
vt 0.363301 0.610530
vt 0.396751 0.612103
vt 0.422733 0.654842
vt 0.451563 0.628232
vt 0.469855 0.638041
vt 0.446446 0.665301
vt 0.367205 0.706741
vt 0.378134 0.707835
vt 0.364365 0.719565
vt 0.320301 0.712798
vt 0.346255 0.686982
vt 0.382320 0.655563
vt 0.297514 0.740358
vt 0.310196 0.788132
vt 0.299650 0.789803
vt 0.300314 0.803721
vt 0.299043 0.818532
vt 0.282208 0.818561
vt 0.302829 0.829443
vt 0.258986 0.855695
vt 0.312477 0.840024
vt 0.286301 0.872985
vt 0.238800 0.916210
vt 0.227037 0.901218
vt 0.211798 0.832205
vt 0.205929 0.865519
vt 0.198141 0.846779
vt 0.272915 0.769973
vt 0.253990 0.804000
vt 0.329256 0.615707
vt 0.299528 0.626264
vt 0.316532 0.664953
vt 0.275913 0.638873
vt 0.288039 0.689588
vt 0.248602 0.660492
vt 0.263597 0.716500
vt 0.224730 0.687237
vt 0.237790 0.744481
vt 0.209961 0.711913
vt 0.202557 0.729630
vt 0.223264 0.783632
vt 0.194563 0.755224
vt 0.190828 0.780999
vt 0.190448 0.804052
vt 0.193106 0.826434
vt 0.306949 0.816604
vt 0.309628 0.824943
vt 0.316347 0.793760
vt 0.308037 0.805454
vt 0.346731 0.794507
vt 0.337414 0.789650
vt 0.326713 0.789246
vt 0.316570 0.833243
vt 0.368892 0.745950
vt 0.375586 0.755990
vt 0.367262 0.735944
vt 0.371751 0.723158
vt 0.382400 0.714872
vt 0.394664 0.713903
vt 0.405885 0.716878
vt 0.231201 0.922211
vt 0.218503 0.905822
vt 0.206394 0.886956
vt 0.215450 0.884178
vt 0.196500 0.866632
vt 0.188677 0.846440
vt 0.183695 0.824947
vt 0.181218 0.801582
vt 0.181884 0.777599
vt 0.186001 0.750949
vt 0.194402 0.724577
vt 0.202257 0.706118
vt 0.217587 0.680669
vt 0.242282 0.653320
vt 0.270262 0.630984
vt 0.294781 0.617853
vt 0.325490 0.606806
vt 0.360741 0.601283
vt 0.395662 0.602692
vt 0.423749 0.608611
vt 0.422886 0.618058
vt 0.454624 0.619243
vt 0.474670 0.629845
vt 0.234270 0.843087
vt 0.247392 0.924737
vt 0.240144 0.931300
vt 0.560036 0.172386
vt 0.562033 0.162060
vt 0.574460 0.162425
vt 0.572139 0.176044
vt 0.554333 0.181082
vt 0.563163 0.189507
vt 0.546644 0.186313
vt 0.550767 0.198329
vt 0.537971 0.188585
vt 0.536984 0.201592
vt 0.528663 0.187669
vt 0.523735 0.199260
vt 0.512805 0.193565
vt 0.520981 0.184111
vt 0.510712 0.169586
vt 0.514478 0.177507
vt 0.503648 0.183853
vt 0.498589 0.173139
vt 0.509688 0.161085
vt 0.497182 0.161456
vt 0.511608 0.152213
vt 0.499487 0.149615
vt 0.515174 0.145954
vt 0.505112 0.138912
vt 0.520419 0.140785
vt 0.512906 0.130933
vt 0.526762 0.137445
vt 0.522414 0.125955
vt 0.534008 0.135866
vt 0.533501 0.123674
vt 0.541254 0.136306
vt 0.543552 0.124413
vt 0.548165 0.138930
vt 0.553796 0.128005
vt 0.555014 0.144209
vt 0.563084 0.134748
vt 0.560054 0.152001
vt 0.571615 0.147701
vt 0.551518 0.201122
vt 0.537610 0.204294
vt 0.565297 0.191420
vt 0.574798 0.176669
vt 0.577303 0.162416
vt 0.574172 0.146242
vt 0.565016 0.132828
vt 0.555006 0.125381
vt 0.543936 0.121552
vt 0.533612 0.120737
vt 0.521718 0.123313
vt 0.511126 0.129008
vt 0.502813 0.137193
vt 0.496676 0.148940
vt 0.494400 0.161522
vt 0.496013 0.173550
vt 0.501412 0.185206
vt 0.522663 0.201890
vt 0.511051 0.195705
vt 0.487357 0.161161
vt 0.488837 0.174238
vt 0.495498 0.188151
vt 0.507436 0.199481
vt 0.489639 0.146904
vt 0.499014 0.132613
vt 0.508507 0.124675
vt 0.521184 0.118787
vt 0.533951 0.116810
vt 0.544711 0.117909
vt 0.556489 0.121893
vt 0.567273 0.129571
vt 0.577492 0.144191
vt 0.581258 0.161783
vt 0.578310 0.178388
vt 0.567935 0.194331
vt 0.552302 0.204454
vt 0.537314 0.207573
vt 0.521315 0.205844
vt 0.553783 0.154683
vt 0.555237 0.162451
vt 0.534400 0.142610
vt 0.540056 0.142990
vt 0.544869 0.144758
vt 0.550047 0.148810
vt 0.530494 0.181108
vt 0.524733 0.178184
vt 0.536878 0.181822
vt 0.543817 0.180108
vt 0.549663 0.176054
vt 0.553655 0.169999
vt 0.529000 0.143807
vt 0.524548 0.146386
vt 0.520360 0.150314
vt 0.517704 0.155019
vt 0.516405 0.161248
vt 0.517435 0.168178
vt 0.520161 0.173886
vt 0.662328 0.035575
vt 0.652762 0.035808
vt 0.651952 0.029924
vt 0.660615 0.025828
vt 0.637046 0.035052
vt 0.660224 0.045004
vt 0.651303 0.041579
vt 0.649250 0.025113
vt 0.655984 0.018428
vt 0.645456 0.021794
vt 0.649510 0.013287
vt 0.655111 0.052532
vt 0.647940 0.046347
vt 0.647679 0.057520
vt 0.643244 0.049454
vt 0.638897 0.059593
vt 0.637803 0.050636
vt 0.630831 0.058649
vt 0.632571 0.049916
vt 0.623560 0.054933
vt 0.627984 0.047475
vt 0.641364 0.019947
vt 0.643451 0.011006
vt 0.636888 0.019451
vt 0.636366 0.010412
vt 0.632586 0.020306
vt 0.629552 0.011795
vt 0.628813 0.022167
vt 0.623872 0.014934
vt 0.625479 0.025155
vt 0.618474 0.019786
vt 0.623023 0.029153
vt 0.614989 0.025663
vt 0.621799 0.033847
vt 0.613207 0.033504
vt 0.622306 0.039119
vt 0.614401 0.042267
vt 0.624461 0.043828
vt 0.617791 0.049496
vt 0.553852 0.269657
vt 0.556474 0.259533
vt 0.568553 0.260773
vt 0.565846 0.274368
vt 0.547759 0.278066
vt 0.556420 0.287428
vt 0.540179 0.283022
vt 0.543296 0.295006
vt 0.531316 0.284896
vt 0.529428 0.297505
vt 0.521987 0.283670
vt 0.516105 0.294846
vt 0.505761 0.288348
vt 0.514527 0.279493
vt 0.505014 0.264352
vt 0.508222 0.272537
vt 0.497243 0.278162
vt 0.492682 0.267144
vt 0.504460 0.255687
vt 0.492064 0.255515
vt 0.506922 0.246946
vt 0.495029 0.244131
vt 0.510850 0.240924
vt 0.501251 0.233588
vt 0.516332 0.236045
vt 0.509016 0.225878
vt 0.522740 0.233127
vt 0.519035 0.221150
vt 0.530132 0.232138
vt 0.529508 0.219430
vt 0.537053 0.232864
vt 0.540197 0.220953
vt 0.543918 0.235823
vt 0.550123 0.225183
vt 0.550268 0.241587
vt 0.558951 0.232639
vt 0.554861 0.249597
vt 0.567215 0.245785
vt 0.543853 0.297964
vt 0.529978 0.300379
vt 0.557893 0.289142
vt 0.568555 0.275079
vt 0.571855 0.260777
vt 0.569504 0.244810
vt 0.561140 0.230750
vt 0.551439 0.222596
vt 0.540411 0.218134
vt 0.530295 0.216843
vt 0.518127 0.218888
vt 0.507176 0.224016
vt 0.498883 0.231911
vt 0.491978 0.243433
vt 0.489378 0.255726
vt 0.490292 0.267604
vt 0.495033 0.279569
vt 0.514832 0.297003
vt 0.503653 0.290377
vt 0.482282 0.268111
vt 0.481476 0.255278
vt 0.488254 0.282496
vt 0.499578 0.294721
vt 0.485133 0.241037
vt 0.494926 0.227160
vt 0.504977 0.219698
vt 0.517662 0.214507
vt 0.530731 0.213012
vt 0.541571 0.214511
vt 0.553425 0.219442
vt 0.563549 0.227780
vt 0.572904 0.243164
vt 0.575523 0.260929
vt 0.571871 0.276378
vt 0.560308 0.292388
vt 0.544280 0.301805
vt 0.529390 0.304290
vt 0.513135 0.301858
vt 0.548908 0.251665
vt 0.550041 0.259456
vt 0.530166 0.238471
vt 0.535862 0.239274
vt 0.540497 0.241291
vt 0.545401 0.245787
vt 0.524027 0.277365
vt 0.518258 0.274186
vt 0.530581 0.278566
vt 0.537760 0.276924
vt 0.543937 0.273144
vt 0.548222 0.267004
vt 0.524749 0.239301
vt 0.520178 0.241509
vt 0.515614 0.245306
vt 0.512365 0.250312
vt 0.510812 0.256167
vt 0.511217 0.263148
vt 0.513929 0.269281
vt 0.572936 0.276907
vt 0.576711 0.260991
vt 0.561096 0.293262
vt 0.574035 0.242768
vt 0.564467 0.227017
vt 0.554038 0.218426
vt 0.541882 0.213356
vt 0.530713 0.211820
vt 0.517338 0.213370
vt 0.504371 0.218687
vt 0.494041 0.226401
vt 0.484073 0.240545
vt 0.480330 0.255158
vt 0.481156 0.268405
vt 0.487275 0.283134
vt 0.498853 0.295627
vt 0.512764 0.302964
vt 0.529380 0.305468
vt 0.544700 0.302912
vt 0.542328 0.344614
vt 0.533204 0.343869
vt 0.532833 0.337800
vt 0.541396 0.334885
vt 0.517241 0.341621
vt 0.539577 0.353884
vt 0.531163 0.349604
vt 0.530473 0.332752
vt 0.537442 0.327357
vt 0.526894 0.329096
vt 0.531476 0.321577
vt 0.533802 0.361265
vt 0.527289 0.354262
vt 0.525809 0.365665
vt 0.522185 0.357062
vt 0.516601 0.367181
vt 0.516469 0.357785
vt 0.508324 0.365357
vt 0.511134 0.356510
vt 0.501167 0.360994
vt 0.506596 0.353588
vt 0.522907 0.326833
vt 0.525838 0.318650
vt 0.518437 0.325881
vt 0.518824 0.317277
vt 0.514049 0.326193
vt 0.512004 0.317834
vt 0.510055 0.327677
vt 0.506042 0.320066
vt 0.506364 0.330412
vt 0.499952 0.324411
vt 0.503395 0.334272
vt 0.495455 0.330451
vt 0.501652 0.338905
vt 0.492992 0.337700
vt 0.501528 0.344344
vt 0.492978 0.346552
vt 0.503415 0.349414
vt 0.495952 0.354523
vt 0.480908 0.033599
vt 0.469724 0.032724
vt 0.469289 0.028148
vt 0.480034 0.024672
vt 0.478131 0.044082
vt 0.468318 0.038097
vt 0.476665 0.018231
vt 0.467559 0.024848
vt 0.465125 0.022185
vt 0.471905 0.013051
vt 0.463424 0.009141
vt 0.460778 0.020187
vt 0.456060 0.020127
vt 0.454213 0.009004
vt 0.469940 0.051225
vt 0.464109 0.041738
vt 0.463614 0.054423
vt 0.460873 0.043387
vt 0.454057 0.054775
vt 0.455976 0.043572
vt 0.437170 0.021281
vt 0.447325 0.026404
vt 0.445952 0.032378
vt 0.434501 0.032937
vt 0.447355 0.037564
vt 0.437244 0.043050
vt 0.451505 0.042064
vt 0.445346 0.051816
vt 0.450845 0.022281
vt 0.444036 0.013227
vt 0.458000 0.032033
vt 0.570059 0.059374
vt 0.582928 0.060893
vt 0.577845 0.075896
vt 0.566806 0.071250
vt 0.568873 0.049285
vt 0.581228 0.045585
vt 0.600165 0.060898
vt 0.593964 0.084959
vt 0.564593 0.090327
vt 0.557693 0.079479
vt 0.559346 0.036508
vt 0.567192 0.026197
vt 0.575646 0.034883
vt 0.564895 0.042146
vt 0.549773 0.032414
vt 0.551190 0.019393
vt 0.539705 0.032536
vt 0.536040 0.019881
vt 0.528700 0.037413
vt 0.519762 0.027990
vt 0.521289 0.046288
vt 0.509444 0.040516
vt 0.518450 0.059085
vt 0.505626 0.059549
vt 0.521324 0.070162
vt 0.509301 0.075049
vt 0.530165 0.079953
vt 0.521951 0.089959
vt 0.539806 0.083377
vt 0.536089 0.095799
vt 0.550579 0.083035
vt 0.552780 0.095550
vt 0.559868 0.067111
vt 0.561989 0.059028
vt 0.561249 0.052181
vt 0.554791 0.043385
vt 0.558539 0.047283
vt 0.548243 0.040530
vt 0.541288 0.040569
vt 0.533727 0.043900
vt 0.528680 0.050051
vt 0.526738 0.058867
vt 0.528744 0.066491
vt 0.534782 0.073136
vt 0.541377 0.075380
vt 0.548689 0.075104
vt 0.553553 0.072629
vt 0.587812 0.023089
vt 0.596478 0.038393
vt 0.574477 0.010763
vt 0.551244 0.002426
vt 0.529742 0.003927
vt 0.508407 0.015971
vt 0.495637 0.033693
vt 0.488788 0.058113
vt 0.493105 0.080042
vt 0.509745 0.101874
vt 0.530109 0.111690
vt 0.554497 0.112524
vt 0.572725 0.105392
vt 0.170557 0.871379
vt 0.142696 0.872052
vt 0.140616 0.861871
vt 0.170678 0.862271
vt 0.135912 0.841457
vt 0.170066 0.842279
vt 0.170925 0.850864
vt 0.137901 0.849333
vt 0.132687 0.825089
vt 0.168368 0.826523
vt 0.169237 0.833679
vt 0.133930 0.833770
vt 0.168520 0.880179
vt 0.145737 0.882669
vt 0.131363 0.815306
vt 0.167709 0.818215
vt 0.135644 0.809327
vt 0.169607 0.813067
vt 0.132741 0.801942
vt 0.169931 0.807179
vt 0.181417 0.970042
vt 0.184925 0.973049
vt 0.179783 0.977113
vt 0.177517 0.972962
vt 0.184989 0.961833
vt 0.189262 0.963278
vt 0.186202 0.952796
vt 0.190787 0.952441
vt 0.178687 0.939923
vt 0.181351 0.936095
vt 0.187624 0.942977
vt 0.183468 0.945303
vt 0.167734 0.937903
vt 0.166998 0.933261
vt 0.174008 0.933312
vt 0.173117 0.937904
vt 0.162564 0.939335
vt 0.160388 0.935116
vt 0.156636 0.942531
vt 0.153102 0.939652
vt 0.153354 0.949146
vt 0.149052 0.947940
vt 0.173724 0.979155
vt 0.172699 0.974511
vt 0.168982 0.974929
vt 0.168972 0.979658
vt 0.165178 0.979184
vt 0.166106 0.974561
vt 0.160792 0.977784
vt 0.162629 0.973520
vt 0.157098 0.975548
vt 0.159992 0.971940
vt 0.151121 0.967206
vt 0.155243 0.965049
vt 0.148147 0.957897
vt 0.152468 0.957520
vt 0.131116 0.953180
vt 0.127071 0.954173
vt 0.125999 0.948143
vt 0.130137 0.947704
vt 0.125767 0.940659
vt 0.129923 0.940847
vt 0.126503 0.934376
vt 0.130591 0.935150
vt 0.128274 0.927673
vt 0.132205 0.929031
vt 0.130911 0.921513
vt 0.134609 0.923421
vt 0.134262 0.915989
vt 0.137661 0.918387
vt 0.138201 0.911118
vt 0.141264 0.913944
vt 0.142694 0.906806
vt 0.145367 0.910001
vt 0.147392 0.903337
vt 0.149646 0.906843
vt 0.152327 0.900553
vt 0.154141 0.904310
vt 0.158805 0.902377
vt 0.157442 0.898430
vt 0.162455 0.896996
vt 0.163357 0.901073
vt 0.168115 0.896078
vt 0.168522 0.900236
vt 0.173727 0.900031
vt 0.173837 0.895853
vt 0.180157 0.896421
vt 0.179492 0.900551
vt 0.187340 0.898107
vt 0.186069 0.902095
vt 0.193752 0.900687
vt 0.191900 0.904444
vt 0.200065 0.904421
vt 0.197678 0.907865
vt 0.204861 0.908253
vt 0.202050 0.911381
vt 0.208583 0.911998
vt 0.205423 0.914760
vt 0.211710 0.916088
vt 0.208226 0.918418
vt 0.214417 0.920936
vt 0.210647 0.922779
vt 0.212453 0.927535
vt 0.216439 0.926157
vt 0.217866 0.931290
vt 0.213795 0.932230
vt 0.218755 0.936657
vt 0.214609 0.937132
vt 0.219027 0.942446
vt 0.214856 0.942416
vt 0.218575 0.948362
vt 0.214447 0.947799
vt 0.217187 0.954866
vt 0.213185 0.953739
vt 0.214846 0.961277
vt 0.211038 0.959605
vt 0.212552 0.965700
vt 0.208983 0.963579
vt 0.208385 0.971689
vt 0.205177 0.969064
vt 0.202012 0.978193
vt 0.199342 0.975026
vt 0.194728 0.983231
vt 0.192677 0.979627
vt 0.188500 0.986156
vt 0.187045 0.982271
vt 0.180810 0.988368
vt 0.180017 0.984292
vt 0.172094 0.989343
vt 0.172042 0.985189
vt 0.163523 0.988739
vt 0.164204 0.984623
vt 0.156646 0.987074
vt 0.158032 0.983154
vt 0.149381 0.983721
vt 0.151453 0.980082
vt 0.142861 0.979284
vt 0.145515 0.976077
vt 0.136602 0.973041
vt 0.139802 0.970376
vt 0.131891 0.966247
vt 0.135504 0.964175
vt 0.128827 0.959762
vt 0.132711 0.958256
vt 0.158935 0.958969
vt 0.156640 0.959485
vt 0.157216 0.951769
vt 0.159407 0.952660
vt 0.162303 0.964624
vt 0.160758 0.966399
vt 0.168305 0.967228
vt 0.168097 0.969583
vt 0.173433 0.966488
vt 0.174368 0.968677
vt 0.177909 0.963066
vt 0.179842 0.964493
vt 0.179998 0.955227
vt 0.182396 0.954908
vt 0.177708 0.949839
vt 0.179596 0.948320
vt 0.173328 0.946629
vt 0.174240 0.944394
vt 0.168317 0.945946
vt 0.168113 0.943560
vt 0.163031 0.947958
vt 0.161647 0.946020
vt 0.204188 0.929343
vt 0.205848 0.929075
vt 0.205573 0.932898
vt 0.203938 0.932436
vt 0.202843 0.926224
vt 0.204149 0.925182
vt 0.199770 0.924017
vt 0.200359 0.922449
vt 0.196681 0.923695
vt 0.196509 0.922011
vt 0.194541 0.924343
vt 0.193731 0.922864
vt 0.192291 0.926353
vt 0.190950 0.925329
vt 0.190938 0.929062
vt 0.189298 0.928699
vt 0.190977 0.931850
vt 0.189333 0.932231
vt 0.192229 0.934498
vt 0.190899 0.935536
vt 0.194508 0.936374
vt 0.193762 0.937885
vt 0.197203 0.936995
vt 0.197082 0.938691
vt 0.199595 0.936825
vt 0.200113 0.938428
vt 0.202775 0.934853
vt 0.204028 0.935966
vt 0.184889 0.916996
vt 0.186359 0.916448
vt 0.186600 0.920561
vt 0.185017 0.920372
vt 0.182719 0.914200
vt 0.183666 0.912936
vt 0.179281 0.912897
vt 0.179434 0.911329
vt 0.176438 0.913384
vt 0.175879 0.911901
vt 0.173998 0.914930
vt 0.172866 0.913837
vt 0.172644 0.917296
vt 0.171168 0.916700
vt 0.172039 0.919514
vt 0.170460 0.919485
vt 0.172674 0.922404
vt 0.171242 0.923086
vt 0.174489 0.924722
vt 0.173501 0.925964
vt 0.177154 0.925973
vt 0.176826 0.927525
vt 0.180822 0.925857
vt 0.181338 0.927339
vt 0.184216 0.923338
vt 0.185507 0.924218
vt 0.163223 0.921593
vt 0.165059 0.921799
vt 0.163540 0.925652
vt 0.162085 0.924542
vt 0.162846 0.918644
vt 0.164531 0.917900
vt 0.160592 0.915976
vt 0.161572 0.914421
vt 0.157706 0.915220
vt 0.157793 0.913362
vt 0.154615 0.915740
vt 0.153786 0.914096
vt 0.152559 0.917694
vt 0.151015 0.916665
vt 0.151571 0.920410
vt 0.149734 0.920211
vt 0.151989 0.923421
vt 0.150312 0.924168
vt 0.153925 0.925694
vt 0.152811 0.927172
vt 0.156355 0.926807
vt 0.156070 0.928617
vt 0.159520 0.926388
vt 0.160199 0.928095
vt 0.187470 0.973121
vt 0.181700 0.979220
vt 0.191107 0.961373
vt 0.192040 0.950580
vt 0.182459 0.934524
vt 0.188718 0.941542
vt 0.166826 0.930837
vt 0.174631 0.931218
vt 0.159676 0.933065
vt 0.152329 0.938052
vt 0.148254 0.946093
vt 0.174616 0.982399
vt 0.168928 0.983192
vt 0.164464 0.982732
vt 0.159338 0.980798
vt 0.154853 0.977228
vt 0.148367 0.967398
vt 0.146413 0.956201
vt 0.941775 0.226840
vt 0.944055 0.231836
vt 0.933735 0.238882
vt 0.929594 0.229856
vt 0.941301 0.221457
vt 0.928716 0.220120
vt 0.942690 0.216223
vt 0.931211 0.210635
vt 0.945770 0.211745
vt 0.936775 0.202512
vt 0.950170 0.208644
vt 0.944759 0.196874
vt 0.955428 0.207287
vt 0.954284 0.194418
vt 0.960798 0.207774
vt 0.964016 0.195304
vt 0.965710 0.210127
vt 0.972918 0.199579
vt 0.969534 0.214033
vt 0.979837 0.206671
vt 0.971765 0.219038
vt 0.983856 0.215741
vt 0.972234 0.224453
vt 0.984682 0.225522
vt 0.970817 0.229683
vt 0.982101 0.234983
vt 0.967704 0.234102
vt 0.976460 0.242964
vt 0.963230 0.237169
vt 0.968380 0.248492
vt 0.958035 0.238493
vt 0.959002 0.250882
vt 0.952669 0.237977
vt 0.949316 0.249955
vt 0.947845 0.235650
vt 0.940596 0.245764
vt 0.956780 0.222962
vt 0.951696 0.430433
vt 0.952569 0.418679
vt 0.960777 0.419297
vt 0.959617 0.431272
vt 0.968625 0.419806
vt 0.967609 0.431919
vt 0.977581 0.420395
vt 0.976536 0.432589
vt 0.944689 0.417861
vt 0.943514 0.429538
vt 0.975243 0.444755
vt 0.966303 0.443983
vt 0.958327 0.443210
vt 0.950275 0.442187
vt 0.942683 0.441020
vt 0.973692 0.456852
vt 0.964749 0.456038
vt 0.956782 0.455140
vt 0.948799 0.453912
vt 0.941072 0.452474
vt 0.971946 0.468777
vt 0.962947 0.468097
vt 0.954882 0.467119
vt 0.947073 0.465690
vt 0.939352 0.463915
vt 0.970338 0.480184
vt 0.961001 0.480199
vt 0.952906 0.479419
vt 0.944944 0.477652
vt 0.937288 0.475087
vt 0.969968 0.490692
vt 0.959978 0.492481
vt 0.950781 0.492457
vt 0.941869 0.489861
vt 0.934001 0.485449
vt 0.964540 0.274118
vt 0.974134 0.276270
vt 0.974432 0.286737
vt 0.965080 0.286546
vt 0.955401 0.273699
vt 0.957097 0.287077
vt 0.946628 0.276152
vt 0.949197 0.288275
vt 0.941521 0.290202
vt 0.938885 0.280036
vt 0.975417 0.298453
vt 0.966426 0.298846
vt 0.958518 0.299467
vt 0.950553 0.300315
vt 0.942766 0.301469
vt 0.976537 0.310413
vt 0.967572 0.310952
vt 0.959587 0.311539
vt 0.951615 0.312223
vt 0.943506 0.313064
vt 0.977421 0.322546
vt 0.968522 0.323021
vt 0.960393 0.323556
vt 0.952342 0.324101
vt 0.944484 0.324749
vt 0.977748 0.334595
vt 0.969251 0.335072
vt 0.961288 0.335486
vt 0.953010 0.335979
vt 0.945454 0.336359
vt 0.978874 0.346754
vt 0.969913 0.347186
vt 0.961703 0.347494
vt 0.953647 0.347793
vt 0.945773 0.348068
vt 0.979538 0.359106
vt 0.970152 0.359262
vt 0.962172 0.359441
vt 0.954086 0.359596
vt 0.945946 0.359725
vt 0.978971 0.371409
vt 0.970411 0.371360
vt 0.962130 0.371407
vt 0.954078 0.371443
vt 0.946377 0.371441
vt 0.979136 0.383620
vt 0.970235 0.383487
vt 0.962170 0.383418
vt 0.954149 0.383281
vt 0.945922 0.383098
vt 0.978879 0.395834
vt 0.969933 0.395558
vt 0.962008 0.395389
vt 0.953794 0.395130
vt 0.945876 0.394774
vt 0.978386 0.408117
vt 0.969481 0.407718
vt 0.961289 0.407355
vt 0.953273 0.406918
vt 0.945637 0.406334
vt 0.937314 0.463402
vt 0.935281 0.474392
vt 0.939012 0.452046
vt 0.940591 0.440689
vt 0.942596 0.417599
vt 0.941433 0.429250
vt 0.932107 0.484403
vt 0.936930 0.280919
vt 0.939483 0.290729
vt 0.940690 0.301753
vt 0.941399 0.313280
vt 0.942426 0.324946
vt 0.943326 0.336503
vt 0.943700 0.348108
vt 0.943834 0.359754
vt 0.944260 0.371441
vt 0.943841 0.383049
vt 0.943774 0.394708
vt 0.943519 0.406162
vt 0.956339 0.150792
vt 0.933918 0.167881
vt 0.929444 0.159204
vt 0.928185 0.149475
vt 0.930356 0.139915
vt 0.935644 0.131687
vt 0.943451 0.125744
vt 0.952788 0.122833
vt 0.962594 0.123326
vt 0.971629 0.127109
vt 0.978749 0.133703
vt 0.983263 0.142400
vt 0.984535 0.152092
vt 0.982329 0.161723
vt 0.977045 0.169908
vt 0.969248 0.175828
vt 0.959907 0.178754
vt 0.950111 0.178317
vt 0.941100 0.174512
vt 0.783352 0.608425
vt 0.774293 0.623852
vt 0.768626 0.618241
vt 0.775573 0.606516
vt 0.782419 0.589372
vt 0.774712 0.593376
vt 0.770531 0.575143
vt 0.765989 0.582702
vt 0.753776 0.571108
vt 0.753394 0.578958
vt 0.738013 0.575855
vt 0.741884 0.582570
vt 0.725127 0.590468
vt 0.732287 0.593399
vt 0.723617 0.607289
vt 0.731269 0.606194
vt 0.730221 0.621364
vt 0.736169 0.616641
vt 0.742971 0.629939
vt 0.745942 0.622829
vt 0.759321 0.631427
vt 0.757516 0.623627
vt 0.768067 0.605467
vt 0.762911 0.613206
vt 0.767831 0.596277
vt 0.762038 0.588372
vt 0.753008 0.586461
vt 0.745166 0.589327
vt 0.739077 0.596862
vt 0.738905 0.604965
vt 0.742337 0.611215
vt 0.748112 0.615446
vt 0.755442 0.616359
vt 0.794648 0.611176
vt 0.781906 0.632272
vt 0.793122 0.584913
vt 0.776677 0.565285
vt 0.753807 0.559883
vt 0.731970 0.566287
vt 0.714325 0.586402
vt 0.712314 0.609516
vt 0.721583 0.628801
vt 0.738839 0.640571
vt 0.761214 0.642795
vt 0.810623 0.614178
vt 0.793399 0.644557
vt 0.807297 0.578795
vt 0.784593 0.552527
vt 0.754497 0.543851
vt 0.723303 0.552303
vt 0.698984 0.580686
vt 0.696415 0.612670
vt 0.709790 0.639209
vt 0.732477 0.655333
vt 0.763598 0.658782
vt 0.747530 0.989222
vt 0.724200 0.991729
vt 0.722683 0.974615
vt 0.742299 0.973315
vt 0.722738 0.970947
vt 0.724690 0.959375
vt 0.741482 0.958452
vt 0.741727 0.969680
vt 0.766179 0.966140
vt 0.777332 0.978258
vt 0.787749 0.950722
vt 0.802614 0.959966
vt 0.762241 0.956174
vt 0.764423 0.963265
vt 0.777965 0.942984
vt 0.785265 0.948183
vt 0.802807 0.914816
vt 0.819879 0.914755
vt 0.822814 0.869722
vt 0.800210 0.881847
vt 0.787712 0.914593
vt 0.799381 0.914870
vt 0.785343 0.888367
vt 0.796502 0.884021
vt 0.773365 0.869603
vt 0.781610 0.863519
vt 0.805028 0.835433
vt 0.785163 0.859878
vt 0.766614 0.846519
vt 0.778954 0.815147
vt 0.746587 0.841577
vt 0.750249 0.804620
vt 0.845722 0.856140
vt 0.824980 0.808375
vt 0.788256 0.779208
vt 0.751359 0.768482
vt 0.835734 0.915346
vt 0.722250 0.803383
vt 0.716004 0.767718
vt 0.695918 0.806998
vt 0.681833 0.774817
vt 0.670879 0.815299
vt 0.654226 0.788254
vt 0.725354 0.839006
vt 0.703118 0.839059
vt 0.681755 0.842403
vt 0.640996 0.847404
vt 0.622129 0.829810
vt 0.653434 0.863562
vt 0.632684 0.887365
vt 0.617206 0.882465
vt 0.644942 0.891429
vt 0.705701 0.989124
vt 0.708418 0.972694
vt 0.683775 0.980607
vt 0.691185 0.966187
vt 0.660004 0.961680
vt 0.671974 0.951618
vt 0.634447 0.929552
vt 0.653234 0.925092
vt 0.709300 0.968646
vt 0.692728 0.962313
vt 0.674371 0.948740
vt 0.656116 0.923659
vt 0.648170 0.892122
vt 0.655884 0.865919
vt 0.683052 0.847194
vt 0.703727 0.845035
vt 0.725193 0.845830
vt 0.745841 0.847599
vt 0.764718 0.852020
vt 0.711517 0.958116
vt 0.682178 0.946940
vt 0.692061 0.955163
vt 0.664272 0.919987
vt 0.765542 0.942080
vt 0.744937 0.943392
vt 0.692433 0.944898
vt 0.709795 0.944703
vt 0.725914 0.944076
vt 0.759775 0.858513
vt 0.743696 0.855303
vt 0.724064 0.853945
vt 0.705226 0.853691
vt 0.682978 0.853846
vt 0.664592 0.869553
vt 0.657677 0.893443
vt 0.773208 0.916649
vt 0.771927 0.894385
vt 0.763147 0.875933
vt 0.748915 0.920631
vt 0.748421 0.901245
vt 0.743962 0.881811
vt 0.725146 0.922234
vt 0.723758 0.904164
vt 0.723222 0.883022
vt 0.703682 0.921998
vt 0.700560 0.902632
vt 0.702583 0.881113
vt 0.678592 0.919839
vt 0.673054 0.897477
vt 0.677377 0.874934
vt 0.741394 0.864930
vt 0.755861 0.864995
vt 0.723705 0.864316
vt 0.706771 0.864254
vt 0.687876 0.860244
vt 0.960366 0.930923
vt 0.972463 0.902568
vt 0.989784 0.909775
vt 0.973760 0.944746
vt 0.936739 0.974129
vt 0.931798 0.953768
vt 0.946136 0.945608
vt 0.954479 0.963999
vt 0.916977 0.957006
vt 0.916986 0.978368
vt 0.890591 0.973567
vt 0.896085 0.953233
vt 0.915368 0.932117
vt 0.915902 0.935274
vt 0.901238 0.931361
vt 0.901860 0.928395
vt 0.869346 0.953977
vt 0.879763 0.939102
vt 0.855184 0.914160
vt 0.866950 0.904982
vt 0.933650 0.926433
vt 0.935775 0.928148
vt 0.926385 0.933339
vt 0.925803 0.930498
vt 0.972987 0.867812
vt 0.991339 0.865306
vt 0.969579 0.845234
vt 0.984748 0.839902
vt 0.964079 0.824714
vt 0.974205 0.816952
vt 0.891849 0.921540
vt 0.894212 0.919525
vt 0.883889 0.895531
vt 0.887611 0.894571
vt 0.941735 0.917047
vt 0.944752 0.917924
vt 0.946424 0.896286
vt 0.950255 0.897123
vt 0.947653 0.868427
vt 0.951492 0.868470
vt 0.950861 0.848412
vt 0.946729 0.848200
vt 0.952729 0.829110
vt 0.948766 0.827681
vt 0.961658 0.802418
vt 0.966810 0.807456
vt 0.958764 0.817622
vt 0.954675 0.814596
vt 0.905982 0.917799
vt 0.910157 0.927740
vt 0.927080 0.926562
vt 0.930364 0.916415
vt 0.931526 0.893986
vt 0.902011 0.893659
vt 0.931629 0.867659
vt 0.885894 0.868223
vt 0.900749 0.867609
vt 0.882016 0.868245
vt 0.851992 0.874997
vt 0.864517 0.871193
vt 0.931433 0.846636
vt 0.900747 0.845716
vt 0.886291 0.846055
vt 0.882176 0.846085
vt 0.933156 0.823671
vt 0.900904 0.821810
vt 0.885852 0.822849
vt 0.881508 0.824250
vt 0.870870 0.820894
vt 0.865925 0.847067
vt 0.854168 0.847199
vt 0.863391 0.815742
vt 0.877433 0.811578
vt 0.873386 0.799973
vt 0.877024 0.796427
vt 0.881876 0.809729
vt 0.898203 0.789267
vt 0.899886 0.804800
vt 0.941208 0.792458
vt 0.937488 0.806908
s 1
usemtl controllerMATstingrayRT
f 2/1/1 3/2/1 29/3/1 28/4/1
f 2/1/2 15/5/3 16/6/4 3/2/5
f 3/2/5 16/6/4 17/7/6 4/8/7
f 4/8/7 17/7/6 18/9/8 5/10/9
f 5/10/9 18/9/8 19/11/10 6/12/11
f 6/12/11 19/11/10 20/13/12 7/14/13
f 7/14/13 20/13/12 21/15/14 8/16/15
f 8/16/15 21/15/14 22/17/16 9/18/17
f 9/18/17 22/17/16 23/19/18 10/20/19
f 10/20/19 23/19/18 24/21/20 11/22/21
f 11/22/21 24/21/20 25/23/22 12/24/23
f 12/24/23 25/23/22 26/25/24 13/26/25
f 13/26/25 26/25/24 14/27/26 1/28/27
f 28/4/28 40/29/29 1/28/30 2/1/31
f 3/2/32 4/8/33 30/30/34 29/3/35
f 4/8/33 5/10/36 31/31/37 30/30/34
f 5/10/36 6/12/38 32/32/39 31/31/37
f 6/12/38 7/14/40 33/33/41 32/32/39
f 7/14/40 8/16/42 34/34/43 33/33/41
f 35/35/44 34/34/43 8/16/42 9/18/45
f 9/18/45 10/20/46 36/36/47 35/35/44
f 10/20/46 11/22/48 37/37/49 36/36/47
f 11/22/48 12/24/50 38/38/51 37/37/49
f 12/24/50 13/26/52 39/39/53 38/38/51
f 13/26/52 1/28/30 40/29/29 39/39/53
f 2/1/2 1/28/27 14/27/26 15/5/3
f 15/5/3 27/40/54 16/6/4
f 16/6/4 27/40/54 17/7/6
f 17/7/6 27/40/54 18/9/8
f 18/9/8 27/40/54 19/11/10
f 19/11/10 27/40/54 20/13/12
f 20/13/12 27/40/54 21/15/14
f 21/15/14 27/40/54 22/17/16
f 22/17/16 27/40/54 23/19/18
f 23/19/18 27/40/54 24/21/20
f 24/21/20 27/40/54 25/23/22
f 25/23/22 27/40/54 26/25/24
f 26/25/24 27/40/54 14/27/26
f 15/5/3 14/27/26 27/40/54
f 42/41/55 56/42/55 57/43/55 43/44/55
f 43/44/56 57/43/57 58/45/58 44/46/59
f 44/46/59 58/45/58 59/47/60 45/48/61
f 45/48/61 59/47/60 60/49/62 46/50/63
f 46/50/63 60/49/62 61/51/64 47/52/65
f 47/52/65 61/51/64 62/53/66 48/54/67
f 48/54/67 62/53/66 63/55/68 49/56/69
f 49/56/69 63/55/68 64/57/70 50/58/71
f 50/58/71 64/57/70 65/59/72 51/60/73
f 51/60/73 65/59/72 66/61/74 52/62/75
f 52/62/75 66/61/74 67/63/76 53/64/77
f 53/64/77 67/63/76 68/65/78 54/66/79
f 54/66/79 68/65/78 55/67/80 41/68/81
f 42/41/82 70/69/83 83/70/84 41/68/85
f 43/44/86 71/71/87 70/69/83 42/41/82
f 44/46/88 72/72/89 71/71/87 43/44/86
f 45/48/90 73/73/91 72/72/89 44/46/88
f 46/50/92 74/74/93 73/73/91 45/48/90
f 47/52/94 75/75/95 74/74/93 46/50/92
f 48/54/96 76/76/97 75/75/95 47/52/94
f 49/56/98 77/77/99 76/76/97 48/54/96
f 50/58/100 78/78/101 77/77/99 49/56/98
f 51/60/102 79/79/103 78/78/101 50/58/100
f 52/62/104 80/80/105 79/79/103 51/60/102
f 53/64/106 81/81/107 80/80/105 52/62/104
f 54/66/108 82/82/109 81/81/107 53/64/106
f 41/68/85 83/70/84 82/82/109 54/66/108
f 42/41/110 41/68/81 55/67/80 56/42/111
f 56/42/111 69/83/112 57/43/57
f 57/43/57 69/83/112 58/45/58
f 58/45/58 69/83/112 59/47/60
f 59/47/60 69/83/112 60/49/62
f 60/49/62 69/83/112 61/51/64
f 61/51/64 69/83/112 62/53/66
f 62/53/66 69/83/112 63/55/68
f 63/55/68 69/83/112 64/57/70
f 64/57/70 69/83/112 65/59/72
f 65/59/72 69/83/112 66/61/74
f 66/61/74 69/83/112 67/63/76
f 67/63/76 69/83/112 68/65/78
f 68/65/78 69/83/112 55/67/80
f 56/42/111 55/67/80 69/83/112
f 95/84/113 96/85/113 107/86/113 84/87/113
f 106/88/114 85/89/115 84/87/116 107/86/117
f 105/90/118 86/91/119 85/89/115 106/88/114
f 104/92/120 87/93/121 86/91/119 105/90/118
f 103/94/122 88/95/123 87/93/121 104/92/120
f 102/96/124 89/97/125 88/95/123 103/94/122
f 101/98/126 90/99/127 89/97/125 102/96/124
f 100/100/128 91/101/129 90/99/127 101/98/126
f 99/102/130 92/103/131 91/101/129 100/100/128
f 98/104/132 93/105/133 92/103/131 99/102/130
f 97/106/134 94/107/135 93/105/133 98/104/132
f 96/85/136 95/84/137 94/107/135 97/106/134
f 96/85/136 132/108/138 121/109/139 107/86/117
f 119/110/140 108/111/141 121/109/142 132/108/143
f 109/112/144 122/113/145 121/109/142 108/111/141
f 110/114/146 123/115/147 122/113/145 109/112/144
f 111/116/148 124/117/149 123/115/147 110/114/146
f 112/118/150 125/119/151 124/117/149 111/116/148
f 113/120/152 126/121/153 125/119/151 112/118/150
f 114/122/154 127/123/155 126/121/153 113/120/152
f 115/124/156 128/125/157 127/123/155 114/122/154
f 116/126/158 129/127/159 128/125/157 115/124/156
f 117/128/160 130/129/161 129/127/159 116/126/158
f 118/130/162 131/131/163 130/129/161 117/128/160
f 119/110/140 132/108/143 131/131/163 118/130/162
f 119/110/140 120/132/164 108/111/141
f 109/112/144 108/111/141 120/132/164
f 110/114/146 109/112/144 120/132/164
f 111/116/148 110/114/146 120/132/164
f 112/118/150 111/116/148 120/132/164
f 113/120/152 112/118/150 120/132/164
f 114/122/154 113/120/152 120/132/164
f 115/124/156 114/122/154 120/132/164
f 116/126/158 115/124/156 120/132/164
f 117/128/160 116/126/158 120/132/164
f 118/130/162 117/128/160 120/132/164
f 119/110/140 118/130/162 120/132/164
f 106/88/114 107/86/117 121/109/139 122/113/165
f 105/90/118 106/88/114 122/113/165 123/115/166
f 104/92/120 105/90/118 123/115/166 124/117/167
f 103/94/122 104/92/120 124/117/167 125/119/168
f 102/96/124 103/94/122 125/119/168 126/121/169
f 101/98/126 102/96/124 126/121/169 127/123/170
f 100/100/128 101/98/126 127/123/170 128/125/171
f 99/102/130 100/100/128 128/125/171 129/127/172
f 98/104/132 99/102/130 129/127/172 130/129/173
f 97/106/134 98/104/132 130/129/173 131/131/174
f 96/85/136 97/106/134 131/131/174 132/108/138
f 138/133/175 133/134/176 134/135/177 137/136/178
f 135/137/179 138/133/175 137/136/178 136/138/180
f 410/139/181 164/140/181 163/141/182 411/142/183
f 417/143/184 153/144/185 154/145/186 418/146/187
f 418/146/187 154/145/186 155/147/188 419/148/189
f 419/148/189 155/147/188 156/149/190 420/150/191
f 420/150/191 156/149/190 157/151/192 421/152/193
f 421/152/193 157/151/192 165/153/194 422/154/195
f 416/155/196 158/156/197 153/144/185 417/143/184
f 415/157/198 159/158/199 158/156/197 416/155/196
f 414/159/200 160/160/201 159/158/199 415/157/198
f 413/161/202 161/162/202 160/160/201 414/159/200
f 412/163/203 162/164/204 161/162/202 413/161/202
f 411/142/183 163/141/182 162/164/204 412/163/203
f 422/154/195 165/153/194 166/165/205 423/166/205
f 167/167/206 168/168/207 151/169/208 152/170/209
f 168/168/207 169/171/210 150/172/211 151/169/208
f 169/171/210 170/173/212 149/174/213 150/172/211
f 170/173/212 171/175/214 148/176/215 149/174/213
f 171/175/214 172/177/216 147/178/217 148/176/215
f 172/177/216 173/179/218 146/180/219 147/178/217
f 173/179/218 174/181/220 145/182/221 146/180/219
f 174/181/220 175/183/222 144/184/223 145/182/221
f 175/183/222 176/185/224 143/186/225 144/184/223
f 176/185/224 177/187/226 142/188/227 143/186/225
f 177/187/226 178/189/228 141/190/229 142/188/227
f 178/189/228 179/191/230 140/192/231 141/190/229
f 180/193/232 139/194/233 140/192/231 179/191/230
f 164/140/234 182/195/234 181/196/235 163/141/236
f 184/197/237 162/164/238 163/141/236 181/196/235
f 187/198/239 160/160/240 161/162/241 183/199/242
f 183/199/242 161/162/241 162/164/238 184/197/237
f 189/200/243 153/144/244 158/156/245 185/201/246
f 185/201/246 158/156/245 159/158/247 186/202/248
f 186/202/248 159/158/247 160/160/240 187/198/239
f 190/203/249 154/145/250 153/144/244 189/200/243
f 191/204/251 155/147/252 154/145/250 190/203/249
f 188/205/253 156/149/254 155/147/252 191/204/251
f 192/206/255 157/151/256 156/149/254 188/205/253
f 193/207/257 165/153/258 157/151/256 192/206/255
f 194/208/259 166/165/259 165/153/258 193/207/257
f 195/209/260 200/210/261 174/181/220 173/179/218
f 195/209/260 201/211/262 200/210/261
f 196/212/263 204/213/264 198/214/265
f 199/215/266 202/216/267 201/211/262 198/214/265
f 203/217/268 174/181/220 200/210/261 201/211/262
f 210/218/269 211/219/270 196/212/263 195/209/260
f 211/219/270 212/220/271 197/221/272 196/212/263
f 241/222/273 245/223/274 202/216/267 199/215/266
f 206/224/275 207/225/276 205/226/277 197/221/272
f 223/227/278 224/228/279 207/225/276 206/224/275
f 208/229/280 404/230/281 223/227/278
f 199/215/266 198/214/265 408/231/282
f 195/209/260 173/179/218 172/177/216 210/218/269
f 206/224/275 197/221/272 212/220/271 213/232/283
f 222/233/284 223/227/278 206/224/275 213/232/283
f 214/234/285 208/229/280 223/227/278 222/233/284
f 171/175/214 215/235/286 210/218/269 172/177/216
f 216/236/287 217/237/288 168/168/207 167/167/206
f 217/237/288 218/238/289 169/171/210 168/168/207
f 218/238/289 219/239/290 170/173/212 169/171/210
f 219/239/290 215/235/286 171/175/214 170/173/212
f 220/240/291 214/234/285 222/233/284 225/241/292
f 219/239/290 230/242/293 227/243/294 215/235/286
f 215/235/286 227/243/294 211/219/270 210/218/269
f 218/238/289 231/244/295 230/242/293 219/239/290
f 226/245/296 231/244/295 218/238/289 217/237/288
f 221/246/297 220/240/291 225/241/292 226/245/296
f 216/236/287 221/246/297 226/245/296 217/237/288
f 222/233/284 213/232/283 229/247/298 225/241/292
f 212/220/271 228/248/299 229/247/298 213/232/283
f 227/243/294 228/248/299 212/220/271 211/219/270
f 225/241/292 229/247/298 231/244/295 226/245/296
f 230/242/293 228/248/299 227/243/294
f 231/244/295 229/247/298 228/248/299 230/242/293
f 203/217/268 232/249/300 175/183/222 174/181/220
f 232/249/300 276/250/301 176/185/224 175/183/222
f 233/251/302 203/217/268 201/211/262 202/216/267
f 234/252/303 232/249/300 203/217/268 233/251/302
f 279/253/304 276/250/301 232/249/300 234/252/303
f 236/254/305 221/246/306 216/236/307 235/255/307
f 237/256/308 220/240/309 221/246/306 236/254/305
f 238/257/310 214/234/311 220/240/309 237/256/308
f 239/258/312 208/229/313 214/234/311 238/257/310
f 404/230/314 208/229/313 239/258/312 405/259/315
f 202/216/267 245/223/274 246/260/316 233/251/302
f 233/251/302 246/260/316 247/261/317 234/252/303
f 242/262/318 248/263/319 245/223/274 241/222/273
f 243/264/320 249/265/321 248/263/319 242/262/318
f 244/266/322 250/267/323 249/265/321 243/264/320
f 279/253/304 234/252/303 247/261/317 287/268/324
f 245/223/274 248/263/319 258/269/325 246/260/316
f 246/260/316 258/269/325 259/270/326 247/261/317
f 259/270/326 291/271/327 287/268/324 247/261/317
f 244/266/322 251/272/328 252/273/329 250/267/323
f 253/274/330 255/275/331 252/273/329 251/272/328
f 254/276/332 256/277/333 255/275/331 253/274/330
f 257/278/334 258/269/325 248/263/319 249/265/321
f 250/267/323 273/279/335 274/280/336 249/265/321
f 257/278/334 260/281/337 259/270/326 258/269/325
f 257/278/334 299/282/338 300/283/339 260/281/337
f 260/281/337 295/284/340 291/271/327 259/270/326
f 260/281/337 300/283/339 301/285/341 295/284/340
f 275/286/342 273/279/335 250/267/323 252/273/329
f 255/275/331 261/287/343 275/286/342 252/273/329
f 256/277/333 262/288/344 261/287/343 255/275/331
f 262/288/344 264/289/345 263/290/346 261/287/343
f 264/289/345 266/291/347 265/292/348 263/290/346
f 266/291/347 402/293/349 401/294/350 265/292/348
f 268/295/351 429/296/352 428/297/353 267/298/354
f 273/279/335 313/299/355 305/300/356 274/280/336
f 275/286/342 327/301/357 313/299/355 273/279/335
f 263/290/346 327/301/357 275/286/342 261/287/343
f 179/191/230 277/302/358 180/193/232
f 178/189/228 286/303/359 278/304/360 179/191/230
f 281/305/361 283/306/362 282/307/363 280/308/364
f 284/309/365 286/303/359 178/189/228 177/187/226
f 276/250/301 284/309/365 177/187/226 176/185/224
f 282/307/363 286/303/359 284/309/365
f 285/310/366 280/308/364 282/307/363 284/309/365
f 279/253/304 285/310/366 284/309/365 276/250/301
f 279/253/304 287/268/324 288/311/367 285/310/366
f 282/307/363 283/306/362 278/304/360 286/303/359
f 288/311/367 289/312/368 280/308/364 285/310/366
f 290/313/369 281/305/361 280/308/364 289/312/368
f 287/268/324 291/271/327 292/314/370 288/311/367
f 288/311/367 292/314/370 293/315/371 289/312/368
f 289/312/368 293/315/371 294/316/372 290/313/369
f 291/271/327 295/284/340 296/317/373 292/314/370
f 296/317/373 297/318/374 293/315/371 292/314/370
f 293/315/371 297/318/374 298/319/375 294/316/372
f 295/284/340 301/285/341 302/320/376 296/317/373
f 296/317/373 302/320/376 303/321/377 297/318/374
f 297/318/374 303/321/377 304/322/378 298/319/375
f 257/278/334 249/265/321 274/280/336 299/282/338
f 299/282/338 306/323/379 321/324/380 300/283/339
f 300/283/339 321/324/380 322/325/381 301/285/341
f 301/285/341 322/325/381 323/326/382 302/320/376
f 302/320/376 323/326/382 316/327/383 303/321/377
f 303/321/377 316/327/383 315/328/384 304/322/378
f 299/282/338 274/280/336 305/300/356 306/323/379
f 397/329/385 326/330/386 325/331/387 398/332/388
f 310/333/389 308/334/390 307/335/391 309/336/392
f 309/336/392 311/337/393 312/338/394 310/333/389
f 309/336/392 271/339/395 272/340/396 311/337/393
f 313/299/355 324/341/397 325/331/387 305/300/356
f 324/341/397 399/342/398 398/332/388 325/331/387
f 313/299/355 327/301/357 328/343/399 324/341/397
f 328/343/399 400/344/400 399/342/398 324/341/397
f 314/345/401 271/339/395 309/336/392 307/335/391
f 314/345/401 329/346/402 269/347/403 271/339/395
f 316/327/383 331/348/404 330/349/405 424/350/406
f 318/351/407 320/352/408 319/353/409 317/354/410
f 320/352/408 310/333/389 312/338/394 319/353/409
f 326/330/386 306/323/379 305/300/356 325/331/387
f 401/294/350 400/344/400 328/343/399 265/292/348
f 265/292/348 328/343/399 327/301/357 263/290/346
f 269/347/403 329/346/402 267/298/354 428/297/353
f 326/330/386 332/355/411 321/324/380 306/323/379
f 321/324/380 332/355/411 333/356/412 322/325/381
f 322/325/381 333/356/412 334/357/413 323/326/382
f 323/326/382 334/357/413 331/348/404 316/327/383
f 394/358/414 393/359/415 331/348/404 334/357/413
f 395/360/416 394/358/414 334/357/413 333/356/412
f 332/355/411 396/361/417 395/360/416 333/356/412
f 397/329/385 396/361/417 332/355/411 326/330/386
f 320/352/408 335/362/418 308/334/390 310/333/389
f 318/351/407 336/363/419 335/362/418 320/352/408
f 209/364/420 337/365/421 338/366/422 224/228/279
f 224/228/279 338/366/422 339/367/423 207/225/276
f 207/225/276 339/367/423 340/368/424 205/226/277
f 341/369/425 204/213/264 205/226/277 340/368/424
f 407/370/426 342/371/427 199/215/266 408/231/282
f 342/371/427 343/372/428 241/222/273 199/215/266
f 343/372/428 344/373/429 242/262/318 241/222/273
f 344/373/429 345/374/430 243/264/320 242/262/318
f 346/375/431 244/266/322 243/264/320 345/374/430
f 346/375/431 347/376/432 251/272/328 244/266/322
f 347/376/432 348/377/433 253/274/330 251/272/328
f 349/378/434 254/276/332 253/274/330 348/377/433
f 351/379/435 345/374/430 344/373/429 350/380/436
f 352/381/437 346/375/431 345/374/430 351/379/435
f 353/382/438 347/376/432 346/375/431 352/381/437
f 354/383/439 348/377/433 347/376/432 353/382/438
f 349/378/434 348/377/433 354/383/439 355/384/440
f 350/380/436 344/373/429 343/372/428 356/385/441
f 356/385/441 343/372/428 342/371/427 357/386/442
f 357/386/442 342/371/427 407/370/426 406/387/443
f 358/388/444 235/255/445 216/236/445 167/167/446
f 358/388/444 167/167/446 152/170/447
f 166/165/448 358/388/444 152/170/447 423/166/449
f 361/389/450 339/367/423 338/366/422 360/390/451
f 363/391/452 340/368/424 339/367/423 361/389/452
f 362/392/453 341/369/425 340/368/424 363/391/453
f 359/393/454 337/365/454 209/364/454 240/394/454
f 366/395/455 256/277/456 254/276/457 364/396/458
f 365/397/459 364/396/458 254/276/457 349/378/460
f 349/378/460 355/384/461 365/397/459
f 367/398/462 262/288/463 256/277/456 366/395/455
f 368/399/464 264/289/465 262/288/463 367/398/462
f 369/400/466 266/291/467 264/289/465 368/399/464
f 403/401/468 402/293/469 266/291/467 369/400/466
f 429/296/470 268/295/471 370/402/472 430/403/473
f 431/404/474 270/405/475 371/406/476 432/407/477
f 373/408/478 311/337/479 272/340/480 372/409/481
f 374/410/482 312/338/483 311/337/479 373/408/478
f 375/411/484 319/353/485 312/338/483 374/410/482
f 376/412/486 317/354/487 319/353/485 375/411/484
f 330/349/488 427/413/489 426/414/490 377/415/491
f 424/350/492 330/349/488 377/415/491 425/416/493
f 379/417/494 304/322/495 315/328/496 378/418/497
f 380/419/498 298/319/499 304/322/495 379/417/494
f 381/420/500 294/316/501 298/319/499 380/419/498
f 382/421/502 290/313/503 294/316/501 381/420/500
f 383/422/504 281/305/505 290/313/503 382/421/502
f 384/423/506 283/306/507 281/305/505 383/422/504
f 385/424/508 278/304/509 283/306/507 384/423/506
f 386/425/510 277/302/511 278/304/509 385/424/508
f 387/426/512 180/193/513 277/302/511 386/425/510
f 359/393/514 360/390/451 338/366/422 337/365/421
f 388/427/515 182/195/515 164/140/515
f 388/427/516 164/140/516 410/139/516 409/428/516
f 180/193/513 387/426/512 389/429/517 139/194/518
f 194/208/519 390/430/519 166/165/519
f 390/430/520 358/388/444 166/165/448
f 179/191/230 278/304/360 277/302/358
f 391/431/521 392/432/522 317/354/487 376/412/486
f 393/359/415 318/351/407 317/354/410 392/432/523
f 394/358/414 336/363/419 318/351/407 393/359/415
f 395/360/416 335/362/418 336/363/419 394/358/414
f 396/361/417 335/362/418 395/360/416
f 308/334/390 335/362/418 396/361/417 397/329/385
f 308/334/390 397/329/385 398/332/388 307/335/391
f 399/342/398 314/345/401 307/335/391 398/332/388
f 400/344/400 329/346/402 314/345/401 399/342/398
f 267/298/354 329/346/402 400/344/400 401/294/350
f 402/293/349 268/295/351 267/298/354 401/294/350
f 370/402/472 268/295/471 402/293/469 403/401/468
f 404/230/281 209/364/420 224/228/279 223/227/278
f 240/394/524 209/364/524 404/230/314 405/259/315
f 195/209/260 196/212/263 198/214/265 201/211/262
f 406/387/443 407/370/426 341/369/425 362/392/525
f 341/369/425 407/370/426 408/231/282 204/213/264
f 198/214/265 204/213/264 408/231/282
f 196/212/263 197/221/272 205/226/277 204/213/264
f 410/139/526 139/194/518 389/429/517 409/428/526
f 139/194/233 410/139/527 411/142/528 140/192/231
f 141/190/229 140/192/231 411/142/528 412/163/529
f 142/188/227 141/190/229 412/163/529 413/161/530
f 143/186/225 142/188/227 413/161/530 414/159/531
f 144/184/223 143/186/225 414/159/531 415/157/532
f 145/182/221 144/184/223 415/157/532 416/155/533
f 146/180/219 145/182/221 416/155/533 417/143/534
f 147/178/217 146/180/219 417/143/534 418/146/535
f 148/176/215 147/178/217 418/146/535 419/148/536
f 149/174/213 148/176/215 419/148/536 420/150/537
f 150/172/211 149/174/213 420/150/537 421/152/538
f 151/169/208 150/172/211 421/152/538 422/154/539
f 152/170/209 151/169/208 422/154/539 423/166/540
f 316/327/383 424/350/406 315/328/384
f 378/418/497 315/328/496 424/350/492 425/416/493
f 427/413/489 392/432/522 391/431/521 426/414/490
f 427/413/541 330/349/405 331/348/404 393/359/415
f 392/432/523 427/413/541 393/359/415
f 429/296/352 270/405/542 269/347/403 428/297/353
f 371/406/476 270/405/475 429/296/470 430/403/473
f 372/409/481 272/340/480 431/404/474 432/407/477
f 271/339/395 431/404/543 272/340/396
f 270/405/542 431/404/543 271/339/395 269/347/403
f 436/433/544 435/434/545 434/435/546
f 434/435/546 433/436/547 439/437/548 437/438/549
f 436/433/544 441/439/550 440/440/551 435/434/545
f 441/439/550 443/441/552 442/442/553 440/440/551
f 443/441/552 445/443/554 444/444/555 442/442/553
f 445/443/554 447/445/556 446/446/557 444/444/555
f 447/445/556 449/447/558 448/448/559 446/446/557
f 450/449/560 451/450/561 449/447/558 447/445/556
f 452/451/562 502/452/563 447/445/556
f 449/447/558 466/453/564 465/454/565 448/448/559
f 451/450/561 467/455/566 466/453/564 449/447/558
f 439/437/548 459/456/567 458/457/568 437/438/549
f 460/458/569 462/459/570 461/460/571 457/461/572
f 462/459/570 485/462/573 484/463/574 461/460/571
f 464/464/575 455/465/576 463/466/577
f 468/467/578 497/468/579 457/461/572
f 466/453/564 482/469/580 481/470/581 465/454/565
f 467/455/566 519/471/582 482/469/580 466/453/564
f 998/472/583 519/471/582 467/455/566 999/473/584
f 459/456/567 469/474/585 473/475/586 458/457/568
f 458/457/568 473/475/586 474/476/587 460/458/569
f 470/477/588 475/478/589 473/475/586 469/474/585
f 471/479/590 476/480/591 475/478/589 470/477/588
f 477/481/592 476/480/591 471/479/590 472/482/593
f 472/482/593 486/483/594 949/484/595 477/481/592
f 478/485/596 499/486/597 436/433/544
f 479/487/598 474/476/587 473/475/586 475/478/589
f 476/480/591 480/488/599 479/487/598 475/478/589
f 477/481/592 503/489/600 480/488/599 476/480/591
f 485/462/573 464/464/575 463/466/577 484/463/574
f 488/490/601 495/491/602 494/492/603 487/493/604
f 496/494/605 495/491/602 488/490/601 489/495/606
f 457/461/572 461/460/571 500/496/607
f 453/497/608 450/449/560 501/498/609
f 478/485/596 436/433/544 498/499/610
f 499/486/597 441/439/550 436/433/544
f 468/467/578 457/461/572 500/496/607
f 456/500/611 453/497/608 501/498/609
f 502/452/563 450/449/560 447/445/556
f 477/481/592 949/484/595 504/501/612 503/489/600
f 506/502/613 508/503/614 507/504/615 505/505/616
f 509/506/617 508/503/614 506/502/613 494/492/603
f 495/491/602 510/507/618 509/506/617 494/492/603
f 511/508/619 483/509/620 474/476/587 479/487/598
f 480/488/599 512/510/621 511/508/619 479/487/598
f 503/489/600 513/511/622 512/510/621 480/488/599
f 514/512/623 513/511/622 503/489/600 504/501/612
f 515/513/624 514/512/623 504/501/612 505/505/616
f 516/514/625 515/513/624 505/505/616 507/504/615
f 482/469/580 518/515/626 517/516/627 481/470/581
f 519/471/582 520/517/628 518/515/626 482/469/580
f 520/517/628 523/518/629 522/519/630 518/515/626
f 997/520/631 520/517/628 519/471/582 998/472/583
f 518/515/626 522/519/630 521/521/632 517/516/627
f 522/519/630 686/522/633 685/523/634 521/521/632
f 524/524/635 686/522/633 523/518/629
f 700/525/636 524/524/635 525/526/637 702/527/638
f 702/527/638 525/526/637 526/528/639 704/529/640
f 527/530/641 524/524/635 523/518/629 520/517/628
f 527/530/641 528/531/642 525/526/637 524/524/635
f 528/531/642 728/532/643 526/528/639 525/526/637
f 994/533/644 728/532/643 528/531/642 995/534/645
f 530/535/646 725/536/647 727/537/648 529/538/649
f 649/539/650 725/536/647 530/535/646 531/540/651
f 927/541/652 635/542/653 533/543/654 534/544/655
f 996/545/656 527/530/641 520/517/628 997/520/631
f 995/534/645 528/531/642 527/530/641 996/545/656
f 536/546/657 531/540/651 530/535/646 535/547/658
f 530/535/646 529/538/649 537/548/659 535/547/658
f 539/549/660 536/546/657 535/547/658 538/550/661
f 540/551/662 538/550/661 535/547/658 537/548/659
f 542/552/663 539/549/660 538/550/661 541/553/664
f 538/550/661 540/551/662 543/554/665 541/553/664
f 545/555/666 542/552/663 541/553/664 544/556/667
f 547/557/668 577/558/669 576/559/670 546/560/671
f 546/560/671 548/561/672 549/562/673 547/557/668
f 551/563/674 549/562/673 548/561/672 550/564/675
f 553/565/676 551/563/674 550/564/675 552/566/677
f 552/566/677 554/567/678 555/568/679 553/565/676
f 556/569/680 553/565/676 555/568/679 557/570/681
f 558/571/682 551/563/674 553/565/676 556/569/680
f 559/572/683 549/562/673 551/563/674 558/571/682
f 560/573/684 547/557/668 549/562/673 559/572/683
f 577/558/669 547/557/668 560/573/684 578/574/685
f 562/575/686 542/552/663 545/555/666 561/576/687
f 562/575/686 563/577/688 539/549/660 542/552/663
f 564/578/689 536/546/657 539/549/660 563/577/688
f 564/578/689 532/579/690 531/540/651 536/546/657
f 543/554/665 566/580/691 544/556/667 541/553/664
f 544/556/667 566/580/691 567/581/692 579/582/693
f 579/582/693 567/581/692 568/583/694 576/559/670
f 548/561/672 572/584/695 573/585/696 550/564/675
f 550/564/675 573/585/696 575/586/697 552/566/677
f 552/566/677 575/586/697 574/587/698 554/567/678
f 513/511/622 575/586/697 573/585/696 512/510/621
f 512/510/621 573/585/696 572/584/695 511/508/619
f 511/508/619 572/584/695 571/588/699 483/509/620
f 483/509/620 571/588/699 570/589/700 462/459/570
f 462/459/570 570/589/700 569/590/701 485/462/573
f 464/464/575 568/583/694 567/581/692 454/591/702
f 513/511/622 514/512/623 574/587/698 575/586/697
f 577/558/669 580/592/703 579/582/693 576/559/670
f 580/592/703 577/558/669 578/574/685 581/593/704
f 580/592/703 545/555/666 544/556/667 579/582/693
f 545/555/666 580/592/703 581/593/704 561/576/687
f 557/570/681 583/594/705 582/595/706 556/569/680
f 582/595/706 584/596/707 558/571/682 556/569/680
f 584/596/707 585/597/708 559/572/683 558/571/682
f 585/597/708 560/573/684 559/572/683
f 585/597/708 586/598/709 578/574/685 560/573/684
f 586/598/709 587/599/710 581/593/704 578/574/685
f 587/599/710 588/600/711 561/576/687 581/593/704
f 588/600/711 589/601/712 562/575/686 561/576/687
f 589/601/712 628/602/713 563/577/688 562/575/686
f 515/513/624 590/603/714 574/587/698 514/512/623
f 591/604/715 590/603/714 515/513/624 516/514/625
f 590/603/714 597/605/716 554/567/678 574/587/698
f 598/606/717 597/605/716 590/603/714 591/604/715
f 990/607/718 554/567/678 597/605/716 991/608/719
f 594/609/720 557/570/681 555/568/679
f 594/609/720 555/568/679 554/567/678 990/607/718
f 594/609/720 583/594/705 557/570/681
f 991/608/719 597/605/716 598/606/717 992/610/721
f 489/495/606 600/611/722 599/612/723 496/494/605
f 601/613/724 510/507/618 495/491/602 496/494/605
f 602/614/725 601/613/724 496/494/605 599/612/723
f 600/611/722 604/615/726 603/616/727 599/612/723
f 604/615/726 606/617/728 605/618/729 603/616/727
f 606/617/728 593/619/730 592/620/731 605/618/729
f 603/616/727 607/621/732 602/614/725 599/612/723
f 608/622/733 607/621/732 603/616/727 605/618/729
f 609/623/734 608/622/733 605/618/729 592/620/731
f 600/611/722 489/495/606 490/624/735
f 491/625/736 614/626/737 600/611/722 490/624/735
f 600/611/722 614/626/737 613/627/738 604/615/726
f 606/617/728 610/628/739 595/629/740 593/619/730
f 610/628/739 596/630/741 595/629/740
f 611/631/742 612/632/743 596/630/741 610/628/739
f 615/633/744 617/634/745 613/627/738 614/626/737
f 617/634/745 619/635/746 611/631/742 613/627/738
f 619/635/746 621/636/747 612/632/743 611/631/742
f 614/626/737 491/625/736 492/637/748 615/633/744
f 616/638/749 615/633/744 492/637/748 493/639/750
f 616/638/749 618/640/751 617/634/745 615/633/744
f 618/640/751 620/641/752 619/635/746 617/634/745
f 620/641/752 622/642/753 621/636/747 619/635/746
f 616/638/749 493/639/750 623/643/754 624/644/755
f 624/644/755 625/645/756 618/640/751 616/638/749
f 625/645/756 626/646/757 620/641/752 618/640/751
f 626/646/757 627/647/758 622/642/753 620/641/752
f 612/632/743 940/648/759 939/649/760 596/630/741
f 583/594/705 942/650/761 941/651/761 582/595/706
f 582/595/706 941/651/762 944/652/763 584/596/707
f 584/596/707 944/652/763 943/653/764 585/597/708
f 585/597/708 943/653/765 946/654/766 586/598/709
f 586/598/709 946/654/766 947/655/767 587/599/710
f 587/599/710 947/655/767 945/656/768 588/600/711
f 588/600/711 945/656/768 948/657/769 589/601/712
f 589/601/712 948/657/769 631/658/770 628/602/713
f 563/577/688 628/602/713 629/659/771 564/578/689
f 629/659/771 533/543/654 532/579/690 564/578/689
f 533/543/654 635/542/653 636/660/772 532/579/690
f 628/602/713 631/658/770 630/661/773 629/659/771
f 629/659/771 630/661/773 534/544/655 533/543/654
f 621/636/747 936/662/774 940/648/774 612/632/743
f 622/642/753 937/663/775 936/662/775 621/636/747
f 627/647/758 938/664/776 937/663/776 622/642/753
f 632/665/777 935/666/778 938/664/778 627/647/758
f 633/667/779 934/668/780 935/666/780 632/665/777
f 634/669/781 933/670/782 934/668/782 633/667/779
f 626/646/757 654/671/783 632/665/777 627/647/758
f 632/665/777 654/671/783 655/672/784 633/667/779
f 633/667/779 655/672/784 656/673/785 634/669/781
f 635/542/653 637/674/786 638/675/787 636/660/772
f 637/674/786 639/676/788 640/677/789 638/675/787
f 641/678/790 642/679/791 640/677/789 639/676/788
f 643/680/792 644/681/793 642/679/791 641/678/790
f 634/669/781 656/673/785 657/682/794 645/683/795
f 646/684/796 642/679/791 644/681/793
f 647/685/797 640/677/789 642/679/791 646/684/796
f 647/685/797 648/686/798 638/675/787 640/677/789
f 648/686/798 649/539/650 636/660/772 638/675/787
f 649/539/650 531/540/651 532/579/690 636/660/772
f 645/683/795 932/687/799 933/670/799 634/669/781
f 643/680/792 931/688/800 932/687/800 645/683/795
f 641/678/790 930/689/801 931/688/802 643/680/792
f 639/676/788 929/690/803 930/689/801 641/678/790
f 929/690/803 639/676/788 637/674/786 928/691/804
f 928/691/804 637/674/786 635/542/653 927/541/805
f 644/681/793 651/692/806 650/693/807
f 651/692/806 653/694/808 652/695/809 650/693/807
f 652/695/809 663/696/810 718/697/811 650/693/807
f 719/698/812 718/697/811 663/696/810 664/699/813
f 665/700/814 681/701/815 719/698/812 664/699/813
f 666/702/816 682/703/817 681/701/815 665/700/814
f 666/702/816 668/704/818 667/705/819 682/703/817
f 668/704/818 662/706/820 661/707/821 667/705/819
f 658/708/822 653/694/808 651/692/806 669/709/823
f 657/682/794 669/709/823 651/692/806 644/681/793
f 659/710/824 658/708/822 669/709/823 670/711/825
f 656/673/785 670/711/825 669/709/823 657/682/794
f 660/712/826 659/710/824 670/711/825 673/713/827
f 625/645/756 671/714/828 654/671/783 626/646/757
f 654/671/783 671/714/828 672/715/829 655/672/784
f 624/644/755 674/716/830 671/714/828 625/645/756
f 671/714/828 674/716/830 675/717/831 672/715/829
f 675/717/831 676/718/832 673/713/827 672/715/829
f 623/643/754 677/719/833 674/716/830 624/644/755
f 677/719/833 678/720/834 675/717/831 674/716/830
f 678/720/834 679/721/835 676/718/832 675/717/831
f 680/722/836 667/705/819 661/707/821
f 684/723/837 720/724/838 719/698/812 683/725/839
f 684/723/837 742/726/840 751/727/841 720/724/838
f 686/522/633 688/728/842 687/729/843 685/523/634
f 688/728/842 690/730/844 689/731/845 687/729/843
f 690/730/844 695/732/846 694/733/847 689/731/845
f 695/732/846 697/734/848 696/735/849 694/733/847
f 699/736/850 698/737/851 697/734/848 695/732/846
f 700/525/636 701/738/852 690/730/844 688/728/842
f 703/739/853 701/738/852 700/525/636 702/527/638
f 699/736/850 760/740/854 752/741/855 698/737/851
f 701/738/852 767/742/856 760/740/854 699/736/850
f 766/743/857 767/742/856 701/738/852 703/739/853
f 707/744/858 703/739/853 702/527/638 704/529/640
f 705/745/859 708/746/860 707/744/858 704/529/640
f 706/747/861 709/748/862 708/746/860 705/745/859
f 761/749/863 766/743/857 703/739/853 707/744/858
f 708/746/860 763/750/864 761/749/863 707/744/858
f 709/748/862 764/751/865 763/750/864 708/746/860
f 710/752/866 711/753/867 709/748/862 706/747/861
f 711/753/867 762/754/868 764/751/865 709/748/862
f 712/755/869 713/756/870 711/753/867 710/752/866
f 713/756/870 765/757/871 762/754/868 711/753/867
f 714/758/872 755/759/873 765/757/871 713/756/870
f 712/755/869 715/760/874 714/758/872 713/756/870
f 739/761/875 715/760/874 712/755/869 736/762/876
f 716/763/877 724/764/878 648/686/798 647/685/797
f 717/765/879 716/763/877 647/685/797 646/684/796
f 650/693/807 717/765/879 646/684/796 644/681/793
f 650/693/807 718/697/811 717/765/879
f 717/765/879 722/766/880 723/767/881 716/763/877
f 723/767/881 726/768/882 724/764/878 716/763/877
f 720/724/838 721/769/883 718/697/811 719/698/812
f 751/727/841 721/769/883 720/724/838
f 724/764/878 725/536/647 649/539/650 648/686/798
f 726/768/882 727/537/648 725/536/647 724/764/878
f 993/770/884 691/771/885 728/532/643 994/533/644
f 729/772/886 705/745/859 704/529/640 526/528/639
f 728/532/643 691/771/885 692/773/887 730/774/888
f 731/775/889 706/747/861 705/745/859 729/772/886
f 730/774/888 732/776/890 731/775/889 729/772/886
f 693/777/891 732/776/890 730/774/888 692/773/887
f 734/778/892 710/752/866 706/747/861 731/775/889
f 732/776/890 735/779/893 734/778/892 731/775/889
f 733/780/894 735/779/893 732/776/890 693/777/891
f 736/762/876 712/755/869 710/752/866 734/778/892
f 735/779/893 738/781/895 736/762/876 734/778/892
f 737/782/896 738/781/895 735/779/893 733/780/894
f 738/781/895 740/783/897 739/761/875 736/762/876
f 737/782/896 741/784/898 740/783/897 738/781/895
f 748/785/899 750/786/900 749/787/901 747/788/902
f 755/759/873 756/789/903 772/790/904 765/757/871
f 756/789/903 1035/791/905 772/790/904
f 759/792/906 781/793/907 776/794/908 758/795/909
f 780/796/910 782/797/911 781/793/907 759/792/906
f 760/740/854 768/798/912 753/799/913 752/741/855
f 769/800/914 775/801/915 767/742/856 766/743/857
f 765/757/871 772/790/904 773/802/916 762/754/868
f 762/754/868 773/802/916 771/803/917 764/751/865
f 763/750/864 770/804/918 774/805/919 761/749/863
f 764/751/865 771/803/917 770/804/918 763/750/864
f 774/805/919 769/800/914 766/743/857 761/749/863
f 767/742/856 775/801/915 768/798/912 760/740/854
f 768/798/912 792/806/920 754/807/921 753/799/913
f 772/790/904 778/808/922 779/809/923 773/802/916
f 773/802/916 779/809/923 800/810/924 771/803/917
f 771/803/917 800/810/924 801/811/925 770/804/918
f 770/804/918 801/811/925 796/812/926 774/805/919
f 798/813/927 793/814/928 775/801/915 769/800/914
f 796/812/926 798/813/927 769/800/914 774/805/919
f 775/801/915 793/814/928 792/806/920 768/798/912
f 1026/815/929 779/809/923 778/808/922 1027/816/930
f 1026/815/929 1017/817/931 800/810/924 779/809/923
f 781/793/907 797/818/932 777/819/933 776/794/908
f 783/820/934 797/818/932 781/793/907 782/797/911
f 988/821/935 797/818/932 783/820/934 989/822/936
f 789/823/937 794/824/938 784/825/939 785/826/940
f 1031/827/941 790/828/942 791/829/943 789/823/937
f 1021/830/944 791/829/943 790/828/942 1022/831/945
f 789/823/937 799/832/946 795/833/947 794/824/938
f 795/833/947 799/832/946 1020/834/948 1019/835/949
f 1020/834/948 799/832/946 791/829/943 1021/830/944
f 791/829/943 799/832/946 789/823/937
f 777/819/933 802/836/950 1018/837/951 1017/817/931
f 1018/837/951 802/836/950 795/833/947 1019/835/949
f 802/836/950 777/819/933 797/818/932 988/821/935
f 803/838/952 804/839/953 750/786/954 748/785/955
f 806/840/956 804/839/957 803/838/958 805/841/958
f 808/842/959 807/843/960 740/783/961 741/784/962
f 804/839/953 1014/844/963 1013/845/964 750/786/954
f 809/846/965 810/847/966 715/760/967 739/761/968
f 807/843/960 809/846/965 739/761/968 740/783/961
f 810/847/966 811/848/969 714/758/970 715/760/967
f 811/848/969 813/849/971 755/759/972 714/758/970
f 813/849/971 812/850/973 756/789/974 755/759/972
f 812/850/973 1036/851/975 1035/791/976 756/789/974
f 814/852/977 1039/853/978 1038/854/979 757/855/980
f 815/856/981 817/857/982 780/796/982 759/792/983
f 816/858/984 815/856/981 759/792/983 758/795/985
f 818/859/986 817/857/986 815/856/987 819/860/988
f 817/857/989 821/861/990 782/797/991 780/796/992
f 822/862/993 783/820/993 782/797/991 821/861/990
f 824/863/994 785/826/995 784/825/996 823/864/996
f 825/865/997 786/866/998 785/826/995 824/863/994
f 825/865/997 826/867/999 787/868/1000 786/866/998
f 821/861/990 817/857/989 820/869/1001
f 827/870/1002 826/867/999 825/865/997
f 826/867/999 1045/871/1003 1044/872/1004 787/868/1000
f 1045/871/1005 826/867/1006 828/873/1006 1046/874/1007
f 1048/875/1008 1024/876/1009 1023/877/1010 1049/878/1011
f 830/879/1012 831/880/1013 753/799/1014 754/807/1015
f 831/880/1013 832/881/1016 752/741/1016 753/799/1014
f 832/881/1016 835/882/1017 698/737/1018 752/741/1016
f 697/734/1019 834/883/1020 833/884/1021 696/735/1021
f 698/737/1018 835/882/1017 834/883/1020 697/734/1019
f 440/440/1022 837/885/1023 836/886/1024 435/434/1025
f 840/887/1026 844/888/1027 481/470/1028 517/516/1029
f 840/887/1026 842/889/1030 843/890/1031 841/891/1031
f 844/888/1027 839/892/1032 465/454/1033 481/470/1028
f 845/893/1034 844/888/1027 840/887/1026 841/891/1035
f 846/894/1036 839/892/1032 844/888/1027 845/893/1034
f 839/892/1032 847/895/1037 448/448/1038 465/454/1033
f 848/896/1039 847/895/1037 839/892/1032 846/894/1036
f 847/895/1037 838/897/1040 446/446/1041 448/448/1038
f 859/898/1042 838/897/1040 847/895/1037 848/896/1039
f 849/899/1043 444/444/1044 446/446/1041 838/897/1040
f 850/900/1045 442/442/1046 444/444/1044 849/899/1043
f 837/885/1023 440/440/1022 442/442/1046 850/900/1045
f 851/901/1047 434/435/1048 435/434/1025 836/886/1024
f 852/902/1049 433/436/1050 434/435/1048 851/901/1047
f 854/903/1051 853/904/1052 852/902/1049 851/901/1047
f 850/900/1045 856/905/1053 855/906/1054 837/885/1023
f 837/885/1023 855/906/1054 857/907/1055 836/886/1024
f 836/886/1024 857/907/1055 854/903/1051 851/901/1047
f 858/908/1056 856/905/1053 850/900/1045 849/899/1043
f 859/898/1042 858/908/1056 849/899/1043 838/897/1040
f 861/909/1057 842/889/1030 840/887/1026 860/910/1058
f 685/523/634 983/911/1059 982/912/1060 521/521/632
f 860/910/1058 862/913/1061 863/914/1062 861/909/1057
f 687/729/1063 984/915/1064 983/911/1059 685/523/634
f 862/913/1061 864/916/1065 865/917/1066 863/914/1062
f 689/731/1067 985/918/1068 984/915/1064 687/729/1063
f 864/916/1065 866/919/1069 867/920/1070 865/917/1066
f 985/918/1068 689/731/1067 694/733/1071 986/921/1072
f 696/735/1073 987/922/1074 986/921/1072 694/733/1071
f 870/923/1075 867/920/1070 866/919/1069 868/924/1076
f 869/925/1077 871/926/1078 870/923/1075 868/924/1076
f 869/925/1077 873/927/1079 872/928/1080 871/926/1078
f 873/927/1079 869/925/1077 833/884/1081
f 874/929/1082 873/927/1079 833/884/1081 834/883/1083
f 875/930/1084 874/929/1082 834/883/1083 835/882/1085
f 832/881/1086 876/931/1087 875/930/1084 835/882/1085
f 831/880/1088 877/932/1089 876/931/1087 832/881/1086
f 830/879/1090 878/933/1091 877/932/1089 831/880/1088
f 1047/934/1092 1025/935/1093 1024/876/1094 1048/875/1095
f 819/860/988 815/856/987 816/858/1096 880/936/1097
f 1039/853/1098 814/852/1099 881/937/1100 1040/938/1101
f 1036/851/1102 812/850/1103 882/939/1104 1037/940/1105
f 882/939/1104 812/850/1103 813/849/1106 883/941/1107
f 883/941/1107 813/849/1106 811/848/969 884/942/1108
f 884/942/1108 811/848/969 810/847/966 885/943/1109
f 887/944/1110 809/846/965 807/843/960 886/945/1111
f 885/943/1109 810/847/966 809/846/965 887/944/1110
f 886/945/1111 807/843/960 808/842/959 888/946/1112
f 1014/844/1113 804/839/957 806/840/956 1015/947/1114
f 497/468/579 889/948/1115 457/461/572
f 889/948/1115 438/949/1116 457/461/572
f 436/433/544 890/950/1117 498/499/610
f 438/949/1116 890/950/1117 436/433/544
f 498/499/610 890/950/1117 892/951/1118 891/952/1119
f 438/949/1116 893/953/1120 892/951/1118 890/950/1117
f 889/948/1115 894/954/1121 893/953/1120 438/949/1116
f 894/954/1121 889/948/1115 497/468/579 895/955/1122
f 895/955/1122 497/468/579 468/467/578 896/956/1123
f 896/956/1123 468/467/578 500/496/607 897/957/1124
f 897/957/1124 500/496/607 461/460/571 898/958/1125
f 899/959/1126 478/485/596 498/499/610 891/952/1119
f 900/960/1127 499/486/597 478/485/596 899/959/1126
f 901/961/1128 441/439/550 499/486/597 900/960/1127
f 902/962/1129 443/441/552 441/439/550 901/961/1128
f 898/958/1125 461/460/571 484/463/574 903/963/1130
f 903/963/1130 484/463/574 463/466/577 904/964/1131
f 904/964/1131 463/466/577 455/465/576 905/965/1132
f 906/966/1133 445/443/554 443/441/552 902/962/1129
f 447/445/556 907/967/1134 452/451/562
f 445/443/554 907/967/1134 447/445/556
f 456/500/611 908/968/1135 453/497/608
f 908/968/1135 455/465/576 453/497/608
f 909/969/1136 907/967/1134 445/443/554 906/966/1133
f 910/970/1137 452/451/562 907/967/1134 909/969/1136
f 911/971/1138 502/452/563 452/451/562 910/970/1137
f 912/972/1139 450/449/560 502/452/563 911/971/1138
f 913/973/1140 501/498/609 450/449/560 912/972/1139
f 914/974/1141 456/500/611 501/498/609 913/973/1140
f 915/975/1142 908/968/1135 456/500/611 914/974/1141
f 905/965/1132 455/465/576 908/968/1135 915/975/1142
f 653/694/808 917/976/1143 916/977/1144 652/695/809
f 658/708/822 918/978/1145 917/976/1143 653/694/808
f 659/710/824 919/979/1146 918/978/1145 658/708/822
f 919/979/1146 659/710/824 660/712/826 920/980/1147
f 920/980/1147 660/712/826 662/706/820 921/981/1148
f 922/982/1149 663/696/810 652/695/809 916/977/1144
f 923/983/1150 664/699/813 663/696/810 922/982/1149
f 664/699/813 923/983/1150 924/984/1151 665/700/814
f 665/700/814 924/984/1151 925/985/1152 666/702/816
f 926/986/1153 668/704/818 666/702/816 925/985/1152
f 921/981/1148 662/706/820 668/704/818 926/986/1153
f 504/501/612 949/484/595 506/502/613 505/505/616
f 949/484/595 487/493/604 494/492/603 506/502/613
f 949/484/595 486/483/594 487/493/604
f 433/436/547 950/987/1154 951/988/1155 439/437/548
f 952/989/1156 459/456/567 439/437/548 951/988/1155
f 953/990/1157 469/474/585 459/456/567 952/989/1156
f 470/477/588 469/474/585 953/990/1157 954/991/1158
f 955/992/1159 471/479/590 470/477/588 954/991/1158
f 956/993/1160 472/482/593 471/479/590 955/992/1159
f 957/994/1161 486/483/1162 472/482/593 956/993/1160
f 487/493/604 486/483/1162 957/994/1161 958/995/1163
f 959/996/1164 488/490/601 487/493/604 958/995/1163
f 489/495/606 488/490/601 959/996/1164 960/997/1165
f 490/624/735 489/495/606 960/997/1165 961/998/1166
f 962/999/1167 491/625/736 490/624/735 961/998/1166
f 963/1000/1168 492/637/748 491/625/736 962/999/1167
f 964/1001/1169 493/639/750 492/637/748 963/1000/1168
f 965/1002/1170 623/643/754 493/639/750 964/1001/1169
f 966/1003/1171 677/719/833 623/643/754 965/1002/1170
f 967/1004/1172 678/720/834 677/719/833 966/1003/1171
f 968/1005/1173 679/721/835 678/720/834 967/1004/1172
f 970/1006/1174 667/705/819 680/722/836 969/1007/1175
f 971/1008/1176 682/703/817 667/705/819 970/1006/1174
f 682/703/817 971/1008/1176 972/1009/1177 681/701/815
f 973/1010/1178 683/725/839 681/701/815 972/1009/1177
f 974/1011/1179 684/723/837 683/725/839 973/1010/1178
f 975/1012/1180 742/726/840 684/723/837 974/1011/1179
f 743/1013/1181 742/726/840 975/1012/1180 976/1014/1182
f 977/1015/1183 744/1016/1184 743/1013/1181 976/1014/1182
f 978/1017/1185 745/1018/1186 744/1016/1184 977/1015/1183
f 979/1019/1187 746/1020/1188 745/1018/1186 978/1017/1185
f 747/788/902 746/1020/1188 979/1019/1187 980/1021/1189
f 748/785/899 747/788/902 980/1021/1189 981/1022/1190
f 803/838/1191 748/785/1192 981/1022/1193
f 950/987/1194 433/436/1050 852/902/1049
f 679/721/835 680/722/836 661/707/821 676/718/832
f 968/1005/1173 969/1007/1175 680/722/836 679/721/835
f 983/911/1059 862/913/1061 860/910/1058 982/912/1060
f 984/915/1064 864/916/1065 862/913/1061 983/911/1059
f 985/918/1068 866/919/1069 864/916/1065 984/915/1064
f 986/921/1072 868/924/1076 866/919/1069 985/918/1068
f 869/925/1077 868/924/1076 986/921/1072 987/922/1074
f 521/521/632 982/912/1060 517/516/1029
f 860/910/1058 840/887/1026 517/516/1029 982/912/1060
f 833/884/1195 987/922/1195 696/735/1195
f 833/884/1081 869/925/1077 987/922/1074
f 802/836/950 988/821/935 794/824/938 795/833/947
f 794/824/938 988/821/935 989/822/936 784/825/939
f 730/774/888 729/772/886 526/528/639 728/532/643
f 453/497/608 454/591/702 451/450/561 450/449/560
f 593/619/730 990/607/718 991/608/719 592/620/731
f 609/623/734 592/620/731 991/608/719 992/610/721
f 645/683/795 657/682/794 644/681/793 643/680/792
f 726/768/882 993/770/884 994/533/644 727/537/648
f 727/537/648 994/533/644 995/534/645 529/538/649
f 529/538/649 995/534/645 996/545/656 537/548/659
f 540/551/662 537/548/659 996/545/656 997/520/631
f 540/551/662 997/520/631 998/472/583 543/554/665
f 566/580/691 543/554/665 998/472/583 999/473/584
f 999/473/584 454/591/702 567/581/692 566/580/691
f 467/455/566 451/450/561 454/591/702 999/473/584
f 522/519/630 523/518/629 686/522/633
f 686/522/633 524/524/635 700/525/636 688/728/842
f 721/769/883 722/766/880 717/765/879 718/697/811
f 670/711/825 655/672/784 672/715/829 673/713/827
f 670/711/825 656/673/785 655/672/784
f 610/628/739 606/617/728 604/615/726 613/627/738
f 611/631/742 610/628/739 613/627/738
f 594/609/720 990/607/718 593/619/730 595/629/740
f 583/594/705 594/609/720 595/629/740 596/630/741
f 673/713/827 661/707/821 662/706/820 660/712/826
f 676/718/832 661/707/821 673/713/827
f 1000/1023/1196 828/873/1196 826/867/1196 827/870/1196
f 1001/1024/1197 820/869/1197 817/857/1197 818/859/1197
f 1002/1025/1198 823/864/1198 784/825/1198 989/822/1198
f 822/862/1199 1002/1025/1199 989/822/1199 783/820/1199
f 1003/1026/1200 722/766/880 721/769/883 751/727/841
f 1004/1027/1201 723/767/881 722/766/880 1003/1026/1200
f 993/770/884 726/768/882 723/767/881 1004/1027/1201
f 691/771/885 993/770/884 1004/1027/1201 1005/1028/1202
f 742/726/840 743/1013/1181 1006/1029/1203 751/727/841
f 751/727/841 1006/1029/1203 1005/1028/1202 1003/1026/1200
f 1003/1026/1200 1005/1028/1202 1004/1027/1201
f 1007/1030/1204 1006/1029/1203 743/1013/1181 744/1016/1184
f 1008/1031/1205 1005/1028/1202 1006/1029/1203 1007/1030/1204
f 692/773/887 691/771/885 1005/1028/1202 1008/1031/1205
f 1009/1032/1206 1007/1030/1204 744/1016/1184 745/1018/1186
f 1010/1033/1207 1008/1031/1205 1007/1030/1204 1009/1032/1206
f 693/777/891 692/773/887 1008/1031/1205 1010/1033/1207
f 749/787/901 750/786/1208 1013/845/1209 1012/1034/1210
f 1011/1035/1211 733/780/894 693/777/891 1010/1033/1207
f 1013/845/1209 741/784/898 737/782/896 1012/1034/1210
f 1014/844/963 808/842/959 741/784/962 1013/845/964
f 888/946/1112 808/842/959 1014/844/1113 1015/947/1114
f 1016/1036/1212 1009/1032/1206 745/1018/1186 746/1020/1188
f 749/787/901 1016/1036/1212 746/1020/1188 747/788/902
f 1012/1034/1210 737/782/896 733/780/894 1011/1035/1211
f 1011/1035/1211 1010/1033/1207 1009/1032/1206 1016/1036/1212
f 1012/1034/1210 1011/1035/1211 1016/1036/1212 749/787/901
f 485/462/573 569/590/701 568/583/694 464/464/575
f 462/459/570 460/458/569 474/476/587 483/509/620
f 583/594/705 596/630/741 939/649/760 942/650/1213
f 681/701/815 683/725/839 719/698/812
f 458/457/568 460/458/569 457/461/572
f 437/438/549 458/457/568 457/461/572 438/949/1116
f 436/433/544 434/435/546 437/438/549 438/949/1116
f 576/559/670 568/583/694 565/1037/1214 546/560/671
f 565/1037/1214 572/584/695 548/561/672 546/560/671
f 570/589/700 565/1037/1214 568/583/694 569/590/701
f 572/584/695 565/1037/1214 570/589/700 571/588/699
f 701/738/852 699/736/850 695/732/846 690/730/844
f 464/464/575 454/591/702 453/497/608 455/465/576
f 1017/817/931 1018/837/951 801/811/925 800/810/924
f 801/811/925 1018/837/951 1019/835/949 796/812/926
f 1020/834/948 798/813/927 796/812/926 1019/835/949
f 798/813/927 1020/834/948 1021/830/944 793/814/928
f 793/814/928 1021/830/944 1022/831/945 792/806/920
f 792/806/920 1022/831/945 1023/877/1215 754/807/921
f 1024/876/1009 830/879/1012 754/807/1015 1023/877/1010
f 1025/935/1093 878/933/1091 830/879/1090 1024/876/1094
f 777/819/933 1017/817/931 1026/815/929
f 777/819/933 1026/815/929 1027/816/930 776/794/908
f 776/794/908 1027/816/930 1028/1038/1216 758/795/909
f 1029/1039/1217 816/858/984 758/795/985 1028/1038/1218
f 880/936/1097 816/858/1096 1029/1039/1219 1030/1040/1220
f 1042/1041/1221 829/1042/1222 788/1043/1223 1043/1044/1224
f 879/1045/1225 829/1042/1226 1042/1041/1227 1041/1046/1228
f 786/866/1229 1031/827/941 789/823/937 785/826/940
f 1035/791/905 757/855/1230 778/808/922 772/790/904
f 1036/851/975 814/852/977 757/855/980 1035/791/976
f 881/937/1100 814/852/1099 1036/851/1102 1037/940/1105
f 1039/853/978 1029/1039/1217 1028/1038/1218 1038/854/979
f 1030/1040/1220 1029/1039/1219 1039/853/1098 1040/938/1101
f 1038/854/1231 1027/816/930 778/808/922 757/855/1230
f 1028/1038/1216 1027/816/930 1038/854/1231
f 1042/1041/1227 1033/1047/1232 1034/1048/1233 1041/1046/1228
f 1033/1047/1234 1042/1041/1221 1043/1044/1224 1032/1049/1235
f 1045/871/1003 1033/1047/1234 1032/1049/1235 1044/872/1004
f 1034/1048/1233 1033/1047/1232 1045/871/1005 1046/874/1007
f 829/1042/1226 879/1045/1225 1047/934/1092 1048/875/1095
f 829/1042/1222 1048/875/1008 1049/878/1011 788/1043/1223
f 786/866/1229 1044/872/1236 1032/1049/1237 1031/827/941
f 1044/872/1236 786/866/1229 787/868/1238
f 1043/1044/1239 790/828/942 1031/827/941 1032/1049/1237
f 790/828/942 1043/1044/1239 788/1043/1240
f 1022/831/945 790/828/942 788/1043/1240 1049/878/1241
f 1023/877/1215 1022/831/945 1049/878/1241
f 1154/1050/1242 1050/1051/1242 1051/1052/1243 1155/1053/1244
f 1051/1052/1243 1052/1054/1245 1156/1055/1245 1155/1053/1244
f 1053/1056/1246 1157/1057/1246 1156/1055/1245 1052/1054/1245
f 1054/1058/1247 1158/1059/1248 1157/1057/1246 1053/1056/1246
f 1055/1060/1249 1159/1061/1250 1158/1059/1248 1054/1058/1247
f 1056/1062/1251 1160/1063/1252 1159/1061/1250 1055/1060/1249
f 1064/1064/1253 1161/1065/1254 1160/1063/1252 1056/1062/1251
f 1058/1066/1255 1051/1052/1256 1050/1051/1257 1057/1067/1257
f 1059/1068/1258 1052/1054/1259 1051/1052/1256 1058/1066/1255
f 1060/1069/1260 1053/1056/1261 1052/1054/1259 1059/1068/1258
f 1061/1070/1262 1054/1058/1263 1053/1056/1261 1060/1069/1260
f 1062/1071/1264 1055/1060/1265 1054/1058/1263 1061/1070/1262
f 1063/1072/1266 1056/1062/1267 1055/1060/1265 1062/1071/1264
f 1114/1073/1268 1064/1064/1269 1056/1062/1267 1063/1072/1266
f 1065/1074/1270 1162/1075/1271 1161/1065/1254 1064/1064/1253
f 1066/1076/1272 1163/1077/1273 1162/1075/1271 1065/1074/1270
f 1067/1078/1274 1164/1079/1275 1163/1077/1273 1066/1076/1272
f 1068/1080/1276 1165/1081/1277 1164/1079/1275 1067/1078/1274
f 1069/1082/1278 1166/1083/1279 1165/1081/1277 1068/1080/1276
f 1070/1084/1280 1167/1085/1281 1166/1083/1279 1069/1082/1278
f 1071/1086/1282 1168/1087/1283 1167/1085/1281 1070/1084/1280
f 1074/1088/1284 1169/1089/1285 1168/1087/1283 1071/1086/1282
f 1074/1088/1284 1073/1090/1286 1170/1091/1287 1169/1089/1285
f 1073/1090/1286 1072/1092/1288 1171/1093/1289 1170/1091/1287
f 1072/1092/1288 1075/1094/1290 1172/1095/1291 1171/1093/1289
f 1076/1096/1292 1079/1097/1293 1174/1098/1294 1173/1099/1295
f 1079/1097/1293 1078/1100/1296 1175/1101/1297 1174/1098/1294
f 1078/1100/1296 1077/1102/1298 1176/1103/1299 1175/1101/1297
f 1077/1102/1298 1081/1104/1300 1177/1105/1301 1176/1103/1299
f 1081/1104/1300 1080/1106/1302 1178/1107/1303 1177/1105/1301
f 1080/1106/1302 1082/1108/1304 1179/1109/1305 1178/1107/1303
f 1115/1110/1306 1057/1067/1306 1153/1111/1306 1152/1112/1306
f 1083/1113/1307 1180/1114/1308 1179/1109/1305 1082/1108/1304
f 1084/1115/1309 1181/1116/1310 1180/1114/1308 1083/1113/1307
f 1085/1117/1311 1182/1118/1311 1181/1116/1310 1084/1115/1309
f 1086/1119/1312 1183/1120/1312 1182/1118/1311 1085/1117/1311
f 1087/1121/1313 1184/1122/1313 1183/1120/1312 1086/1119/1312
f 1088/1123/1314 1185/1124/1314 1184/1122/1313 1087/1121/1313
f 1185/1124/1315 1088/1123/1315 1089/1125/1316 1186/1126/1317
f 1186/1126/1317 1089/1125/1316 1090/1127/1318 1187/1128/1318
f 1091/1129/1319 1089/1125/1320 1088/1123/1320 1087/1121/1321
f 1086/1119/1322 1092/1130/1323 1091/1129/1319 1087/1121/1321
f 1085/1117/1324 1093/1131/1325 1092/1130/1323 1086/1119/1322
f 1084/1115/1326 1094/1132/1327 1093/1131/1325 1085/1117/1324
f 1083/1113/1328 1095/1133/1329 1094/1132/1327 1084/1115/1326
f 1082/1108/1330 1096/1134/1331 1095/1133/1329 1083/1113/1328
f 1080/1106/1332 1097/1135/1333 1096/1134/1331 1082/1108/1330
f 1081/1104/1334 1098/1136/1335 1097/1135/1333 1080/1106/1332
f 1077/1102/1336 1099/1137/1337 1098/1136/1335 1081/1104/1334
f 1100/1138/1338 1099/1137/1337 1077/1102/1336 1078/1100/1339
f 1079/1097/1340 1101/1139/1341 1100/1138/1338 1078/1100/1339
f 1076/1096/1342 1102/1140/1342 1101/1139/1341 1079/1097/1340
f 1103/1141/1343 1102/1140/1342 1076/1096/1342 1075/1094/1344
f 1072/1092/1345 1104/1142/1346 1103/1141/1343 1075/1094/1344
f 1073/1090/1347 1105/1143/1348 1104/1142/1346 1072/1092/1345
f 1074/1088/1349 1106/1144/1350 1105/1143/1348 1073/1090/1347
f 1071/1086/1351 1107/1145/1352 1106/1144/1350 1074/1088/1349
f 1070/1084/1353 1108/1146/1354 1107/1145/1352 1071/1086/1351
f 1069/1082/1355 1109/1147/1356 1108/1146/1354 1070/1084/1353
f 1068/1080/1357 1110/1148/1358 1109/1147/1356 1069/1082/1355
f 1111/1149/1359 1110/1148/1358 1068/1080/1357 1067/1078/1360
f 1112/1150/1361 1111/1149/1359 1067/1078/1360 1066/1076/1362
f 1065/1074/1363 1113/1151/1364 1112/1150/1361 1066/1076/1362
f 1114/1073/1268 1113/1151/1364 1065/1074/1363 1064/1064/1269
f 1153/1111/1365 1057/1067/1365 1050/1051/1365 1154/1050/1365
f 1075/1094/1290 1076/1096/1292 1173/1099/1295 1172/1095/1291
f 1153/1111/1366 1151/1152/1366 1150/1153/1366 1152/1112/1366
f 1151/1152/1367 1153/1111/1367 1154/1050/1367 1116/1154/1367
f 1116/1154/1368 1154/1050/1368 1155/1053/1369 1117/1155/1369
f 1156/1055/1370 1118/1156/1371 1117/1155/1369 1155/1053/1369
f 1157/1057/1372 1119/1157/1373 1118/1156/1371 1156/1055/1370
f 1158/1059/1374 1120/1158/1375 1119/1157/1373 1157/1057/1372
f 1159/1061/1376 1121/1159/1377 1120/1158/1375 1158/1059/1374
f 1160/1063/1378 1122/1160/1379 1121/1159/1377 1159/1061/1376
f 1161/1065/1380 1123/1161/1381 1122/1160/1379 1160/1063/1378
f 1162/1075/1382 1124/1162/1383 1123/1161/1381 1161/1065/1380
f 1163/1077/1384 1125/1163/1385 1124/1162/1383 1162/1075/1382
f 1164/1079/1386 1126/1164/1387 1125/1163/1385 1163/1077/1384
f 1165/1081/1388 1127/1165/1389 1126/1164/1387 1164/1079/1386
f 1166/1083/1390 1128/1166/1391 1127/1165/1389 1165/1081/1388
f 1167/1085/1392 1129/1167/1393 1128/1166/1391 1166/1083/1390
f 1168/1087/1394 1130/1168/1395 1129/1167/1393 1167/1085/1392
f 1169/1089/1396 1131/1169/1397 1130/1168/1395 1168/1087/1394
f 1170/1091/1398 1132/1170/1399 1131/1169/1397 1169/1089/1396
f 1171/1093/1400 1133/1171/1401 1132/1170/1399 1170/1091/1398
f 1172/1095/1402 1134/1172/1403 1133/1171/1401 1171/1093/1400
f 1173/1099/1404 1135/1173/1405 1134/1172/1403 1172/1095/1402
f 1174/1098/1406 1136/1174/1407 1135/1173/1405 1173/1099/1404
f 1175/1101/1408 1137/1175/1409 1136/1174/1407 1174/1098/1406
f 1176/1103/1410 1138/1176/1411 1137/1175/1409 1175/1101/1408
f 1177/1105/1412 1139/1177/1413 1138/1176/1411 1176/1103/1410
f 1178/1107/1414 1140/1178/1415 1139/1177/1413 1177/1105/1412
f 1179/1109/1416 1141/1179/1417 1140/1178/1415 1178/1107/1414
f 1180/1114/1418 1142/1180/1419 1141/1179/1417 1179/1109/1416
f 1181/1116/1420 1143/1181/1421 1142/1180/1419 1180/1114/1418
f 1182/1118/1422 1144/1182/1423 1143/1181/1421 1181/1116/1420
f 1183/1120/1424 1145/1183/1425 1144/1182/1423 1182/1118/1422
f 1184/1122/1426 1146/1184/1427 1145/1183/1425 1183/1120/1424
f 1185/1124/1428 1147/1185/1428 1146/1184/1427 1184/1122/1426
f 1148/1186/1429 1147/1185/1430 1185/1124/1430 1186/1126/1431
f 1149/1187/1432 1148/1186/1429 1186/1126/1431 1187/1128/1432
f 1211/1188/1433 1189/1189/1434 1188/1190/1435 1212/1191/1436
f 1213/1192/1437 1190/1193/1438 1189/1189/1434 1211/1188/1433
f 1214/1194/1439 1191/1195/1440 1190/1193/1438 1213/1192/1437
f 1215/1196/1441 1192/1197/1442 1191/1195/1440 1214/1194/1439
f 1216/1198/1443 1193/1199/1444 1192/1197/1442 1215/1196/1441
f 1217/1200/1445 1194/1201/1446 1193/1199/1444 1216/1198/1443
f 1218/1202/1447 1195/1203/1448 1194/1201/1446 1217/1200/1445
f 1212/1191/1436 1188/1190/1435 1196/1204/1449 1219/1205/1450
f 1219/1205/1450 1196/1204/1449 1197/1206/1451 1220/1207/1452
f 1220/1207/1452 1197/1206/1451 1198/1208/1453 1221/1209/1454
f 1221/1209/1454 1198/1208/1453 1199/1210/1455 1222/1211/1455
f 1223/1212/1456 1200/1213/1457 1195/1203/1448 1218/1202/1447
f 1224/1214/1458 1201/1215/1459 1200/1213/1457 1223/1212/1456
f 1225/1216/1460 1202/1217/1461 1201/1215/1459 1224/1214/1458
f 1222/1211/1455 1199/1210/1455 1203/1218/1462 1226/1219/1463
f 1226/1219/1463 1203/1218/1462 1204/1220/1464 1227/1221/1465
f 1227/1221/1465 1204/1220/1464 1205/1222/1466 1228/1223/1467
f 1228/1223/1467 1205/1222/1466 1206/1224/1468 1229/1225/1469
f 1229/1225/1469 1206/1224/1468 1207/1226/1470 1230/1227/1471
f 1230/1227/1471 1207/1226/1470 1208/1228/1472 1231/1229/1473
f 1231/1229/1473 1208/1228/1472 1209/1230/1474 1232/1231/1475
f 1232/1231/1475 1209/1230/1474 1210/1232/1476 1233/1233/1477
f 1233/1233/1477 1210/1232/1476 1202/1217/1461 1225/1216/1460
f 1202/1217/1478 1203/1218/1478 1199/1210/1479 1201/1215/1480
f 1201/1215/1480 1199/1210/1479 1198/1208/1481 1200/1213/1482
f 1198/1208/1481 1195/1203/1483 1200/1213/1482
f 1197/1206/1484 1194/1201/1484 1195/1203/1483 1198/1208/1481
f 1196/1204/1485 1193/1199/1485 1194/1201/1484 1197/1206/1484
f 1188/1190/1486 1192/1197/1487 1193/1199/1485 1196/1204/1485
f 1189/1189/1488 1191/1195/1489 1192/1197/1487 1188/1190/1486
f 1190/1193/1490 1191/1195/1489 1189/1189/1488
f 1210/1232/1491 1204/1220/1492 1203/1218/1478 1202/1217/1478
f 1209/1230/1493 1205/1222/1494 1204/1220/1492 1210/1232/1491
f 1208/1228/1495 1206/1224/1496 1205/1222/1494 1209/1230/1493
f 1206/1224/1496 1208/1228/1495 1207/1226/1497
f 1299/1234/1498 1300/1235/1499 1368/1236/1500 1369/1237/1501
f 1370/1238/1502 1388/1239/1503 1299/1234/1498 1369/1237/1501
f 1248/1240/1504 1249/1241/1505 1270/1242/1506 1234/1243/1507
f 1258/1244/1314 1259/1245/1312 1265/1246/1508 1235/1247/1509
f 1265/1246/1508 1322/1248/1510 1323/1249/1511 1235/1247/1509
f 1235/1247/1509 1323/1249/1511 1324/1250/1512
f 1236/1251/1513 1401/1252/1514 1402/1253/1515
f 1236/1251/1513 1402/1253/1515 1391/1254/1516 1276/1255/1517
f 1237/1256/1518 1306/1257/1519 1307/1258/1520 1277/1259/1521
f 1277/1259/1521 1393/1260/1522 1394/1261/1523 1237/1256/1518
f 1237/1256/1518 1394/1261/1523 1395/1262/1524
f 1302/1263/1525 1365/1264/1526 1366/1265/1527
f 1255/1266/1528 1256/1267/1529 1267/1268/1530 1238/1269/1531
f 1239/1270/1532 1262/1271/1533 1263/1272/1534 1240/1273/1535
f 1239/1270/1532 1309/1274/1536 1242/1275/1537 1243/1276/1538
f 1244/1277/1539 1246/1278/1540 1245/1279/1541 1240/1273/1535
f 1246/1278/1540 1247/1280/1314 1245/1279/1541
f 1247/1280/1314 1248/1240/1504 1234/1243/1507 1245/1279/1541
f 1249/1241/1505 1250/1281/1542 1271/1282/1542 1270/1242/1506
f 1271/1282/1542 1250/1281/1542 1251/1283/1543 1272/1284/1543
f 1272/1284/1543 1251/1283/1543 1252/1285/1544 1273/1286/1545
f 1273/1286/1545 1252/1285/1544 1253/1287/1546 1274/1288/1547
f 1274/1288/1547 1253/1287/1546 1254/1289/1548 1275/1290/1549
f 1254/1289/1548 1255/1266/1528 1238/1269/1531 1275/1290/1549
f 1256/1267/1529 1257/1291/1314 1267/1268/1530
f 1257/1291/1314 1258/1244/1314 1235/1247/1509 1267/1268/1530
f 1243/1276/1538 1265/1246/1508 1259/1245/1312 1260/1292/1550
f 1261/1293/1551 1239/1270/1532 1243/1276/1538 1260/1292/1550
f 1261/1293/1551 1262/1271/1533 1239/1270/1532
f 1263/1272/1534 1244/1277/1539 1240/1273/1535
f 1237/1256/1518 1395/1262/1524 1396/1294/1552 1266/1295/1553
f 1266/1295/1553 1396/1294/1552 1397/1296/1554
f 1266/1295/1553 1397/1296/1554 1398/1297/1555 1235/1247/1509
f 1235/1247/1509 1398/1297/1555 1399/1298/1556 1267/1268/1530
f 1267/1268/1530 1399/1298/1556 1400/1299/1557
f 1267/1268/1530 1400/1299/1557 1401/1252/1514 1236/1251/1513
f 1236/1251/1513 1238/1269/1531 1267/1268/1530
f 1277/1259/1521 1307/1258/1520 1308/1300/1558
f 1277/1259/1521 1308/1300/1558 1276/1255/1517
f 1270/1242/1506 1297/1301/1559 1234/1243/1507
f 1234/1243/1507 1297/1301/1559 1424/1302/1560
f 1245/1279/1541 1268/1303/1561 1371/1304/1562 1372/1305/1563
f 1268/1303/1561 1388/1239/1503 1370/1238/1502 1371/1304/1562
f 1373/1306/1564 1245/1279/1541 1372/1305/1563
f 1240/1273/1535 1245/1279/1541 1373/1306/1564 1360/1307/1565
f 1240/1273/1535 1360/1307/1565 1361/1308/1566
f 1241/1309/1567 1240/1273/1535 1361/1308/1566 1362/1310/1568
f 1269/1311/1569 1241/1309/1567 1362/1310/1568 1363/1312/1570
f 1269/1311/1569 1363/1312/1570 1364/1313/1571
f 1302/1263/1525 1303/1314/1572 1422/1315/1573 1365/1264/1526
f 1303/1314/1572 1304/1316/1574 1455/1317/1575 1269/1311/1569
f 1269/1311/1569 1455/1317/1575 1241/1309/1567
f 1234/1243/1507 1268/1303/1561 1245/1279/1541
f 1276/1255/1517 1391/1254/1516 1392/1318/1576 1277/1259/1521
f 1277/1259/1521 1392/1318/1576 1393/1260/1522
f 1240/1273/1535 1311/1319/1577 1312/1320/1578
f 1241/1309/1567 1310/1321/1579 1311/1319/1577 1240/1273/1535
f 1240/1273/1535 1312/1320/1578 1313/1322/1580 1239/1270/1532
f 1239/1270/1532 1313/1322/1580 1309/1274/1536
f 1301/1323/1581 1302/1263/1525 1366/1265/1527 1367/1324/1581
f 1368/1236/1500 1300/1235/1499 1301/1323/1581 1367/1324/1581
f 1449/1325/1582 1266/1295/1553 1320/1326/1583 1450/1327/1584
f 1452/1328/1585 1451/1329/1586 1264/1330/1587 1243/1276/1538
f 1242/1275/1537 1453/1331/1588 1452/1328/1585 1243/1276/1538
f 1455/1317/1575 1454/1332/1589 1310/1321/1579 1241/1309/1567
f 1455/1317/1575 1304/1316/1574 1456/1333/1590
f 1278/1334/1591 1279/1335/1592 1260/1292/1593 1259/1245/1594
f 1280/1336/1595 1261/1293/1596 1260/1292/1593 1279/1335/1592
f 1281/1337/1597 1278/1334/1591 1259/1245/1594 1258/1244/1598
f 1257/1291/1599 1282/1338/1600 1281/1337/1597 1258/1244/1598
f 1256/1267/1601 1283/1339/1602 1282/1338/1600 1257/1291/1599
f 1255/1266/1603 1284/1340/1604 1283/1339/1602 1256/1267/1601
f 1254/1289/1605 1285/1341/1606 1284/1340/1604 1255/1266/1603
f 1253/1287/1607 1286/1342/1608 1285/1341/1606 1254/1289/1605
f 1252/1285/1609 1287/1343/1610 1286/1342/1608 1253/1287/1607
f 1251/1283/1611 1288/1344/1612 1287/1343/1610 1252/1285/1609
f 1250/1281/1613 1289/1345/1614 1288/1344/1612 1251/1283/1611
f 1249/1241/1615 1290/1346/1616 1289/1345/1614 1250/1281/1613
f 1248/1240/1617 1291/1347/1618 1290/1346/1616 1249/1241/1615
f 1247/1280/1619 1292/1348/1620 1291/1347/1618 1248/1240/1617
f 1246/1278/1621 1293/1349/1622 1292/1348/1620 1247/1280/1619
f 1244/1277/1623 1294/1350/1624 1293/1349/1622 1246/1278/1621
f 1263/1272/1625 1295/1351/1626 1294/1350/1624 1244/1277/1623
f 1296/1352/1627 1295/1351/1626 1263/1272/1625 1262/1271/1628
f 1261/1293/1596 1280/1336/1595 1296/1352/1627 1262/1271/1628
f 1457/1353/1629 1453/1331/1629 1242/1275/1630 1317/1354/1631
f 1309/1274/1632 1316/1355/1633 1317/1354/1631 1242/1275/1630
f 1312/1320/1634 1318/1356/1635 1314/1357/1636 1313/1322/1637
f 1313/1322/1637 1314/1357/1636 1316/1355/1633 1309/1274/1632
f 1311/1319/1638 1315/1358/1639 1318/1356/1635 1312/1320/1634
f 1310/1321/1640 1319/1359/1641 1315/1358/1639 1311/1319/1638
f 1454/1332/1642 1458/1360/1642 1319/1359/1641 1310/1321/1640
f 1324/1250/1643 1325/1361/1644 1328/1362/1645 1320/1326/1646
f 1325/1361/1644 1324/1250/1643 1323/1249/1647 1329/1363/1648
f 1322/1248/1649 1326/1364/1650 1329/1363/1648 1323/1249/1647
f 1321/1365/1651 1330/1366/1652 1326/1364/1650 1322/1248/1649
f 1264/1330/1653 1327/1367/1654 1330/1366/1652 1321/1365/1651
f 1327/1367/1654 1264/1330/1653 1451/1329/1655 1459/1368/1655
f 1320/1326/1646 1328/1362/1645 1460/1369/1656 1450/1327/1656
f 1335/1370/1657 1340/1371/1658 1391/1254/1659 1402/1253/1660
f 1336/1372/1661 1335/1370/1657 1402/1253/1660 1401/1252/1662
f 1334/1373/1663 1336/1372/1661 1401/1252/1662 1400/1299/1664
f 1399/1298/1665 1337/1374/1666 1334/1373/1663 1400/1299/1664
f 1398/1297/1667 1333/1375/1668 1337/1374/1666 1399/1298/1665
f 1332/1376/1669 1338/1377/1670 1397/1296/1671 1396/1294/1672
f 1338/1377/1670 1333/1375/1668 1398/1297/1667 1397/1296/1671
f 1339/1378/1673 1332/1376/1669 1396/1294/1672 1395/1262/1674
f 1394/1261/1675 1331/1379/1676 1339/1378/1673 1395/1262/1674
f 1389/1380/1677 1331/1379/1676 1394/1261/1675 1393/1260/1678
f 1296/1352/1679 1342/1381/1680 1341/1382/1681 1295/1351/1682
f 1279/1335/1683 1344/1383/1684 1343/1384/1685 1280/1336/1686
f 1343/1384/1685 1342/1381/1680 1296/1352/1679 1280/1336/1686
f 1345/1385/1687 1344/1383/1684 1279/1335/1683 1278/1334/1688
f 1347/1386/1689 1345/1385/1687 1278/1334/1688 1281/1337/1690
f 1346/1387/1691 1347/1386/1689 1281/1337/1690 1282/1338/1692
f 1348/1388/1693 1349/1389/1694 1283/1339/1695 1284/1340/1696
f 1349/1389/1694 1346/1387/1691 1282/1338/1692 1283/1339/1695
f 1351/1390/1697 1348/1388/1693 1284/1340/1696 1285/1341/1698
f 1350/1391/1699 1351/1390/1697 1285/1341/1698 1286/1342/1700
f 1352/1392/1701 1354/1393/1702 1288/1344/1703 1289/1345/1704
f 1353/1394/1705 1350/1391/1699 1286/1342/1700 1287/1343/1706
f 1354/1393/1702 1353/1394/1705 1287/1343/1706 1288/1344/1703
f 1356/1395/1707 1352/1392/1701 1289/1345/1704 1290/1346/1708
f 1355/1396/1709 1356/1395/1707 1290/1346/1708 1291/1347/1710
f 1358/1397/1711 1355/1396/1709 1291/1347/1710 1292/1348/1712
f 1357/1398/1713 1358/1397/1711 1292/1348/1712 1293/1349/1714
f 1359/1399/1715 1357/1398/1713 1293/1349/1714 1294/1350/1716
f 1341/1382/1681 1359/1399/1715 1294/1350/1716 1295/1351/1682
f 1373/1306/1717 1380/1400/1718 1381/1401/1719 1360/1307/1720
f 1372/1305/1721 1376/1402/1722 1380/1400/1718 1373/1306/1717
f 1371/1304/1723 1377/1403/1724 1376/1402/1722 1372/1305/1721
f 1360/1307/1720 1381/1401/1719 1379/1404/1725 1361/1308/1726
f 1361/1308/1726 1379/1404/1725 1383/1405/1727 1362/1310/1728
f 1362/1310/1728 1383/1405/1727 1382/1406/1729 1363/1312/1730
f 1363/1312/1730 1382/1406/1729 1386/1407/1731 1364/1313/1732
f 1422/1315/1733 1364/1313/1732 1386/1407/1731 1423/1408/1734
f 1365/1264/1735 1385/1409/1736 1384/1410/1737 1366/1265/1738
f 1366/1265/1738 1384/1410/1737 1387/1411/1739 1367/1324/1740
f 1367/1324/1740 1387/1411/1739 1375/1412/1741 1368/1236/1742
f 1368/1236/1742 1375/1412/1741 1374/1413/1743 1369/1237/1744
f 1369/1237/1744 1374/1413/1743 1378/1414/1745 1370/1238/1746
f 1370/1238/1746 1378/1414/1745 1377/1403/1724 1371/1304/1723
f 1392/1318/1747 1390/1415/1748 1389/1380/1677 1393/1260/1678
f 1340/1371/1658 1390/1415/1748 1392/1318/1747 1391/1254/1659
f 1421/1416/1749 1346/1387/1691 1349/1389/1694 1403/1417/1750
f 1405/1418/1751 1348/1388/1693 1351/1390/1697 1404/1419/1752
f 1403/1417/1750 1349/1389/1694 1348/1388/1693 1405/1418/1751
f 1350/1391/1699 1406/1420/1753 1404/1419/1752 1351/1390/1697
f 1353/1394/1705 1407/1421/1754 1406/1420/1753 1350/1391/1699
f 1354/1393/1702 1408/1422/1755 1407/1421/1754 1353/1394/1705
f 1352/1392/1701 1409/1423/1756 1408/1422/1755 1354/1393/1702
f 1356/1395/1707 1410/1424/1757 1409/1423/1756 1352/1392/1701
f 1355/1396/1709 1411/1425/1758 1410/1424/1757 1356/1395/1707
f 1358/1397/1711 1412/1426/1759 1411/1425/1758 1355/1396/1709
f 1357/1398/1713 1413/1427/1760 1412/1426/1759 1358/1397/1711
f 1359/1399/1715 1414/1428/1761 1413/1427/1760 1357/1398/1713
f 1341/1382/1681 1415/1429/1762 1414/1428/1761 1359/1399/1715
f 1416/1430/1763 1415/1429/1762 1341/1382/1681 1342/1381/1680
f 1343/1384/1685 1417/1431/1764 1416/1430/1763 1342/1381/1680
f 1418/1432/1765 1417/1431/1764 1343/1384/1685 1344/1383/1684
f 1345/1385/1687 1419/1433/1766 1418/1432/1765 1344/1383/1684
f 1347/1386/1689 1420/1434/1767 1419/1433/1766 1345/1385/1687
f 1346/1387/1691 1421/1416/1749 1420/1434/1767 1347/1386/1689
f 1422/1315/1573 1303/1314/1572 1269/1311/1569 1364/1313/1571
f 1385/1409/1736 1365/1264/1735 1422/1315/1733 1423/1408/1734
f 1321/1365/1768 1322/1248/1510 1265/1246/1508 1243/1276/1538
f 1237/1256/1518 1305/1435/1769 1306/1257/1519
f 1266/1295/1553 1235/1247/1509 1324/1250/1512 1320/1326/1583
f 1234/1243/1507 1424/1302/1560 1298/1436/1770 1268/1303/1561
f 1276/1255/1771 1425/1437/1772 1426/1438/1773 1236/1251/1774
f 1236/1251/1774 1426/1438/1773 1427/1439/1775 1238/1269/1776
f 1238/1269/1776 1427/1439/1775 1428/1440/1777 1275/1290/1778
f 1275/1290/1778 1428/1440/1777 1429/1441/1779 1274/1288/1780
f 1274/1288/1780 1429/1441/1779 1430/1442/1781 1273/1286/1782
f 1273/1286/1782 1430/1442/1781 1431/1443/1783 1272/1284/1784
f 1272/1284/1784 1431/1443/1783 1432/1444/1785 1271/1282/1786
f 1271/1282/1786 1432/1444/1785 1433/1445/1787 1270/1242/1788
f 1270/1242/1788 1433/1445/1787 1434/1446/1789 1297/1301/1790
f 1297/1301/1790 1434/1446/1789 1435/1447/1791 1424/1302/1792
f 1298/1436/1793 1436/1448/1794 1437/1449/1795 1268/1303/1796
f 1268/1303/1796 1437/1449/1795 1438/1450/1797 1388/1239/1798
f 1299/1234/1799 1439/1451/1800 1440/1452/1801 1300/1235/1802
f 1300/1235/1802 1440/1452/1801 1441/1453/1803 1301/1323/1804
f 1301/1323/1804 1441/1453/1803 1442/1454/1805 1302/1263/1806
f 1302/1263/1806 1442/1454/1805 1443/1455/1807 1303/1314/1808
f 1303/1314/1808 1443/1455/1807 1444/1456/1809 1304/1316/1810
f 1304/1316/1810 1444/1456/1809 1461/1457/1811 1456/1333/1811
f 1305/1435/1812 1445/1458/1813 1446/1459/1814 1306/1257/1815
f 1306/1257/1815 1446/1459/1814 1447/1460/1816 1307/1258/1817
f 1307/1258/1817 1447/1460/1816 1448/1461/1818 1308/1300/1819
f 1308/1300/1819 1448/1461/1818 1425/1437/1772 1276/1255/1771
f 1388/1239/1798 1438/1450/1797 1439/1451/1800 1299/1234/1799
f 1424/1302/1792 1435/1447/1791 1436/1448/1794 1298/1436/1793
f 1264/1330/1587 1321/1365/1768 1243/1276/1538
f 1462/1462/1820 1237/1256/1518 1266/1295/1553 1449/1325/1582
f 1305/1435/1769 1237/1256/1518 1462/1462/1820 1463/1463/1821
f 1464/1464/1822 1445/1458/1813 1305/1435/1812 1463/1463/1822
f 1467/1465/1823 1523/1466/1824 1466/1467/1825
f 1466/1467/1825 1523/1466/1824 1524/1468/1826
f 1466/1467/1825 1503/1469/1827 1504/1470/1828
f 1466/1467/1825 1504/1470/1828 1505/1471/1829 1467/1465/1823
f 1472/1472/1830 1522/1473/1831 1523/1466/1824 1467/1465/1823
f 1482/1474/1832 1518/1475/1833 1519/1476/1834 1468/1477/1835
f 1470/1478/1836 1498/1479/1837 1499/1480/1838
f 1471/1481/1839 1501/1482/1840 1561/1483/1841 1560/1484/1842
f 1482/1474/1832 1471/1481/1839 1560/1484/1842
f 1473/1485/1843 1468/1477/1835 1519/1476/1834 1520/1486/1844
f 1473/1485/1843 1520/1486/1844 1521/1487/1845
f 1472/1472/1830 1473/1485/1843 1521/1487/1845 1522/1473/1831
f 1472/1472/1830 1555/1488/1846 1554/1489/1847 1473/1485/1843
f 1553/1490/1848 1468/1477/1835 1473/1485/1843 1554/1489/1847
f 1555/1488/1846 1472/1472/1830 1467/1465/1823 1556/1491/1849
f 1467/1465/1823 1505/1471/1829 1506/1492/1850 1477/1493/1851
f 1477/1493/1851 1506/1492/1850 1507/1494/1852
f 1477/1493/1851 1507/1494/1852 1508/1495/1853 1478/1496/1854
f 1478/1496/1854 1508/1495/1853 1509/1497/1855 1469/1498/1856
f 1469/1498/1856 1509/1497/1855 1510/1499/1857 1465/1500/1858
f 1469/1498/1856 1465/1500/1858 1483/1501/1859 1484/1502/1860
f 1479/1503/1861 1485/1504/1862 1486/1505/1863
f 1467/1465/1823 1477/1493/1851 1557/1506/1864 1556/1491/1849
f 1477/1493/1851 1478/1496/1854 1558/1507/1865 1557/1506/1864
f 1468/1477/1835 1471/1481/1839 1482/1474/1832
f 1470/1478/1836 1497/1508/1866 1498/1479/1837
f 1470/1478/1836 1496/1509/1867 1497/1508/1866
f 1474/1510/1868 1495/1511/1869 1496/1509/1867 1470/1478/1836
f 1475/1512/1870 1494/1513/1871 1495/1511/1869 1474/1510/1868
f 1476/1514/1872 1493/1515/1873 1494/1513/1871 1475/1512/1870
f 1481/1516/1874 1492/1517/1875 1493/1515/1873 1476/1514/1872
f 1481/1516/1874 1491/1518/1876 1492/1517/1875
f 1480/1519/1877 1490/1520/1878 1491/1518/1876 1481/1516/1874
f 1480/1519/1877 1489/1521/1879 1490/1520/1878
f 1479/1503/1861 1488/1522/1880 1489/1521/1879 1480/1519/1877
f 1479/1503/1861 1487/1523/1881 1488/1522/1880
f 1479/1503/1861 1486/1505/1863 1487/1523/1881
f 1508/1495/1882 1514/1524/1883 1513/1525/1884 1509/1497/1885
f 1502/1526/1886 1515/1527/1887 1507/1494/1888 1506/1492/1889
f 1503/1469/1890 1512/1528/1890 1511/1529/1891 1504/1470/1892
f 1504/1470/1892 1511/1529/1891 1516/1530/1893 1505/1471/1893
f 1505/1471/1893 1516/1530/1893 1502/1526/1886 1506/1492/1889
f 1509/1497/1885 1513/1525/1884 1517/1531/1894 1510/1499/1894
f 1507/1494/1888 1515/1527/1887 1514/1524/1883 1508/1495/1882
f 1523/1466/1895 1525/1532/1896 1530/1533/1897 1524/1468/1897
f 1522/1473/1898 1526/1534/1899 1525/1532/1896 1523/1466/1895
f 1521/1487/1900 1531/1535/1901 1526/1534/1899 1522/1473/1898
f 1520/1486/1902 1527/1536/1903 1531/1535/1901 1521/1487/1900
f 1519/1476/1904 1528/1537/1905 1527/1536/1903 1520/1486/1902
f 1518/1475/1906 1529/1538/1906 1528/1537/1905 1519/1476/1904
f 1483/1501/1907 1533/1539/1908 1534/1540/1909 1484/1502/1910
f 1484/1502/1910 1534/1540/1909 1535/1541/1911 1532/1542/1912
f 1485/1504/1913 1536/1543/1914 1537/1544/1915 1486/1505/1916
f 1486/1505/1916 1537/1544/1915 1538/1545/1917 1487/1523/1918
f 1487/1523/1918 1538/1545/1917 1539/1546/1919 1488/1522/1920
f 1488/1522/1920 1539/1546/1919 1540/1547/1921 1489/1521/1922
f 1489/1521/1922 1540/1547/1921 1541/1548/1923 1490/1520/1924
f 1490/1520/1924 1541/1548/1923 1542/1549/1925 1491/1518/1926
f 1491/1518/1926 1542/1549/1925 1543/1550/1927 1492/1517/1928
f 1492/1517/1928 1543/1550/1927 1544/1551/1929 1493/1515/1930
f 1493/1515/1930 1544/1551/1929 1545/1552/1931 1494/1513/1932
f 1494/1513/1932 1545/1552/1931 1546/1553/1933 1495/1511/1934
f 1495/1511/1934 1546/1553/1933 1547/1554/1935 1496/1509/1936
f 1496/1509/1936 1547/1554/1935 1548/1555/1937 1497/1508/1938
f 1497/1508/1938 1548/1555/1937 1549/1556/1939 1498/1479/1940
f 1498/1479/1940 1549/1556/1939 1550/1557/1941 1499/1480/1942
f 1499/1480/1942 1550/1557/1941 1551/1558/1943 1500/1559/1944
f 1500/1559/1944 1551/1558/1943 1552/1560/1945 1501/1482/1946
f 1501/1482/1946 1552/1560/1945 1562/1561/1947 1561/1483/1947
f 1532/1542/1912 1535/1541/1911 1536/1543/1914 1485/1504/1913
f 1470/1478/1836 1553/1490/1848 1554/1489/1847 1474/1510/1868
f 1555/1488/1846 1475/1512/1870 1474/1510/1868 1554/1489/1847
f 1476/1514/1872 1475/1512/1870 1555/1488/1846 1556/1491/1849
f 1557/1506/1864 1481/1516/1874 1476/1514/1872 1556/1491/1849
f 1558/1507/1865 1480/1519/1877 1481/1516/1874 1557/1506/1864
f 1559/1562/1948 1558/1507/1865 1478/1496/1854 1469/1498/1856
f 1479/1503/1861 1480/1519/1877 1558/1507/1865 1559/1562/1948
f 1553/1490/1848 1471/1481/1839 1468/1477/1835
f 1500/1559/1949 1501/1482/1840 1471/1481/1839 1553/1490/1848
f 1499/1480/1838 1500/1559/1949 1553/1490/1848 1470/1478/1836
f 1532/1542/1950 1559/1562/1948 1469/1498/1856 1484/1502/1860
f 1485/1504/1862 1479/1503/1861 1559/1562/1948 1532/1542/1950
f 1465/1500/1858 1563/1563/1951 1483/1501/1859
f 1564/1564/1952 1533/1539/1908 1483/1501/1907 1563/1563/1952
f 1640/1565/1953 1622/1566/1954 1566/1567/1955 1565/1568/1956
f 1639/1569/1957 1640/1565/1953 1565/1568/1956 1567/1570/1958
f 1638/1571/1959 1639/1569/1957 1567/1570/1958 1568/1572/1960
f 1637/1573/1961 1638/1571/1959 1568/1572/1960 1569/1574/1962
f 1636/1575/1963 1637/1573/1961 1569/1574/1962 1570/1576/1964
f 1571/1577/1965 1635/1578/1966 1636/1575/1963 1570/1576/1964
f 1633/1579/1967 1634/1580/1968 1572/1581/1969 1573/1582/1970
f 1632/1583/1971 1633/1579/1967 1573/1582/1970 1574/1584/1972
f 1631/1585/1973 1632/1583/1971 1574/1584/1972 1575/1586/1974
f 1630/1587/1975 1631/1585/1973 1575/1586/1974 1576/1588/1976
f 1629/1589/1977 1630/1587/1975 1576/1588/1976 1577/1590/1978
f 1628/1591/1979 1629/1589/1977 1577/1590/1978 1578/1592/1980
f 1627/1593/1981 1628/1591/1979 1578/1592/1980 1579/1594/1982
f 1626/1595/1983 1627/1593/1981 1579/1594/1982 1580/1596/1984
f 1625/1597/1985 1626/1595/1983 1580/1596/1984 1581/1598/1986
f 1624/1599/1987 1625/1597/1985 1581/1598/1986 1582/1600/1988
f 1623/1601/1989 1624/1599/1987 1582/1600/1988 1583/1602/1990
f 1566/1567/1955 1622/1566/1954 1623/1601/1989 1583/1602/1990
f 1584/1603/1991 1585/1604/1992 1569/1574/1993 1568/1572/1994
f 1586/1605/1995 1584/1603/1991 1568/1572/1994 1567/1570/1996
f 1587/1606/1997 1586/1605/1995 1567/1570/1996 1565/1568/1998
f 1588/1607/1999 1587/1606/1997 1565/1568/1998 1566/1567/2000
f 1589/1608/2001 1588/1607/1999 1566/1567/2000 1583/1602/2002
f 1590/1609/2003 1589/1608/2001 1583/1602/2002 1582/1600/2004
f 1591/1610/2005 1590/1609/2003 1582/1600/2004 1581/1598/2006
f 1592/1611/2007 1591/1610/2005 1581/1598/2006 1580/1596/2007
f 1593/1612/2008 1592/1611/2007 1580/1596/2007 1579/1594/2009
f 1594/1613/2010 1593/1612/2008 1579/1594/2009 1578/1592/2011
f 1595/1614/2012 1594/1613/2010 1578/1592/2011 1577/1590/2013
f 1596/1615/2014 1595/1614/2012 1577/1590/2013 1576/1588/2015
f 1597/1616/2016 1596/1615/2014 1576/1588/2015 1575/1586/2017
f 1598/1617/2018 1597/1616/2016 1575/1586/2017 1574/1584/2019
f 1599/1618/2020 1598/1617/2018 1574/1584/2019 1573/1582/2021
f 1600/1619/2022 1599/1618/2020 1573/1582/2021 1572/1581/2023
f 1602/1620/2024 1601/1621/2025 1571/1577/2026 1570/1576/2027
f 1585/1604/1992 1602/1620/2024 1570/1576/2027 1569/1574/1993
f 1603/1622/2028 1598/1617/2029 1599/1618/2030 1604/1623/2031
f 1604/1623/2031 1599/1618/2030 1600/1619/2032 1605/1624/2033
f 1605/1624/2033 1600/1619/2032 1601/1621/2034 1606/1625/2035
f 1607/1626/2036 1597/1616/2037 1598/1617/2029 1603/1622/2028
f 1608/1627/2038 1596/1615/2039 1597/1616/2037 1607/1626/2036
f 1609/1628/2040 1595/1614/2041 1596/1615/2039 1608/1627/2038
f 1610/1629/2042 1594/1613/2043 1595/1614/2041 1609/1628/2040
f 1611/1630/2044 1593/1612/2045 1594/1613/2043 1610/1629/2042
f 1612/1631/2046 1592/1611/2047 1593/1612/2045 1611/1630/2044
f 1613/1632/2048 1591/1610/2049 1592/1611/2047 1612/1631/2046
f 1614/1633/2050 1590/1609/2051 1591/1610/2049 1613/1632/2048
f 1615/1634/2052 1589/1608/2053 1590/1609/2051 1614/1633/2050
f 1616/1635/2054 1588/1607/2055 1589/1608/2053 1615/1634/2052
f 1617/1636/2056 1587/1606/2057 1588/1607/2055 1616/1635/2054
f 1618/1637/2058 1586/1605/2059 1587/1606/2057 1617/1636/2056
f 1619/1638/2060 1584/1603/2061 1586/1605/2059 1618/1637/2058
f 1620/1639/2062 1585/1604/2063 1584/1603/2061 1619/1638/2060
f 1621/1640/2064 1602/1620/2065 1585/1604/2063 1620/1639/2062
f 1606/1625/2035 1601/1621/2034 1602/1620/2065 1621/1640/2064
f 1652/1641/2066 1623/1601/2067 1622/1566/2068 1641/1642/2069
f 1571/1577/1965 1572/1581/1969 1634/1580/1968 1635/1578/1966
f 1654/1643/2070 1627/1593/2071 1626/1595/2072 1644/1644/2072
f 1653/1645/2073 1625/1597/2074 1624/1599/2075 1645/1646/2076
f 1649/1647/2077 1636/1575/2078 1635/1578/2079 1648/1648/2080
f 1647/1649/2081 1637/1573/2082 1636/1575/2078 1649/1647/2077
f 1650/1650/2083 1638/1571/2084 1637/1573/2082 1647/1649/2081
f 1646/1651/2085 1639/1569/2086 1638/1571/2084 1650/1650/2083
f 1651/1652/2087 1640/1565/2088 1639/1569/2086 1646/1651/2085
f 1641/1642/2069 1622/1566/2068 1640/1565/2088 1651/1652/2087
f 1645/1646/2076 1624/1599/2075 1623/1601/2067 1652/1641/2066
f 1644/1644/2072 1626/1595/2072 1625/1597/2074 1653/1645/2073
f 1655/1653/2089 1628/1591/2090 1627/1593/2071 1654/1643/2070
f 1656/1654/2091 1629/1589/2091 1628/1591/2090 1655/1653/2089
f 1643/1655/2092 1630/1587/2093 1629/1589/2091 1656/1654/2091
f 1657/1656/2094 1631/1585/2095 1630/1587/2093 1643/1655/2092
f 1658/1657/2096 1632/1583/2097 1631/1585/2095 1657/1656/2094
f 1642/1658/2098 1633/1579/2099 1632/1583/2097 1658/1657/2096
f 1659/1659/2100 1634/1580/2101 1633/1579/2099 1642/1658/2098
f 1648/1648/2080 1635/1578/2079 1634/1580/2101 1659/1659/2100
f 1601/1621/2025 1600/1619/2022 1572/1581/2023 1571/1577/2026
f 1660/1660/2102 1680/1661/2103 1679/1662/2104 1671/1663/2105
f 1680/1661/2103 1681/1664/2106 1679/1662/2104
f 1670/1665/2107 1683/1666/2108 1680/1661/2103 1660/1660/2102
f 1679/1662/2104 1682/1667/2109 1664/1668/2110 1671/1663/2105
f 1681/1664/2106 1682/1667/2109 1679/1662/2104
f 1681/1664/2106 1680/1661/2103 1683/1666/2108
f 1682/1667/2109 1684/1669/2111 1672/1670/2112 1664/1668/2110
f 1681/1664/2106 1684/1669/2111 1682/1667/2109
f 1665/1671/2113 1685/1672/2114 1683/1666/2108 1670/1665/2107
f 1681/1664/2106 1683/1666/2108 1685/1672/2114
f 1669/1673/2115 1686/1674/2116 1685/1672/2114 1665/1671/2113
f 1681/1664/2106 1685/1672/2114 1686/1674/2116
f 1666/1675/2117 1687/1676/2118 1686/1674/2116 1669/1673/2115
f 1681/1664/2106 1686/1674/2116 1687/1676/2118
f 1668/1677/2119 1688/1678/2120 1687/1676/2118 1666/1675/2117
f 1681/1664/2106 1687/1676/2118 1688/1678/2120
f 1667/1679/2121 1689/1680/2122 1688/1678/2120 1668/1677/2119
f 1681/1664/2106 1688/1678/2120 1689/1680/2122
f 1684/1669/2111 1690/1681/2123 1663/1682/2124 1672/1670/2112
f 1681/1664/2106 1690/1681/2123 1684/1669/2111
f 1690/1681/2123 1691/1683/2125 1673/1684/2126 1663/1682/2124
f 1681/1664/2106 1691/1683/2125 1690/1681/2123
f 1691/1683/2125 1692/1685/2127 1674/1686/2128 1673/1684/2126
f 1681/1664/2106 1692/1685/2127 1691/1683/2125
f 1692/1685/2127 1693/1687/2129 1675/1688/2130 1674/1686/2128
f 1681/1664/2106 1693/1687/2129 1692/1685/2127
f 1693/1687/2129 1694/1689/2131 1662/1690/2132 1675/1688/2130
f 1681/1664/2106 1694/1689/2131 1693/1687/2129
f 1694/1689/2131 1695/1691/2133 1676/1692/2134 1662/1690/2132
f 1681/1664/2106 1695/1691/2133 1694/1689/2131
f 1695/1691/2133 1696/1693/2135 1677/1694/2136 1676/1692/2134
f 1681/1664/2106 1696/1693/2135 1695/1691/2133
f 1696/1693/2135 1697/1695/2137 1661/1696/2138 1677/1694/2136
f 1681/1664/2106 1697/1695/2137 1696/1693/2135
f 1697/1695/2137 1698/1697/2139 1678/1698/2140 1661/1696/2138
f 1681/1664/2106 1698/1697/2139 1697/1695/2137
f 1667/1679/2121 1678/1698/2140 1698/1697/2139 1689/1680/2122
f 1681/1664/2106 1689/1680/2122 1698/1697/2139
f 1775/1699/2141 1756/1700/2142 1700/1701/2143 1699/1702/2144
f 1774/1703/2145 1775/1699/2141 1699/1702/2144 1701/1704/2146
f 1773/1705/2147 1774/1703/2145 1701/1704/2146 1702/1706/2148
f 1772/1707/2149 1773/1705/2147 1702/1706/2148 1703/1708/2150
f 1771/1709/2151 1772/1707/2149 1703/1708/2150 1704/1710/2152
f 1705/1711/2153 1770/1712/2154 1771/1709/2151 1704/1710/2152
f 1768/1713/2155 1769/1714/2156 1706/1715/2157 1707/1716/2158
f 1767/1717/2159 1768/1713/2155 1707/1716/2158 1708/1718/2160
f 1766/1719/2161 1767/1717/2159 1708/1718/2160 1709/1720/2162
f 1765/1721/2163 1766/1719/2161 1709/1720/2162 1710/1722/2164
f 1764/1723/2165 1765/1721/2163 1710/1722/2164 1711/1724/2166
f 1763/1725/2167 1764/1723/2165 1711/1724/2166 1712/1726/2168
f 1762/1727/2169 1763/1725/2167 1712/1726/2168 1713/1728/2170
f 1761/1729/2171 1762/1727/2169 1713/1728/2170 1714/1730/2172
f 1760/1731/2173 1761/1729/2171 1714/1730/2172 1715/1732/2174
f 1759/1733/2175 1760/1731/2173 1715/1732/2174 1716/1734/2176
f 1758/1735/2177 1759/1733/2175 1716/1734/2176 1717/1736/2178
f 1700/1701/2143 1756/1700/2142 1758/1735/2177 1717/1736/2178
f 1718/1737/2179 1719/1738/2180 1703/1708/2181 1702/1706/2182
f 1720/1739/2183 1718/1737/2179 1702/1706/2182 1701/1704/2184
f 1721/1740/2185 1720/1739/2183 1701/1704/2184 1699/1702/2186
f 1722/1741/2187 1721/1740/2185 1699/1702/2186 1700/1701/2188
f 1723/1742/2189 1722/1741/2187 1700/1701/2188 1717/1736/2190
f 1724/1743/2191 1723/1742/2189 1717/1736/2190 1716/1734/2191
f 1725/1744/2192 1724/1743/2191 1716/1734/2191 1715/1732/2193
f 1726/1745/2194 1725/1744/2192 1715/1732/2193 1714/1730/2195
f 1727/1746/2194 1726/1745/2194 1714/1730/2195 1713/1728/2196
f 1728/1747/2197 1727/1746/2194 1713/1728/2196 1712/1726/2198
f 1729/1748/2199 1728/1747/2197 1712/1726/2198 1711/1724/2200
f 1730/1749/2201 1729/1748/2199 1711/1724/2200 1710/1722/2202
f 1731/1750/2203 1730/1749/2201 1710/1722/2202 1709/1720/2204
f 1732/1751/2205 1731/1750/2203 1709/1720/2204 1708/1718/2206
f 1733/1752/2207 1732/1751/2205 1708/1718/2206 1707/1716/2208
f 1734/1753/2209 1733/1752/2207 1707/1716/2208 1706/1715/2210
f 1736/1754/2211 1735/1755/2212 1705/1711/2213 1704/1710/2214
f 1719/1738/2180 1736/1754/2211 1704/1710/2214 1703/1708/2181
f 1738/1756/2215 1737/1757/2216 1732/1751/2217 1733/1752/2218
f 1739/1758/2219 1738/1756/2215 1733/1752/2218 1734/1753/2220
f 1740/1759/2221 1739/1758/2219 1734/1753/2220 1735/1755/2222
f 1737/1757/2216 1741/1760/2223 1731/1750/2224 1732/1751/2217
f 1741/1760/2223 1742/1761/2225 1730/1749/2226 1731/1750/2224
f 1742/1761/2225 1743/1762/2227 1729/1748/2228 1730/1749/2226
f 1743/1762/2227 1744/1763/2229 1728/1747/2230 1729/1748/2228
f 1744/1763/2229 1745/1764/2231 1727/1746/2232 1728/1747/2230
f 1745/1764/2231 1746/1765/2233 1726/1745/2234 1727/1746/2232
f 1746/1765/2233 1747/1766/2235 1725/1744/2236 1726/1745/2234
f 1747/1766/2235 1748/1767/2237 1724/1743/2238 1725/1744/2236
f 1748/1767/2237 1749/1768/2239 1723/1742/2240 1724/1743/2238
f 1749/1768/2239 1750/1769/2241 1722/1741/2242 1723/1742/2240
f 1750/1769/2241 1751/1770/2243 1721/1740/2244 1722/1741/2242
f 1751/1770/2243 1752/1771/2245 1720/1739/2246 1721/1740/2244
f 1752/1771/2245 1753/1772/2247 1718/1737/2248 1720/1739/2246
f 1753/1772/2247 1754/1773/2249 1719/1738/2250 1718/1737/2248
f 1754/1773/2249 1755/1774/2251 1736/1754/2252 1719/1738/2250
f 1755/1774/2251 1740/1759/2221 1735/1755/2222 1736/1754/2252
f 1786/1775/2253 1758/1735/2254 1756/1700/2255 1757/1776/2256
f 1705/1711/2153 1706/1715/2157 1769/1714/2156 1770/1712/2154
f 1788/1777/2257 1762/1727/2258 1761/1729/2259 1778/1778/2260
f 1787/1779/2261 1760/1731/2261 1759/1733/2262 1779/1780/2263
f 1783/1781/2264 1771/1709/2265 1770/1712/2266 1782/1782/2267
f 1781/1783/2268 1772/1707/2269 1771/1709/2265 1783/1781/2264
f 1784/1784/2270 1773/1705/2271 1772/1707/2269 1781/1783/2268
f 1780/1785/2272 1774/1703/2273 1773/1705/2271 1784/1784/2270
f 1785/1786/2274 1775/1699/2274 1774/1703/2273 1780/1785/2272
f 1757/1776/2256 1756/1700/2255 1775/1699/2274 1785/1786/2274
f 1779/1780/2263 1759/1733/2262 1758/1735/2254 1786/1775/2253
f 1778/1778/2260 1761/1729/2259 1760/1731/2261 1787/1779/2261
f 1789/1787/2275 1763/1725/2276 1762/1727/2258 1788/1777/2257
f 1790/1788/2277 1764/1723/2278 1763/1725/2276 1789/1787/2275
f 1777/1789/2279 1765/1721/2280 1764/1723/2278 1790/1788/2277
f 1791/1790/2281 1766/1719/2282 1765/1721/2280 1777/1789/2279
f 1792/1791/2283 1767/1717/2284 1766/1719/2282 1791/1790/2281
f 1776/1792/2285 1768/1713/2286 1767/1717/2284 1792/1791/2283
f 1793/1793/2287 1769/1714/2288 1768/1713/2286 1776/1792/2285
f 1782/1782/2267 1770/1712/2266 1769/1714/2288 1793/1793/2287
f 1735/1755/2212 1734/1753/2209 1706/1715/2210 1705/1711/2213
f 1807/1794/2289 1751/1770/2290 1750/1769/2291 1806/1795/2292
f 1808/1796/2293 1752/1771/2294 1751/1770/2290 1807/1794/2289
f 1806/1795/2292 1750/1769/2291 1749/1768/2295 1805/1797/2296
f 1805/1797/2296 1749/1768/2295 1748/1767/2297 1804/1798/2298
f 1804/1798/2298 1748/1767/2297 1747/1766/2299 1803/1799/2300
f 1803/1799/2300 1747/1766/2299 1746/1765/2301 1802/1800/2301
f 1802/1800/2301 1746/1765/2301 1745/1764/2302 1801/1801/2303
f 1801/1801/2303 1745/1764/2302 1744/1763/2304 1800/1802/2305
f 1800/1802/2305 1744/1763/2304 1743/1762/2306 1799/1803/2307
f 1799/1803/2307 1743/1762/2306 1742/1761/2308 1798/1804/2309
f 1798/1804/2309 1742/1761/2308 1741/1760/2310 1797/1805/2311
f 1797/1805/2311 1741/1760/2310 1737/1757/2312 1794/1806/2313
f 1794/1806/2313 1737/1757/2312 1738/1756/2314 1795/1807/2315
f 1795/1807/2315 1738/1756/2314 1739/1758/2316 1796/1808/2317
f 1796/1808/2317 1739/1758/2316 1740/1759/2318 1812/1809/2319
f 1812/1809/2319 1740/1759/2318 1755/1774/2320 1811/1810/2321
f 1811/1810/2321 1755/1774/2320 1754/1773/2322 1810/1811/2323
f 1810/1811/2323 1754/1773/2322 1753/1772/2324 1809/1812/2325
f 1809/1812/2325 1753/1772/2324 1752/1771/2294 1808/1796/2293
f 1833/1813/2326 1814/1814/2327 1813/1815/2328 1834/1816/2329
f 1814/1814/2327 1815/1817/2330 1813/1815/2328
f 1835/1818/2331 1817/1819/2332 1814/1814/2327 1833/1813/2326
f 1813/1815/2328 1816/1820/2333 1836/1821/2334 1834/1816/2329
f 1815/1817/2330 1816/1820/2333 1813/1815/2328
f 1815/1817/2330 1814/1814/2327 1817/1819/2332
f 1816/1820/2333 1818/1822/2335 1837/1823/2336 1836/1821/2334
f 1815/1817/2330 1818/1822/2335 1816/1820/2333
f 1838/1824/2337 1819/1825/2338 1817/1819/2332 1835/1818/2331
f 1815/1817/2330 1817/1819/2332 1819/1825/2338
f 1839/1826/2339 1820/1827/2340 1819/1825/2338 1838/1824/2337
f 1815/1817/2330 1819/1825/2338 1820/1827/2340
f 1840/1828/2341 1821/1829/2342 1820/1827/2340 1839/1826/2339
f 1815/1817/2330 1820/1827/2340 1821/1829/2342
f 1841/1830/2343 1822/1831/2344 1821/1829/2342 1840/1828/2341
f 1815/1817/2330 1821/1829/2342 1822/1831/2344
f 1842/1832/2345 1823/1833/2346 1822/1831/2344 1841/1830/2343
f 1815/1817/2330 1822/1831/2344 1823/1833/2346
f 1818/1822/2335 1824/1834/2347 1843/1835/2348 1837/1823/2336
f 1815/1817/2330 1824/1834/2347 1818/1822/2335
f 1824/1834/2347 1825/1836/2349 1844/1837/2350 1843/1835/2348
f 1815/1817/2330 1825/1836/2349 1824/1834/2347
f 1825/1836/2349 1826/1838/2351 1845/1839/2352 1844/1837/2350
f 1815/1817/2330 1826/1838/2351 1825/1836/2349
f 1826/1838/2351 1827/1840/2353 1846/1841/2354 1845/1839/2352
f 1815/1817/2330 1827/1840/2353 1826/1838/2351
f 1827/1840/2353 1828/1842/2355 1847/1843/2356 1846/1841/2354
f 1815/1817/2330 1828/1842/2355 1827/1840/2353
f 1828/1842/2355 1829/1844/2357 1848/1845/2358 1847/1843/2356
f 1815/1817/2330 1829/1844/2357 1828/1842/2355
f 1829/1844/2357 1830/1846/2359 1849/1847/2360 1848/1845/2358
f 1815/1817/2330 1830/1846/2359 1829/1844/2357
f 1830/1846/2359 1831/1848/2361 1850/1849/2362 1849/1847/2360
f 1815/1817/2330 1831/1848/2361 1830/1846/2359
f 1831/1848/2361 1832/1850/2363 1851/1851/2364 1850/1849/2362
f 1815/1817/2330 1832/1850/2363 1831/1848/2361
f 1842/1832/2345 1851/1851/2364 1832/1850/2363 1823/1833/2346
f 1815/1817/2330 1823/1833/2346 1832/1850/2363
f 1868/1852/2365 1852/1853/2366 1853/1854/2367 1869/1855/2368
f 1870/1856/2369 1854/1857/2370 1852/1853/2366 1868/1852/2365
f 1871/1858/2371 1855/1859/2372 1856/1860/2373 1872/1861/2374
f 1873/1862/2375 1857/1863/2376 1858/1864/2377 1874/1865/2378
f 1875/1866/2379 1859/1867/2380 1854/1857/2370 1870/1856/2369
f 1876/1868/2381 1860/1869/2382 1859/1867/2380 1875/1866/2379
f 1877/1870/2383 1861/1871/2384 1860/1869/2382 1876/1868/2381
f 1869/1855/2368 1853/1854/2367 1855/1859/2372 1871/1858/2371
f 1878/1872/2385 1862/1873/2386 1863/1874/2387 1879/1875/2388
f 1879/1875/2388 1863/1874/2387 1864/1876/2389 1880/1877/2390
f 1880/1877/2390 1864/1876/2389 1865/1878/2391 1881/1879/2392
f 1881/1879/2392 1865/1878/2391 1861/1871/2384 1877/1870/2383
f 1874/1865/2378 1858/1864/2377 1866/1880/2393 1882/1881/2394
f 1882/1881/2394 1866/1880/2393 1862/1873/2386 1878/1872/2385
f 1872/1861/2374 1856/1860/2373 1857/1863/2376 1873/1862/2375
f 1854/1857/2370 1867/1882/2395 1852/1853/2366
f 1853/1854/2367 1852/1853/2366 1867/1882/2395
f 1856/1860/2373 1855/1859/2372 1867/1882/2395
f 1858/1864/2377 1857/1863/2376 1867/1882/2395
f 1854/1857/2370 1859/1867/2380 1867/1882/2395
f 1859/1867/2380 1860/1869/2382 1867/1882/2395
f 1860/1869/2382 1861/1871/2384 1867/1882/2395
f 1855/1859/2372 1853/1854/2367 1867/1882/2395
f 1863/1874/2387 1862/1873/2386 1867/1882/2395
f 1864/1876/2389 1863/1874/2387 1867/1882/2395
f 1865/1878/2391 1864/1876/2389 1867/1882/2395
f 1861/1871/2384 1865/1878/2391 1867/1882/2395
f 1866/1880/2393 1858/1864/2377 1867/1882/2395
f 1862/1873/2386 1866/1880/2393 1867/1882/2395
f 1857/1863/2376 1856/1860/2373 1867/1882/2395
f 1884/1883/2396 1942/1884/2397 1928/1885/2398 1883/1886/2399
f 1897/1887/2400 1941/1888/2401 1942/1884/2397 1884/1883/2396
f 1913/1889/2402 1914/1890/2403 1928/1885/2404 1942/1884/2405
f 1928/1885/2398 1929/1891/2406 1896/1892/2407 1883/1886/2399
f 1886/1893/2408 1939/1894/2409 1940/1895/2410 1885/1896/2411
f 1887/1897/2412 1938/1898/2413 1939/1894/2409 1886/1893/2408
f 1888/1899/2414 1937/1900/2415 1938/1898/2413 1887/1897/2412
f 1889/1901/2416 1936/1902/2417 1937/1900/2415 1888/1899/2414
f 1890/1903/2418 1935/1904/2418 1936/1902/2417 1889/1901/2416
f 1891/1905/2419 1934/1906/2420 1935/1904/2418 1890/1903/2418
f 1892/1907/2421 1933/1908/2422 1934/1906/2420 1891/1905/2419
f 1893/1909/2423 1932/1910/2424 1933/1908/2422 1892/1907/2421
f 1894/1911/2425 1931/1912/2426 1932/1910/2424 1893/1909/2423
f 1895/1913/2427 1930/1914/2428 1931/1912/2426 1894/1911/2425
f 1896/1892/2407 1929/1891/2406 1930/1914/2428 1895/1913/2427
f 1885/1896/2411 1940/1895/2410 1941/1888/2401 1897/1887/2400
f 1899/1915/2429 1898/1916/2430 1884/1883/2430 1883/1886/2431
f 1900/1917/2432 1897/1887/2433 1884/1883/2430 1898/1916/2430
f 1902/1918/2434 1886/1893/2434 1885/1896/2435 1901/1919/2435
f 1903/1920/2436 1887/1897/2437 1886/1893/2434 1902/1918/2434
f 1904/1921/2438 1888/1899/2438 1887/1897/2437 1903/1920/2436
f 1905/1922/2439 1889/1901/2439 1888/1899/2438 1904/1921/2438
f 1906/1923/2440 1890/1903/2440 1889/1901/2439 1905/1922/2439
f 1907/1924/2441 1891/1905/2442 1890/1903/2440 1906/1923/2440
f 1892/1907/2443 1891/1905/2442 1907/1924/2441 1908/1925/2444
f 1909/1926/2445 1893/1909/2446 1892/1907/2443 1908/1925/2444
f 1910/1927/2447 1894/1911/2447 1893/1909/2446 1909/1926/2445
f 1911/1928/2448 1895/1913/2448 1894/1911/2447 1910/1927/2447
f 1912/1929/2449 1896/1892/2450 1895/1913/2448 1911/1928/2448
f 1899/1915/2429 1883/1886/2431 1896/1892/2450 1912/1929/2449
f 1901/1919/2435 1885/1896/2435 1897/1887/2433 1900/1917/2432
f 1915/1930/2451 1916/1931/2452 1941/1888/2453 1940/1895/2454
f 1916/1931/2452 1913/1889/2402 1942/1884/2405 1941/1888/2453
f 1939/1894/2455 1917/1932/2456 1915/1930/2451 1940/1895/2454
f 1938/1898/2457 1918/1933/2458 1917/1932/2456 1939/1894/2455
f 1937/1900/2459 1919/1934/2460 1918/1933/2458 1938/1898/2457
f 1936/1902/2461 1920/1935/2462 1919/1934/2460 1937/1900/2459
f 1935/1904/2463 1921/1936/2464 1920/1935/2462 1936/1902/2461
f 1934/1906/2465 1922/1937/2466 1921/1936/2464 1935/1904/2463
f 1933/1908/2467 1923/1938/2468 1922/1937/2466 1934/1906/2465
f 1932/1910/2469 1924/1939/2470 1923/1938/2468 1933/1908/2467
f 1931/1912/2471 1925/1940/2472 1924/1939/2470 1932/1910/2469
f 1930/1914/2473 1926/1941/2474 1925/1940/2472 1931/1912/2471
f 1929/1891/2475 1927/1942/2476 1926/1941/2474 1930/1914/2473
f 1914/1890/2403 1927/1942/2476 1929/1891/2475 1928/1885/2404
f 1944/1943/2477 1959/1944/2478 1958/1945/2479 1945/1946/2480
f 1956/1947/2481 1947/1948/2482 1946/1949/2483 1957/1950/2484
f 1954/1951/2485 1949/1952/2486 1948/1953/2487 1955/1954/2488
f 1959/1944/2478 1944/1943/2477 1943/1955/2489 1960/1956/2489
f 1957/1950/2484 1946/1949/2483 1945/1946/2480 1958/1945/2479
f 1955/1954/2488 1948/1953/2487 1947/1948/2482 1956/1947/2481
f 1953/1957/2490 1950/1958/2491 1949/1952/2486 1954/1951/2485
f 1950/1958/2491 1953/1957/2490 1952/1959/2492 1951/1960/2493
f 1951/1960/2493 1952/1959/2492 1962/1961/2494 1961/1962/2494
f 1964/1963/2495 1982/1964/2496 1981/1965/2497 1963/1966/2498
f 1965/1967/2499 1983/1968/2500 1982/1964/2496 1964/1963/2495
f 1966/1969/2501 1984/1970/2502 1983/1968/2500 1965/1967/2499
f 1967/1971/2503 1986/1972/2504 1985/1973/2505 1968/1974/2506
f 1968/1974/2506 1985/1973/2505 1984/1970/2502 1966/1969/2501
f 1970/1975/2507 1988/1976/2508 1987/1977/2509 1969/1978/2510
f 1969/1978/2510 1987/1977/2509 1986/1972/2504 1967/1971/2503
f 1971/1979/2511 1989/1980/2512 1988/1976/2508 1970/1975/2507
f 1972/1981/2513 1990/1982/2514 1989/1980/2512 1971/1979/2511
f 1973/1983/2515 1991/1984/2516 1990/1982/2514 1972/1981/2513
f 1963/1966/2498 1981/1965/2497 1992/1985/2517 1976/1986/2518
f 1975/1987/2519 1994/1988/2520 1993/1989/2521 1974/1990/2522
f 1976/1986/2518 1992/1985/2517 1994/1988/2520 1975/1987/2519
f 1974/1990/2522 1993/1989/2521 1995/1991/2523 1977/1992/2524
f 1977/1992/2524 1995/1991/2523 1996/1993/2525 1978/1994/2526
f 1978/1994/2526 1996/1993/2525 1997/1995/2527 1979/1996/2528
f 1979/1996/2528 1997/1995/2527 1998/1997/2529 1980/1998/2530
f 1980/1998/2530 1998/1997/2529 1991/1984/2516 1973/1983/2515
f 1999/1999/2531 2043/2000/2531 2044/2001/2532 2000/2002/2533
f 2000/2002/2533 2044/2001/2532 2045/2003/2534 2001/2004/2534
f 2001/2004/2534 2045/2003/2534 2046/2005/2535 2002/2006/2536
f 2002/2006/2536 2046/2005/2535 2047/2007/2537 2003/2008/2538
f 2003/2008/2538 2047/2007/2537 2048/2009/2539 2004/2010/2540
f 2004/2010/2540 2048/2009/2539 2049/2011/2541 2005/2012/2541
f 2005/2012/2541 2049/2011/2541 2050/2013/2542 2006/2014/2543
f 2006/2014/2543 2050/2013/2542 2051/2015/2544 2007/2016/2544
f 2007/2016/2544 2051/2015/2544 2052/2017/2545 2008/2018/2545
f 2008/2018/2545 2052/2017/2545 2053/2019/2546 2009/2020/2546
f 2010/2021/2547 2054/2022/2548 2055/2023/2549 2011/2024/2550
f 2011/2024/2550 2055/2023/2549 2056/2025/2551 2012/2026/2551
f 2013/2027/2552 2057/2028/2553 2058/2029/2554 2014/2030/2555
f 2014/2030/2555 2058/2029/2554 2059/2031/2556 2015/2032/2557
f 2015/2032/2557 2059/2031/2556 2060/2033/2558 2016/2034/2558
f 2016/2034/2558 2060/2033/2558 2061/2035/2559 2017/2036/2559
f 2017/2036/2559 2061/2035/2559 2062/2037/2560 2018/2038/2560
f 2018/2038/2560 2062/2037/2560 2063/2039/2561 2019/2040/2561
f 2019/2040/2561 2063/2039/2561 2064/2041/2562 2020/2042/2562
f 2020/2042/2562 2064/2041/2562 2065/2043/2563 2021/2044/2564
f 2022/2045/2565 2066/2046/2566 2067/2047/2567 2023/2048/2567
f 2023/2048/2567 2067/2047/2567 2068/2049/2568 2024/2050/2568
f 2024/2050/2568 2068/2049/2568 2069/2051/2569 2025/2052/2569
f 2025/2052/2569 2069/2051/2569 2070/2053/2570 2026/2054/2570
f 2026/2054/2570 2070/2053/2570 2071/2055/2571 2027/2056/2572
f 2027/2056/2572 2071/2055/2571 2072/2057/2573 2028/2058/2574
f 2028/2058/2574 2072/2057/2573 2073/2059/2575 2029/2060/2576
f 2029/2060/2576 2073/2059/2575 2074/2061/2577 2030/2062/2577
f 2030/2062/2577 2074/2061/2577 2075/2063/2578 2031/2064/2579
f 2031/2064/2579 2075/2063/2578 2076/2065/2580 2032/2066/2580
f 2032/2066/2580 2076/2065/2580 2077/2067/2581 2033/2068/2581
f 2033/2068/2581 2077/2067/2581 2078/2069/2582 2034/2070/2583
f 2034/2070/2583 2078/2069/2582 2079/2071/2584 2035/2072/2584
f 2035/2072/2584 2079/2071/2584 2080/2073/2585 2036/2074/2586
f 2036/2074/2586 2080/2073/2585 2081/2075/2587 2037/2076/2587
f 2037/2076/2587 2081/2075/2587 2082/2077/2588 2038/2078/2589
f 2038/2078/2589 2082/2077/2588 2083/2079/2590 2039/2080/2590
f 2039/2080/2590 2083/2079/2590 2084/2081/2591 2040/2082/2592
f 2040/2082/2592 2084/2081/2591 2085/2083/2593 2041/2084/2594
f 2041/2084/2594 2085/2083/2593 2086/2085/2595 2042/2086/2595
f 2042/2086/2595 2086/2085/2595 2043/2000/2531 1999/1999/2531
f 2012/2026/2551 2056/2025/2551 2057/2028/2553 2013/2027/2552
f 2021/2044/2564 2065/2043/2563 2066/2046/2566 2022/2045/2565
f 2009/2020/2546 2053/2019/2546 2054/2022/2548 2010/2021/2547
f 2088/2087/2596 2099/2088/2596 2098/2089/2597 2087/2090/2597
f 2089/2091/2598 2100/2092/2598 2099/2088/2596 2088/2087/2596
f 2090/2093/2599 2101/2094/2600 2100/2092/2598 2089/2091/2598
f 2091/2095/2601 2102/2096/2601 2101/2094/2600 2090/2093/2599
f 2092/2097/2602 2103/2098/2603 2102/2096/2601 2091/2095/2601
f 2093/2099/2604 2104/2100/2605 2103/2098/2603 2092/2097/2602
f 2094/2101/2606 2105/2102/2607 2104/2100/2605 2093/2099/2604
f 2095/2103/2608 2106/2104/2608 2105/2102/2607 2094/2101/2606
f 2096/2105/2609 2107/2106/2609 2106/2104/2608 2095/2103/2608
f 2097/2107/2610 2108/2108/2611 2107/2106/2612 2096/2105/2612
f 2087/2090/2597 2098/2089/2597 2108/2108/2611 2097/2107/2610
f 2110/2109/2613 2124/2110/2614 2123/2111/2615 2109/2112/2616
f 2111/2113/2617 2125/2114/2618 2124/2110/2614 2110/2109/2613
f 2112/2115/2619 2126/2116/2620 2125/2114/2618 2111/2113/2617
f 2113/2117/2621 2127/2118/2621 2126/2116/2620 2112/2115/2619
f 2114/2119/2622 2128/2120/2623 2127/2118/2621 2113/2117/2621
f 2115/2121/2624 2129/2122/2624 2128/2120/2623 2114/2119/2622
f 2116/2123/2625 2130/2124/2625 2129/2122/2624 2115/2121/2624
f 2117/2125/2626 2131/2126/2626 2130/2124/2625 2116/2123/2625
f 2118/2127/2627 2132/2128/2627 2131/2126/2626 2117/2125/2626
f 2119/2129/2628 2133/2130/2628 2132/2128/2627 2118/2127/2627
f 2120/2131/2629 2134/2132/2630 2133/2130/2628 2119/2129/2628
f 2121/2133/2631 2135/2134/2632 2134/2132/2630 2120/2131/2629
f 2122/2135/2633 2136/2136/2634 2135/2134/2632 2121/2133/2631
f 2109/2112/2616 2123/2111/2615 2136/2136/2634 2122/2135/2633
f 2138/2137/2635 2151/2138/2636 2150/2139/2637 2137/2140/2637
f 2139/2141/2638 2152/2142/2639 2151/2138/2636 2138/2137/2635
f 2140/2143/2640 2153/2144/2641 2152/2142/2639 2139/2141/2638
f 2141/2145/2642 2154/2146/2643 2153/2144/2641 2140/2143/2640
f 2142/2147/2644 2155/2148/2644 2154/2146/2643 2141/2145/2642
f 2143/2149/2645 2156/2150/2646 2155/2148/2644 2142/2147/2644
f 2144/2151/2647 2157/2152/2648 2156/2150/2646 2143/2149/2645
f 2145/2153/2649 2158/2154/2649 2157/2152/2648 2144/2151/2647
f 2146/2155/2650 2159/2156/2650 2158/2154/2649 2145/2153/2649
f 2147/2157/2651 2160/2158/2651 2159/2156/2650 2146/2155/2650
f 2148/2159/2652 2161/2160/2653 2160/2158/2651 2147/2157/2651
f 2149/2161/2654 2162/2162/2654 2161/2160/2653 2148/2159/2652
f 2137/2140/2637 2150/2139/2637 2162/2162/2654 2149/2161/2654
f 2163/2163/2655 2176/2164/2656 2175/2165/2657 2174/2166/2658
f 2164/2167/2659 2177/2168/2659 2176/2164/2656 2163/2163/2655
f 2165/2169/2660 2178/2170/2661 2177/2168/2659 2164/2167/2659
f 2166/2171/2662 2179/2172/2663 2178/2170/2661 2165/2169/2660
f 2167/2173/2664 2180/2174/2665 2179/2172/2663 2166/2171/2662
f 2168/2175/2666 2181/2176/2666 2180/2174/2665 2167/2173/2664
f 2169/2177/2667 2182/2178/2668 2181/2176/2666 2168/2175/2666
f 2170/2179/2669 2183/2180/2669 2182/2178/2668 2169/2177/2667
f 2171/2181/2670 2184/2182/2670 2183/2180/2669 2170/2179/2669
f 2172/2183/2671 2185/2184/2672 2184/2182/2670 2171/2181/2670
f 2173/2185/2673 2186/2186/2673 2185/2184/2672 2172/2183/2671
f 2174/2166/2658 2175/2165/2657 2186/2186/2673 2173/2185/2673
f 1981/1965/2674 1982/1964/2675 2187/2187/2676 2188/2188/2677
f 1982/1964/2675 1983/1968/2678 2189/2189/2679 2187/2187/2676
f 1983/1968/2678 1984/1970/2680 2190/2190/2681 2189/2189/2679
f 1985/1973/2682 1986/1972/2683 2191/2191/2684 2192/2192/2685
f 1984/1970/2680 1985/1973/2682 2192/2192/2685 2190/2190/2681
f 1987/1977/2686 1988/1976/2687 2193/2193/2688 2194/2194/2689
f 1986/1972/2683 1987/1977/2686 2194/2194/2689 2191/2191/2684
f 1988/1976/2687 1989/1980/2690 2195/2195/2691 2193/2193/2688
f 1989/1980/2690 1990/1982/2692 2196/2196/2692 2195/2195/2691
f 1990/1982/2693 1991/1984/2694 2197/2197/2695 2196/2196/2693
f 1992/1985/2696 1981/1965/2674 2188/2188/2677 2198/2198/2697
f 1993/1989/2698 1994/1988/2699 2199/2199/2700 2200/2200/2701
f 1994/1988/2699 1992/1985/2696 2198/2198/2697 2199/2199/2700
f 1995/1991/2702 1993/1989/2698 2200/2200/2701 2201/2201/2703
f 1996/1993/2704 1995/1991/2702 2201/2201/2703 2202/2202/2705
f 1997/1995/2706 1996/1993/2704 2202/2202/2705 2203/2203/2707
f 1998/1997/2708 1997/1995/2706 2203/2203/2707 2204/2204/2709
f 1991/1984/2694 1998/1997/2708 2204/2204/2709 2197/2197/2695
f 2205/2205/2710 2206/2206/2710 2225/2207/2710 2224/2208/2710
f 2207/2209/2711 2205/2205/2712 2224/2208/2713 2226/2210/2714
f 2208/2211/2715 2207/2209/2711 2226/2210/2714 2227/2212/2716
f 2209/2213/2717 2208/2211/2715 2227/2212/2716 2228/2214/2718
f 2210/2215/2719 2209/2213/2717 2228/2214/2718 2229/2216/2720
f 2211/2217/2721 2210/2215/2719 2229/2216/2720 2230/2218/2722
f 2212/2219/2723 2211/2217/2721 2230/2218/2722 2231/2220/2724
f 2213/2221/2725 2212/2219/2723 2231/2220/2724 2232/2222/2726
f 2214/2223/2727 2213/2221/2725 2232/2222/2726 2233/2224/2728
f 2215/2225/2729 2214/2223/2727 2233/2224/2728 2234/2226/2730
f 2216/2227/2731 2215/2225/2729 2234/2226/2730 2235/2228/2732
f 2217/2229/2733 2216/2227/2731 2235/2228/2732 2236/2230/2734
f 2218/2231/2735 2217/2229/2733 2236/2230/2734 2237/2232/2736
f 2219/2233/2737 2218/2231/2735 2237/2232/2736 2238/2234/2738
f 2220/2235/2739 2219/2233/2737 2238/2234/2738 2239/2236/2740
f 2221/2237/2741 2220/2235/2739 2239/2236/2740 2240/2238/2742
f 2222/2239/2743 2221/2237/2741 2240/2238/2742 2241/2240/2744
f 2206/2206/2745 2222/2239/2743 2241/2240/2744 2225/2207/2746
f 2205/2205/2712 2223/2241/2747 2206/2206/2745
f 2205/2205/2712 2207/2209/2711 2223/2241/2747
f 2207/2209/2711 2208/2211/2715 2223/2241/2747
f 2208/2211/2715 2209/2213/2717 2223/2241/2747
f 2209/2213/2717 2210/2215/2719 2223/2241/2747
f 2210/2215/2719 2211/2217/2721 2223/2241/2747
f 2211/2217/2721 2212/2219/2723 2223/2241/2747
f 2212/2219/2723 2213/2221/2725 2223/2241/2747
f 2213/2221/2725 2214/2223/2727 2223/2241/2747
f 2214/2223/2727 2215/2225/2729 2223/2241/2747
f 2215/2225/2729 2216/2227/2731 2223/2241/2747
f 2216/2227/2731 2217/2229/2733 2223/2241/2747
f 2217/2229/2733 2218/2231/2735 2223/2241/2747
f 2218/2231/2735 2219/2233/2737 2223/2241/2747
f 2219/2233/2737 2220/2235/2739 2223/2241/2747
f 2220/2235/2739 2221/2237/2741 2223/2241/2747
f 2221/2237/2741 2222/2239/2743 2223/2241/2747
f 2222/2239/2743 2206/2206/2745 2223/2241/2747
f 2311/2242/2748 2243/2243/2749 2244/2244/2750 2312/2245/2751
f 2312/2245/2751 2244/2244/2750 2245/2246/2752 2313/2247/2753
f 2245/2246/2752 2332/2248/2754 2349/2249/2755 2313/2247/2753
f 2242/2250/2756 2243/2243/2749 2311/2242/2748 2286/2251/2757
f 2313/2247/2753 2349/2249/2755 2348/2252/2758 2310/2253/2759
f 2312/2245/2751 2313/2247/2753 2310/2253/2759 2309/2254/2760
f 2311/2242/2748 2312/2245/2751 2309/2254/2760 2308/2255/2761
f 2311/2242/2748 2308/2255/2761 2285/2256/2762 2286/2251/2757
f 2310/2253/2759 2348/2252/2758 2347/2257/2763 2307/2258/2764
f 2309/2254/2760 2310/2253/2759 2307/2258/2764 2306/2259/2765
f 2308/2255/2761 2309/2254/2760 2306/2259/2765 2305/2260/2766
f 2308/2255/2761 2305/2260/2766 2284/2261/2767 2285/2256/2762
f 2307/2258/2764 2347/2257/2763 2346/2262/2768 2304/2263/2769
f 2306/2259/2765 2307/2258/2764 2304/2263/2769 2303/2264/2770
f 2305/2260/2766 2306/2259/2765 2303/2264/2770 2302/2265/2771
f 2305/2260/2766 2302/2265/2771 2283/2266/2772 2284/2261/2767
f 2304/2263/2769 2346/2262/2768 2345/2267/2773 2301/2268/2774
f 2303/2264/2770 2304/2263/2769 2301/2268/2774 2300/2269/2775
f 2302/2265/2771 2303/2264/2770 2300/2269/2775 2299/2270/2776
f 2302/2265/2771 2299/2270/2776 2282/2271/2777 2283/2266/2772
f 2301/2268/2774 2345/2267/2773 2344/2272/2778 2298/2273/2779
f 2300/2269/2775 2301/2268/2774 2298/2273/2779 2297/2274/2780
f 2299/2270/2776 2300/2269/2775 2297/2274/2780 2296/2275/2781
f 2299/2270/2776 2296/2275/2781 2281/2276/2782 2282/2271/2777
f 2298/2277/2779 2344/2278/2778 2343/2279/2783 2295/2280/2784
f 2297/2281/2780 2298/2277/2779 2295/2280/2784 2294/2282/2785
f 2296/2283/2781 2297/2281/2780 2294/2282/2785 2293/2284/2786
f 2296/2283/2781 2293/2284/2786 2280/2285/2787 2281/2286/2782
f 2295/2280/2784 2343/2279/2783 2342/2287/2788 2292/2288/2789
f 2294/2282/2785 2295/2280/2784 2292/2288/2789 2291/2289/2790
f 2293/2284/2786 2294/2282/2785 2291/2289/2790 2290/2290/2791
f 2293/2284/2786 2290/2290/2791 2279/2291/2792 2280/2285/2787
f 2292/2288/2789 2342/2287/2788 2341/2292/2793 2289/2293/2794
f 2291/2289/2790 2292/2288/2789 2289/2293/2794 2288/2294/2795
f 2290/2290/2791 2291/2289/2790 2288/2294/2795 2287/2295/2796
f 2290/2290/2791 2287/2295/2796 2278/2296/2797 2279/2291/2792
f 2289/2293/2794 2341/2292/2793 2340/2297/2798 2277/2298/2799
f 2288/2294/2795 2289/2293/2794 2277/2298/2799 2276/2299/2800
f 2287/2295/2796 2288/2294/2795 2276/2299/2800 2275/2300/2801
f 2287/2295/2796 2275/2300/2801 2274/2301/2802 2278/2296/2797
f 2277/2298/2799 2340/2297/2798 2339/2302/2803 2273/2303/2804
f 2276/2299/2800 2277/2298/2799 2273/2303/2804 2272/2304/2805
f 2275/2300/2801 2276/2299/2800 2272/2304/2805 2271/2305/2806
f 2275/2300/2801 2271/2305/2806 2270/2306/2807 2274/2301/2802
f 2273/2303/2804 2339/2302/2803 2338/2307/2808 2269/2308/2809
f 2272/2304/2805 2273/2303/2804 2269/2308/2809 2268/2309/2810
f 2271/2305/2806 2272/2304/2805 2268/2309/2810 2267/2310/2811
f 2271/2305/2806 2267/2310/2811 2266/2311/2812 2270/2306/2807
f 2269/2308/2809 2338/2307/2808 2337/2312/2813 2265/2313/2814
f 2268/2309/2810 2269/2308/2809 2265/2313/2814 2264/2314/2815
f 2267/2310/2811 2268/2309/2810 2264/2314/2815 2263/2315/2816
f 2267/2310/2811 2263/2315/2816 2262/2316/2817 2266/2311/2812
f 2265/2313/2814 2337/2312/2813 2336/2317/2818 2261/2318/2819
f 2264/2314/2815 2265/2313/2814 2261/2318/2819 2260/2319/2820
f 2263/2315/2816 2264/2314/2815 2260/2319/2820 2259/2320/2821
f 2263/2315/2816 2259/2320/2821 2258/2321/2822 2262/2316/2817
f 2261/2318/2819 2336/2317/2818 2335/2322/2823 2257/2323/2824
f 2260/2319/2820 2261/2318/2819 2257/2323/2824 2256/2324/2825
f 2259/2320/2821 2260/2319/2820 2256/2324/2825 2255/2325/2826
f 2259/2320/2821 2255/2325/2826 2254/2326/2827 2258/2321/2822
f 2257/2323/2824 2335/2322/2823 2334/2327/2828 2253/2328/2829
f 2256/2324/2825 2257/2323/2824 2253/2328/2829 2252/2329/2830
f 2255/2325/2826 2256/2324/2825 2252/2329/2830 2251/2330/2831
f 2255/2325/2826 2251/2330/2831 2250/2331/2832 2254/2326/2827
f 2253/2328/2829 2334/2327/2828 2333/2332/2833 2249/2333/2834
f 2252/2329/2830 2253/2328/2829 2249/2333/2834 2248/2334/2835
f 2251/2330/2831 2252/2329/2830 2248/2334/2835 2247/2335/2836
f 2251/2330/2831 2247/2335/2836 2246/2336/2837 2250/2331/2832
f 2249/2333/2834 2333/2332/2833 2332/2248/2754 2245/2246/2752
f 2248/2334/2835 2249/2333/2834 2245/2246/2752 2244/2244/2750
f 2247/2335/2836 2248/2334/2835 2244/2244/2750 2243/2243/2749
f 2247/2335/2836 2243/2243/2749 2242/2250/2756 2246/2336/2837
f 2328/2337/2838 2283/2266/2772 2282/2271/2777 2327/2338/2839
f 2329/2339/2840 2284/2261/2767 2283/2266/2772 2328/2337/2838
f 2330/2340/2841 2285/2256/2762 2284/2261/2767 2329/2339/2840
f 2314/2341/2842 2242/2250/2756 2286/2251/2757 2331/2342/2843
f 2331/2342/2843 2286/2251/2757 2285/2256/2762 2330/2340/2841
f 2327/2338/2839 2282/2271/2777 2281/2276/2782 2326/2343/2844
f 2326/2344/2844 2281/2286/2782 2280/2285/2787 2325/2345/2845
f 2325/2345/2845 2280/2285/2787 2279/2291/2792 2324/2346/2846
f 2324/2346/2846 2279/2291/2792 2278/2296/2797 2323/2347/2847
f 2323/2347/2847 2278/2296/2797 2274/2301/2802 2322/2348/2848
f 2322/2348/2848 2274/2301/2802 2270/2306/2807 2321/2349/2849
f 2321/2349/2849 2270/2306/2807 2266/2311/2812 2320/2350/2850
f 2320/2350/2850 2266/2311/2812 2262/2316/2817 2319/2351/2851
f 2319/2351/2851 2262/2316/2817 2258/2321/2822 2318/2352/2852
f 2318/2352/2852 2258/2321/2822 2254/2326/2827 2317/2353/2853
f 2317/2353/2853 2254/2326/2827 2250/2331/2832 2316/2354/2854
f 2316/2354/2854 2250/2331/2832 2246/2336/2837 2315/2355/2855
f 2315/2355/2855 2246/2336/2837 2242/2250/2756 2314/2341/2842
f 2350/2356/2856 2349/2357/2755 2332/2358/2754
f 2350/2356/2856 2332/2358/2754 2333/2359/2833
f 2350/2356/2856 2333/2359/2833 2334/2360/2828
f 2350/2356/2856 2334/2360/2828 2335/2361/2823
f 2350/2356/2856 2335/2361/2823 2336/2362/2818
f 2350/2356/2856 2336/2362/2818 2337/2363/2813
f 2350/2356/2856 2337/2363/2813 2338/2364/2808
f 2350/2356/2856 2338/2364/2808 2339/2365/2803
f 2350/2356/2856 2339/2365/2803 2340/2366/2798
f 2350/2356/2856 2340/2366/2798 2341/2367/2793
f 2350/2356/2856 2341/2367/2793 2342/2368/2788
f 2350/2356/2856 2342/2368/2788 2343/2369/2783
f 2350/2356/2856 2343/2369/2783 2344/2370/2778
f 2350/2356/2856 2344/2370/2778 2345/2371/2773
f 2350/2356/2856 2345/2371/2773 2346/2372/2768
f 2350/2356/2856 2346/2372/2768 2347/2373/2763
f 2350/2356/2856 2347/2373/2763 2348/2374/2758
f 2350/2356/2856 2348/2374/2758 2349/2357/2755
f 2374/2375/2857 2373/2376/2858 2351/2377/2859 2352/2378/2860
f 2375/2379/2861 2374/2375/2857 2352/2378/2860 2353/2380/2862
f 2376/2381/2863 2375/2379/2861 2353/2380/2862 2354/2382/2864
f 2377/2383/2865 2376/2381/2863 2354/2382/2864 2355/2384/2866
f 2378/2385/2867 2377/2383/2865 2355/2384/2866 2356/2386/2868
f 2379/2387/2869 2378/2385/2867 2356/2386/2868 2357/2388/2870
f 2380/2389/2871 2379/2387/2869 2357/2388/2870 2358/2390/2872
f 2381/2391/2873 2380/2389/2871 2358/2390/2872 2359/2392/2874
f 2382/2393/2875 2381/2391/2873 2359/2392/2874 2360/2394/2876
f 2383/2395/2877 2382/2393/2875 2360/2394/2876 2361/2396/2878
f 2373/2376/2858 2383/2395/2877 2361/2396/2878 2351/2377/2859
f 2363/2397/2879 2352/2378/2880 2351/2377/2881 2362/2398/2882
f 2364/2399/2883 2353/2380/2884 2352/2378/2880 2363/2397/2879
f 2365/2400/2885 2354/2382/2886 2353/2380/2884 2364/2399/2883
f 2366/2401/2887 2355/2384/2888 2354/2382/2886 2365/2400/2885
f 2367/2402/2889 2356/2386/2890 2355/2384/2888 2366/2401/2887
f 2368/2403/2891 2357/2388/2892 2356/2386/2890 2367/2402/2889
f 2369/2404/2893 2358/2390/2894 2357/2388/2892 2368/2403/2891
f 2370/2405/2895 2359/2392/2896 2358/2390/2894 2369/2404/2893
f 2371/2406/2897 2360/2394/2898 2359/2392/2896 2370/2405/2895
f 2372/2407/2899 2361/2396/2900 2360/2394/2898 2371/2406/2897
f 2362/2398/2882 2351/2377/2881 2361/2396/2900 2372/2407/2899
f 2385/2408/2901 2384/2409/2902 2373/2376/2858 2374/2375/2857
f 2386/2410/2903 2385/2408/2901 2374/2375/2857 2375/2379/2861
f 2387/2411/2904 2386/2410/2903 2375/2379/2861 2376/2381/2863
f 2388/2412/2905 2387/2411/2904 2376/2381/2863 2377/2383/2865
f 2389/2413/2906 2388/2412/2905 2377/2383/2865 2378/2385/2867
f 2390/2414/2907 2389/2413/2906 2378/2385/2867 2379/2387/2869
f 2391/2415/2908 2390/2414/2907 2379/2387/2869 2380/2389/2871
f 2392/2416/2909 2391/2415/2908 2380/2389/2871 2381/2391/2873
f 2393/2417/2910 2392/2416/2909 2381/2391/2873 2382/2393/2875
f 2394/2418/2911 2393/2417/2910 2382/2393/2875 2383/2395/2877
f 2384/2409/2902 2394/2418/2911 2383/2395/2877 2373/2376/2858
f 2396/2419/2912 2395/2420/2913 2384/2409/2902 2385/2408/2901
f 2397/2421/2914 2396/2419/2912 2385/2408/2901 2386/2410/2903
f 2398/2422/2915 2397/2421/2914 2386/2410/2903 2387/2411/2904
f 2399/2423/2916 2398/2422/2915 2387/2411/2904 2388/2412/2905
f 2400/2424/2917 2399/2423/2916 2388/2412/2905 2389/2413/2906
f 2401/2425/2918 2400/2424/2917 2389/2413/2906 2390/2414/2907
f 2402/2426/2919 2401/2425/2918 2390/2414/2907 2391/2415/2908
f 2403/2427/2920 2402/2426/2919 2391/2415/2908 2392/2416/2909
f 2404/2428/2921 2403/2427/2920 2392/2416/2909 2393/2417/2910
f 2405/2429/2922 2404/2428/2921 2393/2417/2910 2394/2418/2911
f 2395/2420/2913 2405/2429/2922 2394/2418/2911 2384/2409/2902
f 2411/2430/2923 2410/2431/2923 2446/2432/2924 2463/2433/2925
f 2406/2434/2926 2409/2435/2927 2408/2436/2928 2407/2437/2929
f 2463/2433/2925 2462/2438/2930 2413/2439/2931 2411/2430/2923
f 2461/2440/2932 2417/2441/2933 2413/2439/2931 2462/2438/2930
f 2408/2436/2928 2414/2442/2934 2412/2443/2935 2407/2437/2929
f 2414/2442/2934 2419/2444/2936 2415/2445/2937 2412/2443/2935
f 2460/2446/2938 2469/2447/2939 2417/2441/2933 2461/2440/2932
f 2422/2448/2940 2469/2447/2939 2460/2446/2938 2459/2449/2941
f 2419/2444/2936 2420/2450/2942 2416/2451/2943 2415/2445/2937
f 2420/2450/2942 2421/2452/2944 2418/2453/2945 2416/2451/2943
f 2421/2452/2944 2483/2454/2946 2445/2455/2947 2418/2453/2945
f 2423/2456/2948 2422/2448/2940 2459/2449/2941 2458/2457/2949
f 2458/2457/2949 2457/2458/2950 2424/2459/2951 2423/2456/2948
f 2456/2460/2952 2425/2461/2953 2424/2459/2951 2457/2458/2950
f 2470/2462/2954 2422/2448/2940 2423/2456/2948 2472/2463/2955
f 2424/2459/2951 2471/2464/2956 2472/2463/2955 2423/2456/2948
f 2471/2464/2956 2424/2459/2951 2425/2461/2953 2473/2465/2957
f 2468/2466/2958 2469/2447/2939 2422/2448/2940 2470/2462/2954
f 2426/2467/2959 2474/2468/2960 2473/2465/2957 2425/2461/2953
f 2427/2469/2961 2475/2470/2962 2474/2468/2960 2426/2467/2959
f 2475/2470/2962 2427/2469/2961 2428/2471/2963 2476/2472/2964
f 2456/2460/2952 2455/2473/2965 2426/2467/2959 2425/2461/2953
f 2455/2473/2965 2454/2474/2966 2427/2469/2961 2426/2467/2959
f 2453/2475/2967 2428/2471/2963 2427/2469/2961 2454/2474/2966
f 2429/2476/2968 2477/2477/2969 2476/2472/2964 2428/2471/2963
f 2453/2475/2967 2452/2478/2970 2429/2476/2968 2428/2471/2963
f 2429/2476/2968 2478/2479/2971 2479/2480/2972 2477/2477/2969
f 2451/2481/2973 2478/2479/2971 2429/2476/2968 2452/2478/2970
f 2410/2431/2923 2433/2482/2974 2447/2483/2975 2446/2432/2924
f 2433/2482/2974 2432/2484/2976 2448/2485/2977 2447/2483/2975
f 2432/2484/2976 2431/2486/2978 2449/2487/2979 2448/2485/2977
f 2431/2486/2978 2430/2488/2980 2450/2489/2981 2449/2487/2979
f 2430/2488/2980 2478/2479/2971 2451/2481/2973 2450/2489/2981
f 2447/2483/2975 2434/2490/2982 2406/2434/2926 2446/2432/2924
f 2447/2483/2975 2448/2485/2977 2435/2491/2983 2434/2490/2982
f 2448/2485/2977 2449/2487/2979 2436/2492/2984 2435/2491/2983
f 2449/2487/2979 2450/2489/2981 2437/2493/2985 2436/2492/2984
f 2450/2489/2981 2451/2481/2973 2438/2494/2986 2437/2493/2985
f 2451/2481/2973 2452/2478/2970 2439/2495/2987 2438/2494/2986
f 2453/2475/2967 2440/2496/2988 2439/2495/2987 2452/2478/2970
f 2453/2475/2967 2454/2474/2966 2441/2497/2989 2440/2496/2988
f 2455/2473/2965 2442/2498/2990 2441/2497/2989 2454/2474/2966
f 2456/2460/2952 2443/2499/2991 2442/2498/2990 2455/2473/2965
f 2456/2460/2952 2457/2458/2950 2444/2500/2992 2443/2499/2991
f 2458/2457/2949 2445/2455/2947 2444/2500/2992 2457/2458/2950
f 2445/2455/2947 2458/2457/2949 2459/2449/2941 2418/2453/2945
f 2418/2453/2945 2459/2449/2941 2460/2446/2938 2416/2451/2943
f 2416/2451/2943 2460/2446/2938 2461/2440/2932 2415/2445/2937
f 2415/2445/2937 2461/2440/2932 2462/2438/2930 2412/2443/2935
f 2412/2443/2935 2462/2438/2930 2463/2433/2925 2407/2437/2929
f 2406/2434/2926 2407/2437/2929 2463/2433/2925 2446/2432/2924
f 2464/2501/2993 2409/2435/2927 2406/2434/2926 2434/2490/2982
f 2465/2502/2994 2466/2503/2995 2435/2491/2983 2436/2492/2984
f 2466/2503/2995 2464/2501/2993 2434/2490/2982 2435/2491/2983
f 2467/2504/2996 2465/2502/2994 2436/2492/2984 2437/2493/2985
f 2469/2447/2939 2468/2466/2958 2417/2441/2933
f 2479/2480/2972 2478/2479/2971 2430/2488/2980
f 2414/2442/2934 2480/2505/2997 2419/2444/2936
f 2408/2436/2928 2490/2506/2998 2480/2505/2997 2414/2442/2934
f 2465/2502/2994 2481/2507/2999 2466/2503/2995
f 2466/2503/2995 2481/2507/2999 2492/2508/3000 2464/2501/2993
f 2464/2501/2993 2492/2508/3000 2491/2509/3001 2409/2435/2927
f 2409/2435/2927 2491/2509/3001 2490/2506/2998 2408/2436/2928
f 2482/2510/3002 2484/2511/3003 2443/2499/2991 2444/2500/2992
f 2483/2454/2946 2482/2510/3002 2444/2500/2992 2445/2455/2947
f 2485/2512/3004 2442/2498/2990 2443/2499/2991 2484/2511/3003
f 2485/2512/3004 2486/2513/3005 2441/2497/2989 2442/2498/2990
f 2486/2513/3005 2487/2514/3006 2440/2496/2988 2441/2497/2989
f 2488/2515/3007 2439/2495/2987 2440/2496/2988 2487/2514/3006
f 2489/2516/3008 2467/2504/2996 2437/2493/2985 2438/2494/2986
f 2439/2495/2987 2488/2515/3007 2489/2516/3008 2438/2494/2986
f 2480/2505/2997 2493/2517/3009 2420/2450/2942 2419/2444/2936
f 2493/2517/3009 2494/2518/3010 2421/2452/2944 2420/2450/2942
f 2494/2518/3010 2503/2519/3011 2483/2454/2946 2421/2452/2944
f 2490/2506/2998 2495/2520/3012 2493/2517/3009 2480/2505/2997
f 2495/2520/3012 2496/2521/3013 2494/2518/3010 2493/2517/3009
f 2496/2521/3013 2504/2522/3014 2503/2519/3011 2494/2518/3010
f 2491/2509/3001 2497/2523/3015 2495/2520/3012 2490/2506/2998
f 2497/2523/3015 2498/2524/3016 2496/2521/3013 2495/2520/3012
f 2498/2524/3016 2505/2525/3017 2504/2522/3014 2496/2521/3013
f 2492/2508/3000 2499/2526/3018 2497/2523/3015 2491/2509/3001
f 2499/2526/3018 2500/2527/3019 2498/2524/3016 2497/2523/3015
f 2500/2527/3019 2506/2528/3020 2505/2525/3017 2498/2524/3016
f 2481/2507/2999 2501/2529/3021 2499/2526/3018 2492/2508/3000
f 2501/2529/3021 2502/2530/3022 2500/2527/3019 2499/2526/3018
f 2502/2530/3022 2507/2531/3023 2506/2528/3020 2500/2527/3019
f 2508/2532/3024 2512/2533/3025 2503/2519/3011 2504/2522/3014
f 2505/2525/3017 2509/2534/3026 2508/2532/3024 2504/2522/3014
f 2506/2528/3020 2510/2535/3027 2509/2534/3026 2505/2525/3017
f 2511/2536/3028 2510/2535/3027 2506/2528/3020 2507/2531/3023
f 2467/2504/2996 2501/2529/3021 2481/2507/2999 2465/2502/2994
f 2489/2516/3008 2502/2530/3022 2501/2529/3021 2467/2504/2996
f 2488/2515/3007 2507/2531/3023 2502/2530/3022 2489/2516/3008
f 2487/2514/3006 2511/2536/3028 2507/2531/3023 2488/2515/3007
f 2482/2510/3002 2483/2454/2946 2503/2519/3011 2512/2533/3025
f 2508/2532/3024 2484/2511/3003 2482/2510/3002 2512/2533/3025
f 2486/2513/3005 2510/2535/3027 2511/2536/3028 2487/2514/3006
f 2509/2534/3026 2485/2512/3004 2484/2511/3003 2508/2532/3024
f 2509/2534/3026 2510/2535/3027 2486/2513/3005 2485/2512/3004
f 2540/2537/3029 2539/2538/3030 2519/2539/3030 2518/2540/3031
f 2549/2541/3032 2548/2542/3033 2531/2543/3034 2513/2544/3035
f 2551/2545/3036 2550/2546/3037 2514/2547/3038 2532/2548/3039
f 2552/2549/3040 2565/2550/3041 2564/2551/3042 2515/2552/3043
f 2514/2547/3038 2516/2553/3044 2533/2554/3045 2532/2548/3039
f 2526/2555/3046 2534/2556/3047 2533/2554/3045 2516/2553/3044
f 2517/2557/3048 2567/2558/3049 2566/2559/3050 2547/2560/3051
f 2540/2537/3029 2518/2540/3031 2513/2544/3035 2531/2543/3034
f 2539/2538/3030 2538/2561/3052 2520/2562/3053 2519/2539/3030
f 2581/2563/3054 2582/2564/3055 2520/2562/3053 2538/2561/3052
f 2582/2564/3055 2581/2563/3054 2584/2565/3056 2583/2566/3057
f 2563/2567/3058 2521/2568/3059 2515/2552/3043 2564/2551/3042
f 2563/2567/3058 2562/2569/3060 2527/2570/3061 2521/2568/3059
f 2567/2558/3049 2517/2557/3048 2522/2571/3062 2568/2572/3063
f 2522/2571/3062 2523/2573/3064 2569/2574/3065 2568/2572/3063
f 2523/2573/3064 2524/2575/3066 2570/2576/3067 2569/2574/3065
f 2580/2577/3068 2570/2576/3067 2524/2575/3066 2579/2578/3069
f 2585/2579/3070 2580/2577/3068 2579/2578/3069 2586/2580/3071
f 2525/2581/3072 2572/2582/3073 2571/2583/3074 2537/2584/3075
f 2515/2552/3043 2521/2568/3059 2554/2585/3076 2553/2586/3077
f 2546/2587/3078 2545/2588/3079 2522/2571/3062 2517/2557/3048
f 2547/2560/3051 2546/2587/3078 2517/2557/3048
f 2552/2549/3040 2515/2552/3043 2553/2586/3077
f 2545/2588/3079 2544/2589/3080 2523/2573/3064 2522/2571/3062
f 2527/2570/3061 2555/2590/3081 2554/2585/3076 2521/2568/3059
f 2544/2589/3080 2543/2591/3082 2524/2575/3066 2523/2573/3064
f 2527/2570/3061 2528/2592/3083 2556/2593/3084 2555/2590/3081
f 2562/2569/3060 2561/2594/3085 2528/2592/3083 2527/2570/3061
f 2529/2595/3086 2535/2596/3087 2534/2556/3047 2526/2555/3046
f 2579/2578/3069 2524/2575/3066 2543/2591/3082 2578/2597/3088
f 2577/2598/3089 2556/2593/3084 2528/2592/3083 2576/2599/3090
f 2576/2599/3090 2528/2592/3083 2561/2594/3085 2575/2600/3091
f 2579/2578/3069 2578/2597/3088 2587/2601/3092 2586/2580/3071
f 2588/2602/3093 2577/2598/3089 2576/2599/3090 2589/2603/3094
f 2576/2599/3090 2575/2600/3091 2590/2604/3095 2589/2603/3094
f 2591/2605/3096 2574/2606/3097 2573/2607/3098 2592/2608/3099
f 2560/2609/3100 2559/2610/3101 2530/2611/3102 2536/2612/3103
f 2530/2611/3102 2558/2613/3104 2557/2614/3105 2536/2612/3103
f 2541/2615/3106 2525/2581/3072 2537/2584/3075 2542/2616/3107
f 2566/2559/3050 2567/2558/3049 2531/2543/3034 2548/2542/3033
f 2564/2551/3042 2565/2550/3041 2551/2545/3036 2532/2548/3039
f 2533/2554/3045 2563/2567/3058 2564/2551/3042 2532/2548/3039
f 2534/2556/3047 2562/2569/3060 2563/2567/3058 2533/2554/3045
f 2581/2563/3054 2580/2577/3068 2585/2579/3070 2584/2565/3056
f 2569/2574/3065 2539/2538/3030 2540/2537/3029 2568/2572/3063
f 2567/2558/3049 2568/2572/3063 2540/2537/3029 2531/2543/3034
f 2578/2597/3088 2577/2598/3089 2588/2602/3093 2587/2601/3092
f 2578/2597/3088 2543/2591/3082 2556/2593/3084 2577/2598/3089
f 2555/2590/3081 2556/2593/3084 2543/2591/3082 2544/2589/3080
f 2555/2590/3081 2544/2589/3080 2545/2588/3079 2554/2585/3076
f 2552/2549/3040 2553/2586/3077 2546/2587/3078 2547/2560/3051
f 2551/2545/3036 2565/2550/3041 2566/2559/3050 2548/2542/3033
f 2549/2541/3032 2550/2546/3037 2551/2545/3036 2548/2542/3033
f 2565/2550/3041 2552/2549/3040 2547/2560/3051 2566/2559/3050
f 2553/2586/3077 2554/2585/3076 2545/2588/3079 2546/2587/3078
f 2557/2614/3105 2558/2613/3104 2541/2615/3106 2542/2616/3107
f 2575/2600/3091 2574/2606/3097 2591/2605/3096 2590/2604/3095
f 2535/2596/3087 2574/2606/3097 2575/2600/3091 2561/2594/3085
f 2535/2596/3087 2561/2594/3085 2562/2569/3060 2534/2556/3047
f 2570/2576/3067 2538/2561/3052 2539/2538/3030 2569/2574/3065
f 2580/2577/3068 2581/2563/3054 2538/2561/3052 2570/2576/3067
f 2529/2595/3086 2573/2607/3098 2574/2606/3097 2535/2596/3087
f 2572/2582/3073 2583/2566/3057 2584/2565/3056 2571/2583/3074
f 2584/2565/3056 2585/2579/3070 2571/2583/3074
f 2537/2584/3075 2571/2583/3074 2585/2579/3070 2586/2580/3071
f 2542/2616/3107 2537/2584/3075 2586/2580/3071 2587/2601/3092
f 2557/2614/3105 2542/2616/3107 2587/2601/3092 2588/2602/3093
f 2589/2603/3094 2536/2612/3103 2557/2614/3105 2588/2602/3093
f 2560/2609/3100 2536/2612/3103 2589/2603/3094 2590/2604/3095
f 2590/2604/3095 2591/2605/3096 2560/2609/3100
f 2591/2605/3096 2592/2608/3099 2559/2610/3101 2560/2609/3100
o right_batteryIndicatorQuad
v 3.554523 -0.438032 0.155899
v 3.550776 0.452640 -0.199981
v 3.358929 -0.438032 0.097343
v 3.355181 0.452640 -0.258195
vn -0.1420 0.0255 -0.9895
vn -0.1421 0.0255 -0.9895
vt 0.000000 0.000000
vt 0.000000 1.000000
vt 1.000000 1.000000
vt 1.000000 0.000000
s 1
usemtl batteryIndicator_mat
f 2593/2617/3108 2595/2618/3108 2596/2619/3109 2594/2620/3109
o right_nub
v -1.025319 -7.218467 6.507563
v -1.016045 -6.497984 5.808560
v -0.567391 -6.973660 6.765967
v -0.558117 -6.253178 6.066966
v -1.137504 -7.202697 6.511868
v -1.128299 -6.487441 5.817938
v -1.241824 -7.108540 6.607534
v -1.232616 -6.393286 5.913603
v -1.227820 -7.035692 6.693267
v -1.218547 -6.315209 5.994265
v -0.769896 -6.790885 6.951673
v -0.760620 -6.070404 6.252669
v -0.657574 -6.796201 6.937223
v -0.648366 -6.080945 6.243293
v -0.553253 -6.890357 6.841558
v -0.544047 -6.175102 6.147627
v -1.084325 -7.226751 6.493011
v -1.075086 -6.508882 5.796544
v -1.258070 -7.069933 6.652342
v -1.248830 -6.352064 5.955876
v -0.710819 -6.777373 6.961153
v -0.701579 -6.059504 6.264688
v -0.527833 -6.216323 6.105354
v -0.537074 -6.934192 6.801821
v -0.884549 -6.865532 6.900115
v -0.682047 -7.048323 6.714427
v -0.999134 -6.934787 6.843327
v -0.796634 -7.117698 6.657754
v -1.113513 -6.987981 6.770959
v -0.911009 -7.170662 6.585162
v -1.246902 -7.153421 6.551986
v -1.301265 -7.069744 6.637518
v -1.315873 -6.978619 6.731249
v -1.289230 -6.889124 6.823847
v -1.223976 -6.810062 6.906204
v -1.128533 -6.749986 6.969391
v -1.008883 -6.712925 7.009177
v -0.878164 -6.703620 7.020506
v -0.749395 -6.723027 7.002212
v -0.635235 -6.769223 6.956109
v -0.548053 -6.836264 6.888165
v -0.493695 -6.919943 6.802634
v -0.479085 -7.011068 6.708905
v -0.505728 -7.100561 6.616308
v -0.570981 -7.179622 6.533949
v -0.666423 -7.239699 6.470762
v -0.786075 -7.276759 6.430975
v -0.916794 -7.286066 6.419647
v -1.045565 -7.266659 6.437943
v -1.159724 -7.220462 6.484044
v -0.898082 -7.041642 6.765481
v -1.170047 -7.240571 6.485922
v -1.260609 -7.170932 6.556500
v -1.317077 -7.084006 6.645348
v -1.332253 -6.989347 6.742715
v -1.304576 -6.896383 6.838904
v -1.236792 -6.814253 6.924456
v -1.137649 -6.751848 6.990094
v -1.013358 -6.713349 7.031424
v -0.877566 -6.703681 7.043192
v -0.743801 -6.723842 7.024187
v -0.625215 -6.771831 6.976296
v -0.534654 -6.841468 6.905718
v -0.478187 -6.928396 6.816871
v -0.463011 -7.023054 6.719504
v -0.490686 -7.116019 6.623315
v -0.558469 -7.198147 6.537763
v -0.657614 -7.260554 6.472124
v -0.781905 -7.299053 6.430794
v -0.917696 -7.308720 6.419027
v -1.051459 -7.288559 6.438032
v -1.049748 -7.276551 6.432228
v -0.917366 -7.296503 6.413420
v -0.782978 -7.286935 6.425065
v -0.659972 -7.248834 6.465967
v -0.561852 -7.187075 6.530929
v -0.494768 -7.105794 6.615595
v -0.467377 -7.013789 6.710791
v -0.482397 -6.920108 6.807151
v -0.538282 -6.834081 6.895081
v -0.627907 -6.765160 6.964930
v -0.745268 -6.717668 7.012325
v -0.877653 -6.697717 7.031133
v -1.012039 -6.707285 7.019487
v -1.135047 -6.745384 6.978585
v -1.233164 -6.807144 6.913625
v -1.300249 -6.888426 6.828957
v -1.327639 -6.980430 6.733762
v -1.312619 -7.074111 6.637401
v -1.256735 -7.160137 6.549471
v -1.167110 -7.229058 6.479622
v -0.934125 -7.393014 7.057524
v -0.944198 -7.385269 7.065375
v -0.950480 -7.375603 7.075259
v -0.952168 -7.365074 7.086092
v -0.949090 -7.354734 7.096792
v -0.941550 -7.345598 7.106309
v -0.930522 -7.338656 7.113610
v -0.916696 -7.334375 7.118208
v -0.901591 -7.333299 7.119515
v -0.886711 -7.335542 7.117402
v -0.873522 -7.340878 7.112073
v -0.863448 -7.348624 7.104221
v -0.857165 -7.358292 7.094337
v -0.855478 -7.368819 7.083506
v -0.858557 -7.379158 7.072804
v -0.866096 -7.388295 7.063289
v -0.877126 -7.395235 7.055987
v -0.890950 -7.399518 7.051390
v -0.906054 -7.400594 7.050081
v -0.920937 -7.398353 7.052197
v -0.988704 -7.403098 6.797915
v -0.913051 -7.414497 6.787165
v -0.836251 -7.409029 6.793818
v -0.765955 -7.387256 6.817194
v -0.709883 -7.351961 6.854317
v -0.671544 -7.305511 6.902705
v -0.655892 -7.252934 6.957108
v -0.664475 -7.199400 7.012178
v -0.696413 -7.150240 7.062428
v -0.747632 -7.110854 7.102348
v -0.814701 -7.083715 7.129436
v -0.890354 -7.072315 7.140184
v -0.967154 -7.077784 7.133530
v -1.037450 -7.099558 7.110156
v -1.093522 -7.134852 7.073030
v -1.131860 -7.181301 7.024645
v -1.147511 -7.233879 6.970242
v -1.138928 -7.287412 6.915172
v -1.106992 -7.336572 6.864920
v -1.055774 -7.375958 6.825001
v -0.940280 -7.420537 7.001375
v -0.908369 -7.425348 6.996842
v -0.875976 -7.423044 6.999651
v -0.846325 -7.413860 7.009512
v -0.822673 -7.398971 7.025168
v -0.806503 -7.379377 7.045576
v -0.799900 -7.357197 7.068520
v -0.803520 -7.334612 7.091744
v -0.816993 -7.313872 7.112936
v -0.838596 -7.297254 7.129768
v -0.866885 -7.285803 7.141191
v -0.898796 -7.280991 7.145720
v -0.931189 -7.283296 7.142913
v -0.960840 -7.292480 7.133053
v -0.984491 -7.307366 7.117394
v -1.000663 -7.326962 7.096989
v -1.007264 -7.349143 7.074044
v -1.003645 -7.371728 7.050820
v -0.990173 -7.392468 7.029628
v -0.968570 -7.409085 7.012795
v -0.902348 -7.373095 7.087052
v -0.965129 -7.426995 6.913109
v -0.911012 -7.435154 6.905424
v -0.856075 -7.431248 6.910188
v -0.805792 -7.415674 6.926909
v -0.765681 -7.390424 6.953462
v -0.738258 -7.357193 6.988070
v -0.727063 -7.319579 7.026978
v -0.733204 -7.281277 7.066363
v -0.756049 -7.246105 7.102300
v -0.792687 -7.217924 7.130846
v -0.840662 -7.198505 7.150214
v -0.894777 -7.190344 7.157896
v -0.949710 -7.194254 7.153132
v -0.999991 -7.209827 7.136413
v -1.040101 -7.235075 7.109859
v -1.067526 -7.268303 7.075253
v -1.078722 -7.305919 7.036345
v -1.072582 -7.344220 6.996962
v -1.049738 -7.379391 6.961025
v -1.013103 -7.407574 6.932477
vn 0.4731 -0.6166 -0.6293
vn 0.5537 -0.5835 -0.5941
vn 0.6136 -0.5539 -0.5627
vn -0.1082 -0.6915 -0.7142
vn -0.1239 -0.6901 -0.7130
vn -0.8486 -0.3628 -0.3852
vn -0.7221 -0.4769 -0.5011
vn -0.7201 -0.4784 -0.5026
vn -0.8501 -0.3611 -0.3834
vn -0.9900 0.1044 0.0945
vn -0.9921 0.0936 0.0834
vn -0.5536 0.5835 0.5941
vn -0.6703 0.5211 0.5283
vn -0.6136 0.5539 0.5627
vn -0.4730 0.6166 0.6293
vn 0.1082 0.6915 0.7142
vn 0.1237 0.6902 0.7130
vn 0.8486 0.3628 0.3852
vn 0.7221 0.4769 0.5011
vn 0.7201 0.4784 0.5026
vn 0.8501 0.3611 0.3834
vn 0.9900 -0.1045 -0.0946
vn 0.7370 -0.4755 -0.4804
vn 0.6703 -0.5212 -0.5283
vn 0.9921 -0.0936 -0.0834
vn -0.7369 0.4755 0.4804
vn 0.0092 0.7177 -0.6963
vn 0.0541 0.7944 -0.6050
vn 0.0889 0.7803 -0.6191
vn 0.1151 0.7600 -0.6396
vn 0.1317 0.7346 -0.6656
vn 0.1361 0.7070 -0.6940
vn 0.1281 0.6798 -0.7221
vn 0.1082 0.6557 -0.7473
vn 0.0793 0.6376 -0.7662
vn 0.0430 0.6264 -0.7783
vn 0.0033 0.6235 -0.7818
vn -0.0358 0.6294 -0.7763
vn -0.0706 0.6434 -0.7623
vn -0.0968 0.6637 -0.7417
vn -0.1133 0.6891 -0.7157
vn -0.1178 0.7168 -0.6873
vn -0.1097 0.7439 -0.6592
vn -0.0899 0.7681 -0.6340
vn -0.0610 0.7861 -0.6150
vn -0.0247 0.7974 -0.6030
vn 0.0150 0.8003 -0.5995
vn -0.5557 -0.8128 -0.1749
vn -0.7433 -0.6682 -0.0301
vn -0.6000 0.2198 -0.7692
vn -0.4464 0.1016 -0.8891
vn -0.8581 -0.4916 0.1486
vn -0.6935 0.3640 -0.6218
vn -0.8896 -0.2982 0.3459
vn -0.7187 0.5218 -0.4595
vn -0.8338 -0.1078 0.5414
vn -0.6725 0.6770 -0.2990
vn -0.6977 0.0588 0.7140
vn -0.5607 0.8128 -0.1580
vn -0.4920 0.1883 0.8500
vn -0.3925 0.9186 -0.0466
vn -0.2397 0.2661 0.9336
vn -0.1864 0.9822 0.0219
vn 0.0370 0.2852 0.9577
vn 0.0400 0.9983 0.0416
vn 0.3097 0.2432 0.9192
vn 0.2632 0.9647 0.0100
vn 0.5488 0.1456 0.8232
vn 0.4591 0.8857 -0.0691
vn 0.7355 -0.0000 0.6776
vn 0.6127 0.7675 -0.1887
vn 0.8487 -0.1770 0.4984
vn 0.7063 0.6231 -0.3359
vn 0.8787 -0.3700 0.3015
vn 0.7317 0.4652 -0.4982
vn 0.8220 -0.5594 0.1068
vn 0.6856 0.3099 -0.6587
vn 0.6858 -0.7249 -0.0646
vn 0.5738 0.1744 -0.8002
vn 0.4811 -0.8537 -0.1996
vn 0.4055 0.0685 -0.9115
vn 0.2302 -0.9311 -0.2830
vn 0.1992 0.0046 -0.9799
vn -0.0450 -0.9505 -0.3074
vn -0.0273 -0.0116 -0.9996
vn -0.3167 -0.9094 -0.2697
vn -0.2506 0.0221 -0.9679
vn -0.4730 -0.8060 0.3558
vn -0.3549 -0.8967 0.2643
vn -0.1924 -0.8446 0.4996
vn -0.2536 -0.7969 0.5484
vn -0.5452 -0.6952 0.4685
vn -0.2908 -0.7384 0.6084
vn -0.5650 -0.5737 0.5929
vn -0.3003 -0.6750 0.6739
vn -0.5299 -0.4542 0.7162
vn -0.2812 -0.6129 0.7384
vn -0.4442 -0.3497 0.8249
vn -0.2358 -0.5585 0.7953
vn -0.3147 -0.2682 0.9105
vn -0.1689 -0.5168 0.8393
vn -0.1561 -0.2192 0.9631
vn -0.0861 -0.4910 0.8669
vn 0.0180 -0.2070 0.9782
vn 0.0045 -0.4843 0.8749
vn 0.1896 -0.2332 0.9538
vn 0.0941 -0.4973 0.8625
vn 0.3399 -0.2944 0.8932
vn 0.1736 -0.5287 0.8308
vn 0.4575 -0.3857 0.8012
vn 0.2354 -0.5754 0.7833
vn 0.5289 -0.4967 0.6882
vn 0.2742 -0.6335 0.7236
vn 0.5479 -0.6179 0.5639
vn 0.2852 -0.6972 0.6577
vn 0.5122 -0.7369 0.4412
vn 0.2671 -0.7602 0.5923
vn 0.4265 -0.8409 0.3332
vn 0.2217 -0.8157 0.5343
vn 0.2975 -0.9219 0.2481
vn 0.1539 -0.8584 0.4893
vn 0.1397 -0.9707 0.1957
vn 0.0696 -0.8845 0.4613
vn -0.0336 -0.9830 0.1804
vn -0.0226 -0.8909 0.4536
vn -0.2046 -0.9573 0.2043
vn -0.1132 -0.8770 0.4670
vn -0.5416 -0.8304 -0.1311
vn -0.3091 -0.9244 -0.2234
vn -0.0447 -0.9646 -0.2601
vn 0.2233 -0.9457 -0.2364
vn 0.4674 -0.8703 -0.1552
vn 0.6668 -0.7449 -0.0238
vn 0.7992 -0.5839 0.1430
vn 0.8543 -0.3996 0.3325
vn 0.8248 -0.2117 0.5242
vn 0.7146 -0.0397 0.6984
vn 0.5328 0.1019 0.8401
vn 0.3003 0.1968 0.9333
vn 0.0352 0.2376 0.9707
vn -0.2340 0.2189 0.9473
vn -0.4792 0.1433 0.8659
vn -0.6793 0.0173 0.7336
vn -0.8117 -0.1446 0.5659
vn -0.8661 -0.3296 0.3758
vn -0.8355 -0.5178 0.1839
vn -0.7241 -0.6896 0.0101
vn -0.4784 -0.8777 0.0274
vn -0.2739 -0.9602 -0.0541
vn -0.0412 -0.9954 -0.0865
vn 0.1946 -0.9787 -0.0656
vn 0.4093 -0.9124 0.0058
vn 0.5847 -0.8021 0.1214
vn 0.7012 -0.6605 0.2683
vn 0.7498 -0.4985 0.4351
vn 0.7239 -0.3334 0.6040
vn 0.6269 -0.1822 0.7575
vn 0.4670 -0.0578 0.8824
vn 0.2624 0.0257 0.9646
vn 0.0290 0.0615 0.9977
vn -0.2079 0.0449 0.9771
vn -0.4237 -0.0217 0.9055
vn -0.5998 -0.1326 0.7891
vn -0.7163 -0.2749 0.6413
vn -0.7641 -0.4376 0.4739
vn -0.7372 -0.6031 0.3048
vn -0.6390 -0.7541 0.1516
vn -0.0072 -0.7201 0.6938
vt 0.408355 0.751721
vt 0.408351 0.732563
vt 0.405588 0.752077
vt 0.409523 0.751651
vt 0.409519 0.732563
vt 0.413932 0.732562
vt 0.410688 0.732562
vt 0.410692 0.751581
vt 0.413936 0.751580
vt 0.415105 0.751650
vt 0.415101 0.732561
vt 0.389364 0.732567
vt 0.378296 0.732569
vt 0.383834 0.752297
vt 0.389368 0.751725
vt 0.390537 0.751655
vt 0.390533 0.732567
vt 0.394946 0.732566
vt 0.391701 0.732566
vt 0.391705 0.751585
vt 0.394950 0.751584
vt 0.396118 0.751654
vt 0.397286 0.751723
vt 0.397282 0.732565
vt 0.396114 0.732566
vt 0.416273 0.751719
vt 0.416269 0.732561
vt 0.321318 0.825087
vt 0.324172 0.826269
vt 0.324172 0.809618
vt 0.321317 0.810800
vt 0.320135 0.822233
vt 0.320135 0.813655
vt 0.356292 0.810800
vt 0.356292 0.825086
vt 0.357475 0.822232
vt 0.357474 0.813654
vt 0.353438 0.809617
vt 0.353438 0.826269
vt 0.386601 0.752083
vt 0.400054 0.752080
vt 0.402821 0.752297
vt 0.381067 0.752085
vt 0.378300 0.751727
vt 0.265193 0.976495
vt 0.272918 0.967223
vt 0.269662 0.965285
vt 0.266032 0.964453
vt 0.262260 0.964788
vt 0.258774 0.966276
vt 0.255922 0.968770
vt 0.253984 0.972026
vt 0.253152 0.975657
vt 0.253487 0.979429
vt 0.254975 0.982915
vt 0.257470 0.985766
vt 0.260726 0.987704
vt 0.264356 0.988536
vt 0.268128 0.988201
vt 0.271614 0.986713
vt 0.274465 0.984218
vt 0.276403 0.980963
vt 0.277235 0.977332
vt 0.276900 0.973560
vt 0.275412 0.970075
vt 0.269935 0.964603
vt 0.266082 0.963720
vt 0.266056 0.964105
vt 0.269791 0.964961
vt 0.262081 0.964075
vt 0.262175 0.964449
vt 0.258383 0.965653
vt 0.258588 0.965980
vt 0.255358 0.968300
vt 0.255654 0.968547
vt 0.253302 0.971753
vt 0.253660 0.971897
vt 0.252419 0.975606
vt 0.252804 0.975633
vt 0.252774 0.979607
vt 0.253148 0.979514
vt 0.254352 0.983305
vt 0.254680 0.983100
vt 0.256999 0.986330
vt 0.257247 0.986034
vt 0.260452 0.988386
vt 0.260597 0.988028
vt 0.264305 0.989269
vt 0.264332 0.988884
vt 0.268306 0.988914
vt 0.268213 0.988540
vt 0.272004 0.987335
vt 0.271799 0.987008
vt 0.275029 0.984689
vt 0.274733 0.984442
vt 0.277085 0.981236
vt 0.276727 0.981092
vt 0.277968 0.977383
vt 0.277583 0.977356
vt 0.277613 0.973382
vt 0.277239 0.973475
vt 0.276035 0.969684
vt 0.275708 0.969889
vt 0.273388 0.966659
vt 0.273141 0.966955
vt 0.165755 0.742426
vt 0.166409 0.742183
vt 0.166660 0.743391
vt 0.166363 0.743500
vt 0.165203 0.742865
vt 0.166112 0.743700
vt 0.164817 0.743453
vt 0.165935 0.743967
vt 0.164637 0.744130
vt 0.165850 0.744276
vt 0.164677 0.744831
vt 0.165863 0.744597
vt 0.164897 0.745485
vt 0.165967 0.744895
vt 0.165314 0.746046
vt 0.166159 0.745150
vt 0.165887 0.746448
vt 0.166420 0.745332
vt 0.166559 0.746649
vt 0.166725 0.745423
vt 0.167262 0.746630
vt 0.167044 0.745413
vt 0.167918 0.746397
vt 0.167341 0.745307
vt 0.168481 0.745964
vt 0.167597 0.745110
vt 0.168887 0.745376
vt 0.167780 0.744842
vt 0.169092 0.744688
vt 0.167873 0.744530
vt 0.169077 0.743970
vt 0.167865 0.744204
vt 0.168848 0.743301
vt 0.167760 0.743902
vt 0.168416 0.742730
vt 0.167565 0.743644
vt 0.167813 0.742338
vt 0.167295 0.743464
vt 0.167122 0.742150
vt 0.166983 0.743377
vt 0.165540 0.737801
vt 0.164124 0.728934
vt 0.168994 0.728837
vt 0.167660 0.737709
vt 0.173618 0.730247
vt 0.169714 0.738268
vt 0.177551 0.733016
vt 0.171516 0.739417
vt 0.180564 0.736750
vt 0.172765 0.741148
vt 0.182256 0.741166
vt 0.173459 0.743118
vt 0.182529 0.745993
vt 0.173525 0.745232
vt 0.181291 0.750694
vt 0.172940 0.747260
vt 0.178648 0.754806
vt 0.171756 0.749006
vt 0.174848 0.757911
vt 0.170090 0.750299
vt 0.170330 0.759675
vt 0.168139 0.751008
vt 0.165379 0.759974
vt 0.166029 0.751081
vt 0.160556 0.758708
vt 0.164003 0.750493
vt 0.156341 0.755985
vt 0.162268 0.749300
vt 0.153168 0.752071
vt 0.161011 0.747626
vt 0.151368 0.747435
vt 0.160378 0.745676
vt 0.151278 0.742381
vt 0.160225 0.743597
vt 0.152743 0.737569
vt 0.160765 0.741574
vt 0.155606 0.733479
vt 0.161927 0.739820
vt 0.159562 0.730507
vt 0.163586 0.738517
vt 0.166023 0.740301
vt 0.167341 0.740241
vt 0.168617 0.740590
vt 0.169724 0.741318
vt 0.170554 0.742352
vt 0.170968 0.743597
vt 0.170996 0.744926
vt 0.170621 0.746194
vt 0.169876 0.747282
vt 0.168836 0.748083
vt 0.167623 0.748517
vt 0.166317 0.748555
vt 0.165068 0.748185
vt 0.164002 0.747443
vt 0.163229 0.746405
vt 0.162830 0.745195
vt 0.162744 0.743902
vt 0.163075 0.742649
vt 0.163789 0.741562
vt 0.164813 0.740750
vt 0.166916 0.744364
s 1
usemtl controllerMATphongRT
f 2597/2621/3110 2598/2622/3111 2626/2623/3112
f 2598/2622/3111 2597/2621/3110 2613/2624/3113 2614/2625/3114
f 2604/2626/3115 2602/2627/3116 2601/2628/3117 2603/2629/3118
f 2604/2626/3115 2603/2629/3118 2615/2630/3119 2616/2631/3120
f 2608/2632/3121 2606/2633/3122 2623/2634/3123
f 2608/2632/3121 2607/2635/3124 2617/2636/3125 2618/2637/3126
f 2612/2638/3127 2610/2639/3128 2609/2640/3129 2611/2641/3130
f 2620/2642/3131 2599/2643/3132 2600/2644/3133 2619/2645/3134
f 2614/2625/3114 2613/2624/3113 2601/2628/3117 2602/2627/3116
f 2616/2631/3120 2615/2630/3119 2605/2646/3135 2606/2647/3122
f 2618/2637/3126 2617/2636/3125 2609/2640/3129 2610/2639/3128
f 2611/2641/3130 2620/2642/3131 2619/2645/3134 2612/2638/3127
f 2616/2648/3136 2606/2649/3136 2598/2650/3136 2614/2651/3136
f 2604/2652/3136 2616/2648/3136 2614/2651/3136 2602/2653/3136
f 2619/2654/3136 2618/2655/3136 2610/2656/3136 2612/2657/3136
f 2600/2658/3136 2598/2650/3136 2606/2649/3136 2608/2659/3136
f 2619/2654/3136 2600/2658/3136 2608/2659/3136 2618/2655/3136
f 2607/2635/3124 2608/2632/3121 2621/2660/3123
f 2622/2661/3112 2624/2662/3112 2600/2644/3133
f 2626/2623/3112 2598/2622/3111 2624/2662/3112
f 2622/2661/3112 2600/2644/3133 2599/2643/3132
f 2625/2663/3123 2606/2633/3122 2605/2664/3135
f 2606/2633/3122 2625/2663/3123 2623/2634/3123
f 2608/2632/3121 2623/2634/3123 2621/2660/3123
f 2624/2662/3112 2598/2622/3111 2600/2644/3133
f 2647/2665/3136 2645/2666/3137 2646/2667/3138
f 2647/2665/3136 2646/2667/3138 2627/2668/3139
f 2647/2665/3136 2627/2668/3139 2628/2669/3140
f 2647/2665/3136 2628/2669/3140 2629/2670/3141
f 2647/2665/3136 2629/2670/3141 2630/2671/3142
f 2647/2665/3136 2630/2671/3142 2631/2672/3143
f 2647/2665/3136 2631/2672/3143 2632/2673/3144
f 2647/2665/3136 2632/2673/3144 2633/2674/3145
f 2647/2665/3136 2633/2674/3145 2634/2675/3146
f 2647/2665/3136 2634/2675/3146 2635/2676/3147
f 2647/2665/3136 2635/2676/3147 2636/2677/3148
f 2647/2665/3136 2636/2677/3148 2637/2678/3149
f 2647/2665/3136 2637/2678/3149 2638/2679/3150
f 2647/2665/3136 2638/2679/3150 2639/2680/3151
f 2647/2665/3136 2639/2680/3151 2640/2681/3152
f 2647/2665/3136 2640/2681/3152 2641/2682/3153
f 2647/2665/3136 2641/2682/3153 2642/2683/3154
f 2647/2665/3136 2642/2683/3154 2643/2684/3155
f 2647/2665/3136 2643/2684/3155 2644/2685/3156
f 2647/2665/3136 2644/2685/3156 2645/2666/3137
f 2648/2686/3157 2649/2687/3158 2686/2688/3159 2687/2689/3160
f 2649/2687/3158 2650/2690/3161 2685/2691/3162 2686/2688/3159
f 2650/2690/3161 2651/2692/3163 2684/2693/3164 2685/2691/3162
f 2651/2692/3163 2652/2694/3165 2683/2695/3166 2684/2693/3164
f 2652/2694/3165 2653/2696/3167 2682/2697/3168 2683/2695/3166
f 2653/2696/3167 2654/2698/3169 2681/2699/3170 2682/2697/3168
f 2654/2698/3169 2655/2700/3171 2680/2701/3172 2681/2699/3170
f 2655/2700/3171 2656/2702/3173 2679/2703/3174 2680/2701/3172
f 2656/2702/3173 2657/2704/3175 2678/2705/3176 2679/2703/3174
f 2657/2704/3175 2658/2706/3177 2677/2707/3178 2678/2705/3176
f 2658/2706/3177 2659/2708/3179 2676/2709/3180 2677/2707/3178
f 2659/2708/3179 2660/2710/3181 2675/2711/3182 2676/2709/3180
f 2660/2710/3181 2661/2712/3183 2674/2713/3184 2675/2711/3182
f 2661/2712/3183 2662/2714/3185 2673/2715/3186 2674/2713/3184
f 2662/2714/3185 2663/2716/3187 2672/2717/3188 2673/2715/3186
f 2663/2716/3187 2664/2718/3189 2671/2719/3190 2672/2717/3188
f 2664/2718/3189 2665/2720/3191 2670/2721/3192 2671/2719/3190
f 2665/2720/3191 2666/2722/3193 2669/2723/3194 2670/2721/3192
f 2666/2722/3193 2667/2724/3195 2668/2725/3196 2669/2723/3194
f 2667/2724/3195 2648/2686/3157 2687/2689/3160 2668/2725/3196
f 2668/2725/3196 2687/2689/3160 2646/2667/3138 2645/2666/3137
f 2669/2723/3194 2668/2725/3196 2645/2666/3137 2644/2685/3156
f 2670/2721/3192 2669/2723/3194 2644/2685/3156 2643/2684/3155
f 2671/2719/3190 2670/2721/3192 2643/2684/3155 2642/2683/3154
f 2672/2717/3188 2671/2719/3190 2642/2683/3154 2641/2682/3153
f 2673/2715/3186 2672/2717/3188 2641/2682/3153 2640/2681/3152
f 2674/2713/3184 2673/2715/3186 2640/2681/3152 2639/2680/3151
f 2675/2711/3182 2674/2713/3184 2639/2680/3151 2638/2679/3150
f 2676/2709/3180 2675/2711/3182 2638/2679/3150 2637/2678/3149
f 2677/2707/3178 2676/2709/3180 2637/2678/3149 2636/2677/3148
f 2678/2705/3176 2677/2707/3178 2636/2677/3148 2635/2676/3147
f 2679/2703/3174 2678/2705/3176 2635/2676/3147 2634/2675/3146
f 2680/2701/3172 2679/2703/3174 2634/2675/3146 2633/2674/3145
f 2681/2699/3170 2680/2701/3172 2633/2674/3145 2632/2673/3144
f 2682/2697/3168 2681/2699/3170 2632/2673/3144 2631/2672/3143
f 2683/2695/3166 2682/2697/3168 2631/2672/3143 2630/2671/3142
f 2684/2693/3164 2683/2695/3166 2630/2671/3142 2629/2670/3141
f 2685/2691/3162 2684/2693/3164 2629/2670/3141 2628/2669/3140
f 2686/2688/3159 2685/2691/3162 2628/2669/3140 2627/2668/3139
f 2687/2689/3160 2686/2688/3159 2627/2668/3139 2646/2667/3138
f 2746/2726/3197 2747/2727/3198 2688/2728/3199 2689/2729/3200
f 2745/2730/3201 2746/2726/3197 2689/2729/3200 2690/2731/3202
f 2744/2732/3203 2745/2730/3201 2690/2731/3202 2691/2733/3204
f 2743/2734/3205 2744/2732/3203 2691/2733/3204 2692/2735/3206
f 2742/2736/3207 2743/2734/3205 2692/2735/3206 2693/2737/3208
f 2741/2738/3209 2742/2736/3207 2693/2737/3208 2694/2739/3210
f 2740/2740/3211 2741/2738/3209 2694/2739/3210 2695/2741/3212
f 2739/2742/3213 2740/2740/3211 2695/2741/3212 2696/2743/3214
f 2738/2744/3215 2739/2742/3213 2696/2743/3214 2697/2745/3216
f 2737/2746/3217 2738/2744/3215 2697/2745/3216 2698/2747/3218
f 2736/2748/3219 2737/2746/3217 2698/2747/3218 2699/2749/3220
f 2735/2750/3221 2736/2748/3219 2699/2749/3220 2700/2751/3222
f 2734/2752/3223 2735/2750/3221 2700/2751/3222 2701/2753/3224
f 2733/2754/3225 2734/2752/3223 2701/2753/3224 2702/2755/3226
f 2732/2756/3227 2733/2754/3225 2702/2755/3226 2703/2757/3228
f 2731/2758/3229 2732/2756/3227 2703/2757/3228 2704/2759/3230
f 2730/2760/3231 2731/2758/3229 2704/2759/3230 2705/2761/3232
f 2729/2762/3233 2730/2760/3231 2705/2761/3232 2706/2763/3234
f 2728/2764/3235 2729/2762/3233 2706/2763/3234 2707/2765/3236
f 2747/2727/3198 2728/2764/3235 2707/2765/3236 2688/2728/3199
f 2727/2766/3237 2648/2767/3157 2667/2768/3195 2708/2769/3238
f 2667/2768/3195 2666/2770/3193 2709/2771/3239 2708/2769/3238
f 2666/2770/3193 2665/2772/3191 2710/2773/3240 2709/2771/3239
f 2665/2772/3191 2664/2774/3189 2711/2775/3241 2710/2773/3240
f 2664/2774/3189 2663/2776/3187 2712/2777/3242 2711/2775/3241
f 2663/2776/3187 2662/2778/3185 2713/2779/3243 2712/2777/3242
f 2662/2778/3185 2661/2780/3183 2714/2781/3244 2713/2779/3243
f 2661/2780/3183 2660/2782/3181 2715/2783/3245 2714/2781/3244
f 2660/2782/3181 2659/2784/3179 2716/2785/3246 2715/2783/3245
f 2659/2784/3179 2658/2786/3177 2717/2787/3247 2716/2785/3246
f 2658/2786/3177 2657/2788/3175 2718/2789/3248 2717/2787/3247
f 2657/2788/3175 2656/2790/3173 2719/2791/3249 2718/2789/3248
f 2656/2790/3173 2655/2792/3171 2720/2793/3250 2719/2791/3249
f 2655/2792/3171 2654/2794/3169 2721/2795/3251 2720/2793/3250
f 2654/2794/3169 2653/2796/3167 2722/2797/3252 2721/2795/3251
f 2653/2796/3167 2652/2798/3165 2723/2799/3253 2722/2797/3252
f 2652/2798/3165 2651/2800/3163 2724/2801/3254 2723/2799/3253
f 2651/2800/3163 2650/2802/3161 2725/2803/3255 2724/2801/3254
f 2650/2802/3161 2649/2804/3158 2726/2805/3256 2725/2803/3255
f 2649/2804/3158 2648/2767/3157 2727/2766/3237 2726/2805/3256
f 2768/2806/3257 2749/2807/3258 2728/2764/3235 2747/2727/3198
f 2749/2807/3258 2750/2808/3259 2729/2762/3233 2728/2764/3235
f 2750/2808/3259 2751/2809/3260 2730/2760/3231 2729/2762/3233
f 2751/2809/3260 2752/2810/3261 2731/2758/3229 2730/2760/3231
f 2752/2810/3261 2753/2811/3262 2732/2756/3227 2731/2758/3229
f 2753/2811/3262 2754/2812/3263 2733/2754/3225 2732/2756/3227
f 2754/2812/3263 2755/2813/3264 2734/2752/3223 2733/2754/3225
f 2755/2813/3264 2756/2814/3265 2735/2750/3221 2734/2752/3223
f 2756/2814/3265 2757/2815/3266 2736/2748/3219 2735/2750/3221
f 2757/2815/3266 2758/2816/3267 2737/2746/3217 2736/2748/3219
f 2758/2816/3267 2759/2817/3268 2738/2744/3215 2737/2746/3217
f 2759/2817/3268 2760/2818/3269 2739/2742/3213 2738/2744/3215
f 2760/2818/3269 2761/2819/3270 2740/2740/3211 2739/2742/3213
f 2761/2819/3270 2762/2820/3271 2741/2738/3209 2740/2740/3211
f 2762/2820/3271 2763/2821/3272 2742/2736/3207 2741/2738/3209
f 2763/2821/3272 2764/2822/3273 2743/2734/3205 2742/2736/3207
f 2764/2822/3273 2765/2823/3274 2744/2732/3203 2743/2734/3205
f 2765/2823/3274 2766/2824/3275 2745/2730/3201 2744/2732/3203
f 2766/2824/3275 2767/2825/3276 2746/2726/3197 2745/2730/3201
f 2767/2825/3276 2768/2806/3257 2747/2727/3198 2746/2726/3197
f 2689/2729/3200 2688/2728/3199 2748/2826/3277
f 2690/2731/3202 2689/2729/3200 2748/2826/3277
f 2691/2733/3204 2690/2731/3202 2748/2826/3277
f 2692/2735/3206 2691/2733/3204 2748/2826/3277
f 2693/2737/3208 2692/2735/3206 2748/2826/3277
f 2694/2739/3210 2693/2737/3208 2748/2826/3277
f 2695/2741/3212 2694/2739/3210 2748/2826/3277
f 2696/2743/3214 2695/2741/3212 2748/2826/3277
f 2697/2745/3216 2696/2743/3214 2748/2826/3277
f 2698/2747/3218 2697/2745/3216 2748/2826/3277
f 2699/2749/3220 2698/2747/3218 2748/2826/3277
f 2700/2751/3222 2699/2749/3220 2748/2826/3277
f 2701/2753/3224 2700/2751/3222 2748/2826/3277
f 2702/2755/3226 2701/2753/3224 2748/2826/3277
f 2703/2757/3228 2702/2755/3226 2748/2826/3277
f 2704/2759/3230 2703/2757/3228 2748/2826/3277
f 2705/2761/3232 2704/2759/3230 2748/2826/3277
f 2706/2763/3234 2705/2761/3232 2748/2826/3277
f 2707/2765/3236 2706/2763/3234 2748/2826/3277
f 2688/2728/3199 2707/2765/3236 2748/2826/3277
f 2750/2808/3259 2749/2807/3258 2708/2769/3238 2709/2771/3239
f 2751/2809/3260 2750/2808/3259 2709/2771/3239 2710/2773/3240
f 2752/2810/3261 2751/2809/3260 2710/2773/3240 2711/2775/3241
f 2753/2811/3262 2752/2810/3261 2711/2775/3241 2712/2777/3242
f 2754/2812/3263 2753/2811/3262 2712/2777/3242 2713/2779/3243
f 2755/2813/3264 2754/2812/3263 2713/2779/3243 2714/2781/3244
f 2756/2814/3265 2755/2813/3264 2714/2781/3244 2715/2783/3245
f 2757/2815/3266 2756/2814/3265 2715/2783/3245 2716/2785/3246
f 2758/2816/3267 2757/2815/3266 2716/2785/3246 2717/2787/3247
f 2759/2817/3268 2758/2816/3267 2717/2787/3247 2718/2789/3248
f 2760/2818/3269 2759/2817/3268 2718/2789/3248 2719/2791/3249
f 2761/2819/3270 2760/2818/3269 2719/2791/3249 2720/2793/3250
f 2762/2820/3271 2761/2819/3270 2720/2793/3250 2721/2795/3251
f 2763/2821/3272 2762/2820/3271 2721/2795/3251 2722/2797/3252
f 2764/2822/3273 2763/2821/3272 2722/2797/3252 2723/2799/3253
f 2765/2823/3274 2764/2822/3273 2723/2799/3253 2724/2801/3254
f 2766/2824/3275 2765/2823/3274 2724/2801/3254 2725/2803/3255
f 2767/2825/3276 2766/2824/3275 2725/2803/3255 2726/2805/3256
f 2768/2806/3257 2767/2825/3276 2726/2805/3256 2727/2766/3237
f 2749/2807/3258 2768/2806/3257 2727/2766/3237 2708/2769/3238
